ISO-10303-21;
HEADER;
/* Generated by software containing ST-Developer
 * from STEP Tools, Inc. (www.steptools.com) 
 */

FILE_DESCRIPTION(
/* description */ (''),
/* implementation_level */ '2;1');

FILE_NAME(
/* name */ 'Pie+Tobillo Prototipo 1.step',
/* time_stamp */ '2026-05-13T19:09:34-04:00',
/* author */ (''),
/* organization */ (''),
/* preprocessor_version */ 'ST-DEVELOPER v20.1',
/* originating_system */ 'Autodesk Translation Framework v15.8.0.0',
/* authorisation */ '');

FILE_SCHEMA (('AUTOMOTIVE_DESIGN { 1 0 10303 214 3 1 1 }'));
ENDSEC;

DATA;
#10=MECHANICAL_DESIGN_GEOMETRIC_PRESENTATION_REPRESENTATION('',(#267,#268,
#269,#270,#271,#272,#273,#274,#275,#276,#277,#278,#279,#280,#281,#282,#283,
#284,#285,#286,#287,#288),#11809);
#11=CONTEXT_DEPENDENT_OVER_RIDING_STYLED_ITEM('',(#11866),#11835,#288,(#22));
#12=MAPPED_ITEM('',#13,#4740);
#13=REPRESENTATION_MAP(#4740,#11831);
#14=ITEM_DEFINED_TRANSFORMATION($,$,#4220,#4735);
#15=ITEM_DEFINED_TRANSFORMATION($,$,#4555,#4736);
#16=ITEM_DEFINED_TRANSFORMATION($,$,#4641,#4737);
#17=ITEM_DEFINED_TRANSFORMATION($,$,#4695,#4738);
#18=ITEM_DEFINED_TRANSFORMATION($,$,#4726,#4739);
#19=(
REPRESENTATION_RELATIONSHIP($,$,#11832,#11831)
REPRESENTATION_RELATIONSHIP_WITH_TRANSFORMATION(#14)
SHAPE_REPRESENTATION_RELATIONSHIP()
);
#20=(
REPRESENTATION_RELATIONSHIP($,$,#11833,#11831)
REPRESENTATION_RELATIONSHIP_WITH_TRANSFORMATION(#15)
SHAPE_REPRESENTATION_RELATIONSHIP()
);
#21=(
REPRESENTATION_RELATIONSHIP($,$,#11834,#11831)
REPRESENTATION_RELATIONSHIP_WITH_TRANSFORMATION(#16)
SHAPE_REPRESENTATION_RELATIONSHIP()
);
#22=(
REPRESENTATION_RELATIONSHIP($,$,#11835,#11831)
REPRESENTATION_RELATIONSHIP_WITH_TRANSFORMATION(#17)
SHAPE_REPRESENTATION_RELATIONSHIP()
);
#23=(
REPRESENTATION_RELATIONSHIP($,$,#11836,#11831)
REPRESENTATION_RELATIONSHIP_WITH_TRANSFORMATION(#18)
SHAPE_REPRESENTATION_RELATIONSHIP()
);
#24=CONTEXT_DEPENDENT_SHAPE_REPRESENTATION(#19,#11826);
#25=CONTEXT_DEPENDENT_SHAPE_REPRESENTATION(#20,#11827);
#26=CONTEXT_DEPENDENT_SHAPE_REPRESENTATION(#21,#11828);
#27=CONTEXT_DEPENDENT_SHAPE_REPRESENTATION(#22,#11829);
#28=CONTEXT_DEPENDENT_SHAPE_REPRESENTATION(#23,#11830);
#29=NEXT_ASSEMBLY_USAGE_OCCURRENCE('5972K91_Steel Ball Bearing:1',
'5972K91_Steel Ball Bearing:1','5972K91_Steel Ball Bearing:1',#11838,#11839,
'5972K91_Steel Ball Bearing:1');
#30=NEXT_ASSEMBLY_USAGE_OCCURRENCE(
'90035A234_High-Strength A286 Stainless Steel Socket Head Screw:1',
'90035A234_High-Strength A286 Stainless Steel Socket Head Screw:1',
'90035A234_High-Strength A286 Stainless Steel Socket Head Screw:1',#11838,
#11840,
'90035A234_High-Strength A286 Stainless Steel Socket Head Screw:1');
#31=NEXT_ASSEMBLY_USAGE_OCCURRENCE('Tobillo:1','Tobillo:1','Tobillo:1',
#11838,#11841,'Tobillo:1');
#32=NEXT_ASSEMBLY_USAGE_OCCURRENCE('Pie:1','Pie:1','Pie:1',#11838,#11842,
'Pie:1');
#33=NEXT_ASSEMBLY_USAGE_OCCURRENCE('Tibia:1','Tibia:1','Tibia:1',#11838,
#11843,'Tibia:1');
#34=(
BOUNDED_SURFACE()
B_SPLINE_SURFACE(1,2,((#9826,#9827,#9828,#9829,#9830,#9831,#9832,#9833,
#9834,#9835,#9836,#9837,#9838,#9839,#9840,#9841,#9842,#9843,#9844,#9845,
#9846,#9847,#9848,#9849,#9850,#9851,#9852,#9853,#9854,#9855,#9856,#9857,
#9858,#9859,#9860,#9861,#9862,#9863,#9864,#9865,#9866,#9867,#9868,#9869,
#9870,#9871,#9872,#9873,#9874,#9875,#9876,#9877,#9878,#9879,#9880,#9881,
#9882,#9883,#9884,#9885,#9886,#9887,#9888,#9889,#9890,#9891,#9892,#9893,
#9894,#9895,#9896,#9897,#9898,#9899,#9900,#9901,#9902,#9903,#9904,#9905,
#9906,#9907,#9908,#9909,#9910,#9911,#9912,#9913,#9914,#9915,#9916,#9917,
#9918,#9919,#9920,#9921,#9922,#9923,#9924,#9925,#9926,#9927,#9928,#9929,
#9930,#9931,#9932,#9933,#9934,#9935,#9936,#9937,#9938,#9939,#9940,#9941,
#9942,#9943,#9944,#9945,#9946,#9947,#9948,#9949,#9950,#9951,#9952,#9953,
#9954,#9955,#9956,#9957,#9958,#9959,#9960,#9961,#9962,#9963,#9964,#9965,
#9966,#9967,#9968,#9969,#9970,#9971,#9972,#9973,#9974,#9975,#9976,#9977,
#9978,#9979,#9980,#9981,#9982,#9983,#9984,#9985,#9986,#9987,#9988,#9989,
#9990,#9991,#9992,#9993,#9994,#9995,#9996,#9997,#9998,#9999,#10000,#10001,
#10002,#10003,#10004,#10005,#10006,#10007,#10008,#10009,#10010,#10011,#10012,
#10013,#10014,#10015,#10016,#10017,#10018,#10019,#10020,#10021,#10022,#10023,
#10024,#10025,#10026,#10027,#10028,#10029,#10030,#10031,#10032,#10033,#10034,
#10035,#10036,#10037,#10038,#10039,#10040,#10041,#10042,#10043,#10044,#10045,
#10046,#10047,#10048,#10049,#10050,#10051,#10052,#10053,#10054,#10055,#10056,
#10057,#10058,#10059,#10060,#10061,#10062,#10063,#10064,#10065,#10066,#10067,
#10068,#10069,#10070,#10071,#10072,#10073,#10074,#10075,#10076,#10077,#10078,
#10079,#10080,#10081,#10082,#10083,#10084,#10085,#10086,#10087,#10088,#10089,
#10090,#10091,#10092,#10093,#10094,#10095,#10096,#10097,#10098,#10099,#10100,
#10101,#10102,#10103,#10104,#10105,#10106,#10107,#10108,#10109,#10110,#10111,
#10112,#10113,#10114,#10115,#10116,#10117,#10118,#10119,#10120,#10121,#10122,
#10123,#10124,#10125,#10126,#10127,#10128,#10129,#10130,#10131,#10132,#10133,
#10134,#10135,#10136,#10137,#10138,#10139,#10140,#10141,#10142,#10143,#10144,
#10145,#10146,#10147,#10148,#10149,#10150,#10151,#10152,#10153,#10154,#10155,
#10156,#10157,#10158,#10159,#10160,#10161,#10162,#10163,#10164,#10165,#10166,
#10167,#10168,#10169,#10170,#10171,#10172,#10173,#10174,#10175,#10176,#10177,
#10178,#10179,#10180,#10181,#10182,#10183,#10184,#10185,#10186,#10187,#10188,
#10189,#10190,#10191,#10192,#10193,#10194,#10195,#10196,#10197,#10198,#10199,
#10200,#10201,#10202,#10203,#10204,#10205,#10206,#10207,#10208,#10209,#10210,
#10211,#10212,#10213,#10214,#10215,#10216,#10217,#10218,#10219,#10220,#10221,
#10222,#10223,#10224,#10225,#10226),(#10227,#10228,#10229,#10230,#10231,
#10232,#10233,#10234,#10235,#10236,#10237,#10238,#10239,#10240,#10241,#10242,
#10243,#10244,#10245,#10246,#10247,#10248,#10249,#10250,#10251,#10252,#10253,
#10254,#10255,#10256,#10257,#10258,#10259,#10260,#10261,#10262,#10263,#10264,
#10265,#10266,#10267,#10268,#10269,#10270,#10271,#10272,#10273,#10274,#10275,
#10276,#10277,#10278,#10279,#10280,#10281,#10282,#10283,#10284,#10285,#10286,
#10287,#10288,#10289,#10290,#10291,#10292,#10293,#10294,#10295,#10296,#10297,
#10298,#10299,#10300,#10301,#10302,#10303,#10304,#10305,#10306,#10307,#10308,
#10309,#10310,#10311,#10312,#10313,#10314,#10315,#10316,#10317,#10318,#10319,
#10320,#10321,#10322,#10323,#10324,#10325,#10326,#10327,#10328,#10329,#10330,
#10331,#10332,#10333,#10334,#10335,#10336,#10337,#10338,#10339,#10340,#10341,
#10342,#10343,#10344,#10345,#10346,#10347,#10348,#10349,#10350,#10351,#10352,
#10353,#10354,#10355,#10356,#10357,#10358,#10359,#10360,#10361,#10362,#10363,
#10364,#10365,#10366,#10367,#10368,#10369,#10370,#10371,#10372,#10373,#10374,
#10375,#10376,#10377,#10378,#10379,#10380,#10381,#10382,#10383,#10384,#10385,
#10386,#10387,#10388,#10389,#10390,#10391,#10392,#10393,#10394,#10395,#10396,
#10397,#10398,#10399,#10400,#10401,#10402,#10403,#10404,#10405,#10406,#10407,
#10408,#10409,#10410,#10411,#10412,#10413,#10414,#10415,#10416,#10417,#10418,
#10419,#10420,#10421,#10422,#10423,#10424,#10425,#10426,#10427,#10428,#10429,
#10430,#10431,#10432,#10433,#10434,#10435,#10436,#10437,#10438,#10439,#10440,
#10441,#10442,#10443,#10444,#10445,#10446,#10447,#10448,#10449,#10450,#10451,
#10452,#10453,#10454,#10455,#10456,#10457,#10458,#10459,#10460,#10461,#10462,
#10463,#10464,#10465,#10466,#10467,#10468,#10469,#10470,#10471,#10472,#10473,
#10474,#10475,#10476,#10477,#10478,#10479,#10480,#10481,#10482,#10483,#10484,
#10485,#10486,#10487,#10488,#10489,#10490,#10491,#10492,#10493,#10494,#10495,
#10496,#10497,#10498,#10499,#10500,#10501,#10502,#10503,#10504,#10505,#10506,
#10507,#10508,#10509,#10510,#10511,#10512,#10513,#10514,#10515,#10516,#10517,
#10518,#10519,#10520,#10521,#10522,#10523,#10524,#10525,#10526,#10527,#10528,
#10529,#10530,#10531,#10532,#10533,#10534,#10535,#10536,#10537,#10538,#10539,
#10540,#10541,#10542,#10543,#10544,#10545,#10546,#10547,#10548,#10549,#10550,
#10551,#10552,#10553,#10554,#10555,#10556,#10557,#10558,#10559,#10560,#10561,
#10562,#10563,#10564,#10565,#10566,#10567,#10568,#10569,#10570,#10571,#10572,
#10573,#10574,#10575,#10576,#10577,#10578,#10579,#10580,#10581,#10582,#10583,
#10584,#10585,#10586,#10587,#10588,#10589,#10590,#10591,#10592,#10593,#10594,
#10595,#10596,#10597,#10598,#10599,#10600,#10601,#10602,#10603,#10604,#10605,
#10606,#10607,#10608,#10609,#10610,#10611,#10612,#10613,#10614,#10615,#10616,
#10617,#10618,#10619,#10620,#10621,#10622,#10623,#10624,#10625,#10626,#10627)),
 .UNSPECIFIED.,.F.,.F.,.F.)
B_SPLINE_SURFACE_WITH_KNOTS((2,2),(3,2,2,2,2,2,2,2,2,2,2,2,2,2,2,2,2,2,
2,2,2,2,2,2,2,2,2,2,2,2,2,2,2,2,2,2,2,2,2,2,2,2,2,2,2,2,2,2,2,2,2,2,2,2,
2,2,2,2,2,2,2,2,2,2,2,2,2,2,2,2,2,2,2,2,2,2,2,2,2,2,2,2,2,2,2,2,2,2,2,2,
2,2,2,2,2,2,2,2,2,2,2,2,2,2,2,2,2,2,2,2,2,2,2,2,2,2,2,2,2,2,2,2,2,2,2,2,
2,2,2,2,2,2,2,2,2,2,2,2,2,2,2,2,2,2,2,2,2,2,2,2,2,2,2,2,2,2,2,2,2,2,2,2,
2,2,2,2,2,2,2,2,2,2,2,2,2,2,2,2,2,2,2,2,2,2,2,2,2,2,2,2,2,2,2,2,2,2,2,2,
2,2,3),(-4.16937405781132E-6,1.),(0.,0.005,0.01,0.015,0.02,0.025,0.03,0.035,
0.04,0.045,0.05,0.055,0.06,0.065,0.07,0.075,0.08,0.085,0.09,0.095,0.1,0.105,
0.11,0.115,0.12,0.125,0.13,0.135,0.14,0.145,0.15,0.155,0.16,0.165,0.17,
0.175,0.18,0.185,0.19,0.195,0.2,0.205,0.21,0.215,0.22,0.225,0.23,0.235,
0.24,0.245,0.25,0.255,0.26,0.265,0.27,0.275,0.28,0.285,0.29,0.295,0.3,0.305,
0.31,0.315,0.32,0.325,0.33,0.335,0.34,0.345,0.35,0.355,0.36,0.365,0.37,
0.375,0.38,0.385,0.39,0.395,0.4,0.405,0.41,0.415,0.42,0.425,0.43,0.435,
0.44,0.445,0.45,0.455,0.46,0.465,0.47,0.475,0.48,0.485,0.49,0.495,0.5,0.505,
0.51,0.515,0.52,0.525,0.53,0.535,0.54,0.545,0.55,0.555,0.56,0.565,0.57,
0.575,0.58,0.585,0.59,0.595,0.6,0.605,0.61,0.615,0.62,0.625,0.63,0.635,
0.64,0.645,0.65,0.655,0.66,0.665,0.67,0.675,0.68,0.685,0.69,0.695,0.7,0.705,
0.71,0.715,0.72,0.725,0.73,0.735,0.74,0.745,0.75,0.755,0.76,0.765,0.77,
0.775,0.78,0.785,0.79,0.795,0.8,0.805,0.81,0.815,0.82,0.825,0.83,0.835,
0.84,0.845,0.85,0.855,0.86,0.865,0.87,0.875,0.88,0.885,0.89,0.895,0.9,0.905,
0.91,0.915,0.92,0.925,0.93,0.935,0.94,0.945,0.95,0.955,0.96,0.965,0.97,
0.975,0.98,0.985,0.99,0.995,1.),.UNSPECIFIED.)
GEOMETRIC_REPRESENTATION_ITEM()
RATIONAL_B_SPLINE_SURFACE(((1.,0.923879532511287,1.,0.923879532511287,1.,
0.923879532511287,1.,0.923879532511287,1.,0.923879532511287,1.,0.923879532511287,
1.,0.923879532511287,1.,0.923879532511287,1.,0.923879532511287,1.,0.923879532511287,
1.,0.923879532511287,1.,0.923879532511287,1.,0.923879532511287,1.,0.923879532511287,
1.,0.923879532511287,1.,0.923879532511287,1.,0.923879532511287,1.,0.923879532511287,
1.,0.923879532511287,1.,0.923879532511287,1.,0.923879532511287,1.,0.923879532511287,
1.,0.923879532511287,1.,0.923879532511287,1.,0.923879532511287,1.,0.923879532511287,
1.,0.923879532511287,1.,0.923879532511287,1.,0.923879532511287,1.,0.923879532511287,
1.,0.923879532511287,1.,0.923879532511287,1.,0.923879532511287,1.,0.923879532511287,
1.,0.923879532511287,1.,0.923879532511287,1.,0.923879532511287,1.,0.923879532511287,
1.,0.923879532511287,1.,0.923879532511287,1.,0.923879532511287,1.,0.923879532511287,
1.,0.923879532511287,1.,0.923879532511287,1.,0.923879532511287,1.,0.923879532511287,
1.,0.923879532511287,1.,0.923879532511287,1.,0.923879532511287,1.,0.923879532511287,
1.,0.923879532511287,1.,0.923879532511287,1.,0.923879532511287,1.,0.923879532511287,
1.,0.923879532511287,1.,0.923879532511287,1.,0.923879532511287,1.,0.923879532511287,
1.,0.923879532511287,1.,0.923879532511287,1.,0.923879532511287,1.,0.923879532511287,
1.,0.923879532511287,1.,0.923879532511287,1.,0.923879532511287,1.,0.923879532511287,
1.,0.923879532511287,1.,0.923879532511287,1.,0.923879532511287,1.,0.923879532511287,
1.,0.923879532511287,1.,0.923879532511287,1.,0.923879532511287,1.,0.923879532511287,
1.,0.923879532511287,1.,0.923879532511287,1.,0.923879532511287,1.,0.923879532511287,
1.,0.923879532511287,1.,0.923879532511287,1.,0.923879532511287,1.,0.923879532511287,
1.,0.923879532511287,1.,0.923879532511287,1.,0.923879532511287,1.,0.923879532511287,
1.,0.923879532511287,1.,0.923879532511287,1.,0.923879532511287,1.,0.923879532511287,
1.,0.923879532511287,1.,0.923879532511287,1.,0.923879532511287,1.,0.923879532511287,
1.,0.923879532511287,1.,0.923879532511287,1.,0.923879532511287,1.,0.923879532511287,
1.,0.923879532511287,1.,0.923879532511287,1.,0.923879532511287,1.,0.923879532511287,
1.,0.923879532511287,1.,0.923879532511287,1.,0.923879532511287,1.,0.923879532511287,
1.,0.923879532511287,1.,0.923879532511287,1.,0.923879532511287,1.,0.923879532511287,
1.,0.923879532511287,1.,0.923879532511287,1.,0.923879532511287,1.,0.923879532511287,
1.,0.923879532511287,1.,0.923879532511287,1.,0.923879532511287,1.,0.923879532511287,
1.,0.923879532511287,1.,0.923879532511287,1.,0.923879532511287,1.,0.923879532511287,
1.,0.923879532511287,1.,0.923879532511287,1.,0.923879532511287,1.,0.923879532511287,
1.,0.923879532511287,1.,0.923879532511287,1.,0.923879532511287,1.,0.923879532511287,
1.,0.923879532511287,1.,0.923879532511287,1.,0.923879532511287,1.,0.923879532511287,
1.,0.923879532511287,1.,0.923879532511287,1.,0.923879532511287,1.,0.923879532511287,
1.,0.923879532511287,1.,0.923879532511287,1.,0.923879532511287,1.,0.923879532511287,
1.,0.923879532511287,1.,0.923879532511287,1.,0.923879532511287,1.,0.923879532511287,
1.,0.923879532511287,1.,0.923879532511287,1.,0.923879532511287,1.,0.923879532511287,
1.,0.923879532511287,1.,0.923879532511287,1.,0.923879532511287,1.,0.923879532511287,
1.,0.923879532511287,1.,0.923879532511287,1.,0.923879532511287,1.,0.923879532511287,
1.,0.923879532511287,1.,0.923879532511287,1.,0.923879532511287,1.,0.923879532511287,
1.,0.923879532511287,1.,0.923879532511287,1.,0.923879532511287,1.,0.923879532511287,
1.,0.923879532511287,1.,0.923879532511287,1.,0.923879532511287,1.,0.923879532511287,
1.,0.923879532511287,1.,0.923879532511287,1.,0.923879532511287,1.,0.923879532511287,
1.,0.923879532511287,1.,0.923879532511287,1.,0.923879532511287,1.,0.923879532511287,
1.,0.923879532511287,1.,0.923879532511287,1.,0.923879532511287,1.,0.923879532511287,
1.,0.923879532511287,1.,0.923879532511287,1.,0.923879532511287,1.,0.923879532511287,
1.,0.923879532511287,1.,0.923879532511287,1.,0.923879532511287,1.,0.923879532511287,
1.,0.923879532511287,1.,0.923879532511287,1.,0.923879532511287,1.,0.923879532511287,
1.,0.923879532511287,1.,0.923879532511287,1.,0.923879532511287,1.,0.923879532511287,
1.,0.923879532511287,1.,0.923879532511287,1.),(1.,0.923879532511287,1.,
0.923879532511287,1.,0.923879532511287,1.,0.923879532511287,1.,0.923879532511287,
1.,0.923879532511287,1.,0.923879532511287,1.,0.923879532511287,1.,0.923879532511287,
1.,0.923879532511287,1.,0.923879532511287,1.,0.923879532511287,1.,0.923879532511287,
1.,0.923879532511287,1.,0.923879532511287,1.,0.923879532511287,1.,0.923879532511287,
1.,0.923879532511287,1.,0.923879532511287,1.,0.923879532511287,1.,0.923879532511287,
1.,0.923879532511287,1.,0.923879532511287,1.,0.923879532511287,1.,0.923879532511287,
1.,0.923879532511287,1.,0.923879532511287,1.,0.923879532511287,1.,0.923879532511287,
1.,0.923879532511287,1.,0.923879532511287,1.,0.923879532511287,1.,0.923879532511287,
1.,0.923879532511287,1.,0.923879532511287,1.,0.923879532511287,1.,0.923879532511287,
1.,0.923879532511287,1.,0.923879532511287,1.,0.923879532511287,1.,0.923879532511287,
1.,0.923879532511287,1.,0.923879532511287,1.,0.923879532511287,1.,0.923879532511287,
1.,0.923879532511287,1.,0.923879532511287,1.,0.923879532511287,1.,0.923879532511287,
1.,0.923879532511287,1.,0.923879532511287,1.,0.923879532511287,1.,0.923879532511287,
1.,0.923879532511287,1.,0.923879532511287,1.,0.923879532511287,1.,0.923879532511287,
1.,0.923879532511287,1.,0.923879532511287,1.,0.923879532511287,1.,0.923879532511287,
1.,0.923879532511287,1.,0.923879532511287,1.,0.923879532511287,1.,0.923879532511287,
1.,0.923879532511287,1.,0.923879532511287,1.,0.923879532511287,1.,0.923879532511287,
1.,0.923879532511287,1.,0.923879532511287,1.,0.923879532511287,1.,0.923879532511287,
1.,0.923879532511287,1.,0.923879532511287,1.,0.923879532511287,1.,0.923879532511287,
1.,0.923879532511287,1.,0.923879532511287,1.,0.923879532511287,1.,0.923879532511287,
1.,0.923879532511287,1.,0.923879532511287,1.,0.923879532511287,1.,0.923879532511287,
1.,0.923879532511287,1.,0.923879532511287,1.,0.923879532511287,1.,0.923879532511287,
1.,0.923879532511287,1.,0.923879532511287,1.,0.923879532511287,1.,0.923879532511287,
1.,0.923879532511287,1.,0.923879532511287,1.,0.923879532511287,1.,0.923879532511287,
1.,0.923879532511287,1.,0.923879532511287,1.,0.923879532511287,1.,0.923879532511287,
1.,0.923879532511287,1.,0.923879532511287,1.,0.923879532511287,1.,0.923879532511287,
1.,0.923879532511287,1.,0.923879532511287,1.,0.923879532511287,1.,0.923879532511287,
1.,0.923879532511287,1.,0.923879532511287,1.,0.923879532511287,1.,0.923879532511287,
1.,0.923879532511287,1.,0.923879532511287,1.,0.923879532511287,1.,0.923879532511287,
1.,0.923879532511287,1.,0.923879532511287,1.,0.923879532511287,1.,0.923879532511287,
1.,0.923879532511287,1.,0.923879532511287,1.,0.923879532511287,1.,0.923879532511287,
1.,0.923879532511287,1.,0.923879532511287,1.,0.923879532511287,1.,0.923879532511287,
1.,0.923879532511287,1.,0.923879532511287,1.,0.923879532511287,1.,0.923879532511287,
1.,0.923879532511287,1.,0.923879532511287,1.,0.923879532511287,1.,0.923879532511287,
1.,0.923879532511287,1.,0.923879532511287,1.,0.923879532511287,1.,0.923879532511287,
1.,0.923879532511287,1.,0.923879532511287,1.,0.923879532511287,1.,0.923879532511287,
1.,0.923879532511287,1.,0.923879532511287,1.,0.923879532511287,1.,0.923879532511287,
1.,0.923879532511287,1.,0.923879532511287,1.,0.923879532511287,1.,0.923879532511287,
1.,0.923879532511287,1.,0.923879532511287,1.,0.923879532511287,1.,0.923879532511287,
1.,0.923879532511287,1.,0.923879532511287,1.,0.923879532511287,1.,0.923879532511287,
1.,0.923879532511287,1.,0.923879532511287,1.,0.923879532511287,1.,0.923879532511287,
1.,0.923879532511287,1.,0.923879532511287,1.,0.923879532511287,1.,0.923879532511287,
1.,0.923879532511287,1.,0.923879532511287,1.,0.923879532511287,1.,0.923879532511287,
1.,0.923879532511287,1.,0.923879532511287,1.,0.923879532511287,1.,0.923879532511287,
1.,0.923879532511287,1.,0.923879532511287,1.,0.923879532511287,1.,0.923879532511287,
1.,0.923879532511287,1.,0.923879532511287,1.,0.923879532511287,1.,0.923879532511287,
1.,0.923879532511287,1.,0.923879532511287,1.,0.923879532511287,1.,0.923879532511287,
1.,0.923879532511287,1.,0.923879532511287,1.,0.923879532511287,1.,0.923879532511287,
1.,0.923879532511287,1.,0.923879532511287,1.,0.923879532511287,1.,0.923879532511287,
1.,0.923879532511287,1.,0.923879532511287,1.,0.923879532511287,1.)))
REPRESENTATION_ITEM('')
SURFACE()
);
#35=(
BOUNDED_SURFACE()
B_SPLINE_SURFACE(1,2,((#10629,#10630,#10631,#10632,#10633,#10634,#10635,
#10636,#10637,#10638,#10639,#10640,#10641,#10642,#10643,#10644,#10645,#10646,
#10647,#10648,#10649,#10650,#10651,#10652,#10653,#10654,#10655,#10656,#10657,
#10658,#10659,#10660,#10661,#10662,#10663,#10664,#10665,#10666,#10667,#10668,
#10669,#10670,#10671,#10672,#10673,#10674,#10675,#10676,#10677,#10678,#10679,
#10680,#10681,#10682,#10683,#10684,#10685,#10686,#10687,#10688,#10689,#10690,
#10691,#10692,#10693,#10694,#10695,#10696,#10697,#10698,#10699,#10700,#10701,
#10702,#10703,#10704,#10705,#10706,#10707,#10708,#10709,#10710,#10711,#10712,
#10713,#10714,#10715,#10716,#10717,#10718,#10719,#10720,#10721,#10722,#10723,
#10724,#10725,#10726,#10727,#10728,#10729,#10730,#10731,#10732,#10733,#10734,
#10735,#10736,#10737,#10738,#10739,#10740,#10741,#10742,#10743,#10744,#10745,
#10746,#10747,#10748,#10749,#10750,#10751,#10752,#10753,#10754,#10755,#10756,
#10757,#10758,#10759,#10760,#10761,#10762,#10763,#10764,#10765,#10766,#10767,
#10768,#10769,#10770,#10771,#10772,#10773,#10774,#10775,#10776,#10777,#10778,
#10779,#10780,#10781,#10782,#10783,#10784,#10785,#10786,#10787,#10788,#10789,
#10790,#10791,#10792,#10793,#10794,#10795,#10796,#10797,#10798,#10799,#10800,
#10801,#10802,#10803,#10804,#10805,#10806,#10807,#10808,#10809,#10810,#10811,
#10812,#10813,#10814,#10815,#10816,#10817,#10818,#10819,#10820,#10821,#10822,
#10823,#10824,#10825,#10826,#10827,#10828,#10829,#10830,#10831,#10832,#10833,
#10834,#10835,#10836,#10837,#10838,#10839,#10840,#10841,#10842,#10843,#10844,
#10845,#10846,#10847,#10848,#10849,#10850,#10851,#10852,#10853,#10854,#10855,
#10856,#10857,#10858,#10859,#10860,#10861,#10862,#10863,#10864,#10865,#10866,
#10867,#10868,#10869,#10870,#10871,#10872,#10873,#10874,#10875,#10876,#10877,
#10878,#10879,#10880,#10881,#10882,#10883,#10884,#10885,#10886,#10887,#10888,
#10889,#10890,#10891,#10892,#10893,#10894,#10895,#10896,#10897,#10898,#10899,
#10900,#10901,#10902,#10903,#10904,#10905,#10906,#10907,#10908,#10909,#10910,
#10911,#10912,#10913,#10914,#10915,#10916,#10917,#10918,#10919,#10920,#10921,
#10922,#10923,#10924,#10925,#10926,#10927,#10928,#10929,#10930,#10931,#10932,
#10933,#10934,#10935,#10936,#10937,#10938,#10939,#10940,#10941,#10942,#10943,
#10944,#10945,#10946,#10947,#10948,#10949,#10950,#10951,#10952,#10953,#10954,
#10955,#10956,#10957,#10958,#10959,#10960,#10961,#10962,#10963,#10964,#10965,
#10966,#10967,#10968,#10969,#10970,#10971,#10972,#10973,#10974,#10975,#10976,
#10977,#10978,#10979,#10980,#10981,#10982,#10983,#10984,#10985,#10986,#10987,
#10988,#10989,#10990,#10991,#10992,#10993,#10994,#10995,#10996,#10997,#10998,
#10999,#11000,#11001,#11002,#11003,#11004,#11005,#11006,#11007,#11008,#11009,
#11010,#11011,#11012,#11013,#11014,#11015,#11016,#11017,#11018,#11019,#11020,
#11021,#11022,#11023,#11024,#11025,#11026,#11027,#11028,#11029),(#11030,
#11031,#11032,#11033,#11034,#11035,#11036,#11037,#11038,#11039,#11040,#11041,
#11042,#11043,#11044,#11045,#11046,#11047,#11048,#11049,#11050,#11051,#11052,
#11053,#11054,#11055,#11056,#11057,#11058,#11059,#11060,#11061,#11062,#11063,
#11064,#11065,#11066,#11067,#11068,#11069,#11070,#11071,#11072,#11073,#11074,
#11075,#11076,#11077,#11078,#11079,#11080,#11081,#11082,#11083,#11084,#11085,
#11086,#11087,#11088,#11089,#11090,#11091,#11092,#11093,#11094,#11095,#11096,
#11097,#11098,#11099,#11100,#11101,#11102,#11103,#11104,#11105,#11106,#11107,
#11108,#11109,#11110,#11111,#11112,#11113,#11114,#11115,#11116,#11117,#11118,
#11119,#11120,#11121,#11122,#11123,#11124,#11125,#11126,#11127,#11128,#11129,
#11130,#11131,#11132,#11133,#11134,#11135,#11136,#11137,#11138,#11139,#11140,
#11141,#11142,#11143,#11144,#11145,#11146,#11147,#11148,#11149,#11150,#11151,
#11152,#11153,#11154,#11155,#11156,#11157,#11158,#11159,#11160,#11161,#11162,
#11163,#11164,#11165,#11166,#11167,#11168,#11169,#11170,#11171,#11172,#11173,
#11174,#11175,#11176,#11177,#11178,#11179,#11180,#11181,#11182,#11183,#11184,
#11185,#11186,#11187,#11188,#11189,#11190,#11191,#11192,#11193,#11194,#11195,
#11196,#11197,#11198,#11199,#11200,#11201,#11202,#11203,#11204,#11205,#11206,
#11207,#11208,#11209,#11210,#11211,#11212,#11213,#11214,#11215,#11216,#11217,
#11218,#11219,#11220,#11221,#11222,#11223,#11224,#11225,#11226,#11227,#11228,
#11229,#11230,#11231,#11232,#11233,#11234,#11235,#11236,#11237,#11238,#11239,
#11240,#11241,#11242,#11243,#11244,#11245,#11246,#11247,#11248,#11249,#11250,
#11251,#11252,#11253,#11254,#11255,#11256,#11257,#11258,#11259,#11260,#11261,
#11262,#11263,#11264,#11265,#11266,#11267,#11268,#11269,#11270,#11271,#11272,
#11273,#11274,#11275,#11276,#11277,#11278,#11279,#11280,#11281,#11282,#11283,
#11284,#11285,#11286,#11287,#11288,#11289,#11290,#11291,#11292,#11293,#11294,
#11295,#11296,#11297,#11298,#11299,#11300,#11301,#11302,#11303,#11304,#11305,
#11306,#11307,#11308,#11309,#11310,#11311,#11312,#11313,#11314,#11315,#11316,
#11317,#11318,#11319,#11320,#11321,#11322,#11323,#11324,#11325,#11326,#11327,
#11328,#11329,#11330,#11331,#11332,#11333,#11334,#11335,#11336,#11337,#11338,
#11339,#11340,#11341,#11342,#11343,#11344,#11345,#11346,#11347,#11348,#11349,
#11350,#11351,#11352,#11353,#11354,#11355,#11356,#11357,#11358,#11359,#11360,
#11361,#11362,#11363,#11364,#11365,#11366,#11367,#11368,#11369,#11370,#11371,
#11372,#11373,#11374,#11375,#11376,#11377,#11378,#11379,#11380,#11381,#11382,
#11383,#11384,#11385,#11386,#11387,#11388,#11389,#11390,#11391,#11392,#11393,
#11394,#11395,#11396,#11397,#11398,#11399,#11400,#11401,#11402,#11403,#11404,
#11405,#11406,#11407,#11408,#11409,#11410,#11411,#11412,#11413,#11414,#11415,
#11416,#11417,#11418,#11419,#11420,#11421,#11422,#11423,#11424,#11425,#11426,
#11427,#11428,#11429,#11430)),.UNSPECIFIED.,.F.,.F.,.F.)
B_SPLINE_SURFACE_WITH_KNOTS((2,2),(3,2,2,2,2,2,2,2,2,2,2,2,2,2,2,2,2,2,
2,2,2,2,2,2,2,2,2,2,2,2,2,2,2,2,2,2,2,2,2,2,2,2,2,2,2,2,2,2,2,2,2,2,2,2,
2,2,2,2,2,2,2,2,2,2,2,2,2,2,2,2,2,2,2,2,2,2,2,2,2,2,2,2,2,2,2,2,2,2,2,2,
2,2,2,2,2,2,2,2,2,2,2,2,2,2,2,2,2,2,2,2,2,2,2,2,2,2,2,2,2,2,2,2,2,2,2,2,
2,2,2,2,2,2,2,2,2,2,2,2,2,2,2,2,2,2,2,2,2,2,2,2,2,2,2,2,2,2,2,2,2,2,2,2,
2,2,2,2,2,2,2,2,2,2,2,2,2,2,2,2,2,2,2,2,2,2,2,2,2,2,2,2,2,2,2,2,2,2,2,2,
2,2,3),(0.,1.00000457971599),(0.,0.005,0.01,0.015,0.02,0.025,0.03,0.035,
0.04,0.045,0.05,0.055,0.06,0.065,0.07,0.075,0.08,0.085,0.09,0.095,0.1,0.105,
0.11,0.115,0.12,0.125,0.13,0.135,0.14,0.145,0.15,0.155,0.16,0.165,0.17,
0.175,0.18,0.185,0.19,0.195,0.2,0.205,0.21,0.215,0.22,0.225,0.23,0.235,
0.24,0.245,0.25,0.255,0.26,0.265,0.27,0.275,0.28,0.285,0.29,0.295,0.3,0.305,
0.31,0.315,0.32,0.325,0.33,0.335,0.34,0.345,0.35,0.355,0.36,0.365,0.37,
0.375,0.38,0.385,0.39,0.395,0.4,0.405,0.41,0.415,0.42,0.425,0.43,0.435,
0.44,0.445,0.45,0.455,0.46,0.465,0.47,0.475,0.48,0.485,0.49,0.495,0.5,0.505,
0.51,0.515,0.52,0.525,0.53,0.535,0.54,0.545,0.55,0.555,0.56,0.565,0.57,
0.575,0.58,0.585,0.59,0.595,0.6,0.605,0.61,0.615,0.62,0.625,0.63,0.635,
0.64,0.645,0.65,0.655,0.66,0.665,0.67,0.675,0.68,0.685,0.69,0.695,0.7,0.705,
0.71,0.715,0.72,0.725,0.73,0.735,0.74,0.745,0.75,0.755,0.76,0.765,0.77,
0.775,0.78,0.785,0.79,0.795,0.8,0.805,0.81,0.815,0.82,0.825,0.83,0.835,
0.84,0.845,0.85,0.855,0.86,0.865,0.87,0.875,0.88,0.885,0.89,0.895,0.9,0.905,
0.91,0.915,0.92,0.925,0.93,0.935,0.94,0.945,0.95,0.955,0.96,0.965,0.97,
0.975,0.98,0.985,0.99,0.995,1.),.UNSPECIFIED.)
GEOMETRIC_REPRESENTATION_ITEM()
RATIONAL_B_SPLINE_SURFACE(((1.,0.923879532511287,1.,0.923879532511287,1.,
0.923879532511287,1.,0.923879532511287,1.,0.923879532511287,1.,0.923879532511287,
1.,0.923879532511287,1.,0.923879532511287,1.,0.923879532511287,1.,0.923879532511287,
1.,0.923879532511287,1.,0.923879532511287,1.,0.923879532511287,1.,0.923879532511287,
1.,0.923879532511287,1.,0.923879532511287,1.,0.923879532511287,1.,0.923879532511287,
1.,0.923879532511287,1.,0.923879532511287,1.,0.923879532511287,1.,0.923879532511287,
1.,0.923879532511287,1.,0.923879532511287,1.,0.923879532511287,1.,0.923879532511287,
1.,0.923879532511287,1.,0.923879532511287,1.,0.923879532511287,1.,0.923879532511287,
1.,0.923879532511287,1.,0.923879532511287,1.,0.923879532511287,1.,0.923879532511287,
1.,0.923879532511287,1.,0.923879532511287,1.,0.923879532511287,1.,0.923879532511287,
1.,0.923879532511287,1.,0.923879532511287,1.,0.923879532511287,1.,0.923879532511287,
1.,0.923879532511287,1.,0.923879532511287,1.,0.923879532511287,1.,0.923879532511287,
1.,0.923879532511287,1.,0.923879532511287,1.,0.923879532511287,1.,0.923879532511287,
1.,0.923879532511287,1.,0.923879532511287,1.,0.923879532511287,1.,0.923879532511287,
1.,0.923879532511287,1.,0.923879532511287,1.,0.923879532511287,1.,0.923879532511287,
1.,0.923879532511287,1.,0.923879532511287,1.,0.923879532511287,1.,0.923879532511287,
1.,0.923879532511287,1.,0.923879532511287,1.,0.923879532511287,1.,0.923879532511287,
1.,0.923879532511287,1.,0.923879532511287,1.,0.923879532511287,1.,0.923879532511287,
1.,0.923879532511287,1.,0.923879532511287,1.,0.923879532511287,1.,0.923879532511287,
1.,0.923879532511287,1.,0.923879532511287,1.,0.923879532511287,1.,0.923879532511287,
1.,0.923879532511287,1.,0.923879532511287,1.,0.923879532511287,1.,0.923879532511287,
1.,0.923879532511287,1.,0.923879532511287,1.,0.923879532511287,1.,0.923879532511287,
1.,0.923879532511287,1.,0.923879532511287,1.,0.923879532511287,1.,0.923879532511287,
1.,0.923879532511287,1.,0.923879532511287,1.,0.923879532511287,1.,0.923879532511287,
1.,0.923879532511287,1.,0.923879532511287,1.,0.923879532511287,1.,0.923879532511287,
1.,0.923879532511287,1.,0.923879532511287,1.,0.923879532511287,1.,0.923879532511287,
1.,0.923879532511287,1.,0.923879532511287,1.,0.923879532511287,1.,0.923879532511287,
1.,0.923879532511287,1.,0.923879532511287,1.,0.923879532511287,1.,0.923879532511287,
1.,0.923879532511287,1.,0.923879532511287,1.,0.923879532511287,1.,0.923879532511287,
1.,0.923879532511287,1.,0.923879532511287,1.,0.923879532511287,1.,0.923879532511287,
1.,0.923879532511287,1.,0.923879532511287,1.,0.923879532511287,1.,0.923879532511287,
1.,0.923879532511287,1.,0.923879532511287,1.,0.923879532511287,1.,0.923879532511287,
1.,0.923879532511287,1.,0.923879532511287,1.,0.923879532511287,1.,0.923879532511287,
1.,0.923879532511287,1.,0.923879532511287,1.,0.923879532511287,1.,0.923879532511287,
1.,0.923879532511287,1.,0.923879532511287,1.,0.923879532511287,1.,0.923879532511287,
1.,0.923879532511287,1.,0.923879532511287,1.,0.923879532511287,1.,0.923879532511287,
1.,0.923879532511287,1.,0.923879532511287,1.,0.923879532511287,1.,0.923879532511287,
1.,0.923879532511287,1.,0.923879532511287,1.,0.923879532511287,1.,0.923879532511287,
1.,0.923879532511287,1.,0.923879532511287,1.,0.923879532511287,1.,0.923879532511287,
1.,0.923879532511287,1.,0.923879532511287,1.,0.923879532511287,1.,0.923879532511287,
1.,0.923879532511287,1.,0.923879532511287,1.,0.923879532511287,1.,0.923879532511287,
1.,0.923879532511287,1.,0.923879532511287,1.,0.923879532511287,1.,0.923879532511287,
1.,0.923879532511287,1.,0.923879532511287,1.,0.923879532511287,1.,0.923879532511287,
1.,0.923879532511287,1.,0.923879532511287,1.,0.923879532511287,1.,0.923879532511287,
1.,0.923879532511287,1.,0.923879532511287,1.,0.923879532511287,1.,0.923879532511287,
1.,0.923879532511287,1.,0.923879532511287,1.,0.923879532511287,1.,0.923879532511287,
1.,0.923879532511287,1.,0.923879532511287,1.,0.923879532511287,1.,0.923879532511287,
1.,0.923879532511287,1.,0.923879532511287,1.,0.923879532511287,1.,0.923879532511287,
1.,0.923879532511287,1.,0.923879532511287,1.,0.923879532511287,1.,0.923879532511287,
1.,0.923879532511287,1.,0.923879532511287,1.,0.923879532511287,1.,0.923879532511287,
1.,0.923879532511287,1.,0.923879532511287,1.),(1.,0.923879532511287,1.,
0.923879532511287,1.,0.923879532511287,1.,0.923879532511287,1.,0.923879532511287,
1.,0.923879532511287,1.,0.923879532511287,1.,0.923879532511287,1.,0.923879532511287,
1.,0.923879532511287,1.,0.923879532511287,1.,0.923879532511287,1.,0.923879532511287,
1.,0.923879532511287,1.,0.923879532511287,1.,0.923879532511287,1.,0.923879532511287,
1.,0.923879532511287,1.,0.923879532511287,1.,0.923879532511287,1.,0.923879532511287,
1.,0.923879532511287,1.,0.923879532511287,1.,0.923879532511287,1.,0.923879532511287,
1.,0.923879532511287,1.,0.923879532511287,1.,0.923879532511287,1.,0.923879532511287,
1.,0.923879532511287,1.,0.923879532511287,1.,0.923879532511287,1.,0.923879532511287,
1.,0.923879532511287,1.,0.923879532511287,1.,0.923879532511287,1.,0.923879532511287,
1.,0.923879532511287,1.,0.923879532511287,1.,0.923879532511287,1.,0.923879532511287,
1.,0.923879532511287,1.,0.923879532511287,1.,0.923879532511287,1.,0.923879532511287,
1.,0.923879532511287,1.,0.923879532511287,1.,0.923879532511287,1.,0.923879532511287,
1.,0.923879532511287,1.,0.923879532511287,1.,0.923879532511287,1.,0.923879532511287,
1.,0.923879532511287,1.,0.923879532511287,1.,0.923879532511287,1.,0.923879532511287,
1.,0.923879532511287,1.,0.923879532511287,1.,0.923879532511287,1.,0.923879532511287,
1.,0.923879532511287,1.,0.923879532511287,1.,0.923879532511287,1.,0.923879532511287,
1.,0.923879532511287,1.,0.923879532511287,1.,0.923879532511287,1.,0.923879532511287,
1.,0.923879532511287,1.,0.923879532511287,1.,0.923879532511287,1.,0.923879532511287,
1.,0.923879532511287,1.,0.923879532511287,1.,0.923879532511287,1.,0.923879532511287,
1.,0.923879532511287,1.,0.923879532511287,1.,0.923879532511287,1.,0.923879532511287,
1.,0.923879532511287,1.,0.923879532511287,1.,0.923879532511287,1.,0.923879532511287,
1.,0.923879532511287,1.,0.923879532511287,1.,0.923879532511287,1.,0.923879532511287,
1.,0.923879532511287,1.,0.923879532511287,1.,0.923879532511287,1.,0.923879532511287,
1.,0.923879532511287,1.,0.923879532511287,1.,0.923879532511287,1.,0.923879532511287,
1.,0.923879532511287,1.,0.923879532511287,1.,0.923879532511287,1.,0.923879532511287,
1.,0.923879532511287,1.,0.923879532511287,1.,0.923879532511287,1.,0.923879532511287,
1.,0.923879532511287,1.,0.923879532511287,1.,0.923879532511287,1.,0.923879532511287,
1.,0.923879532511287,1.,0.923879532511287,1.,0.923879532511287,1.,0.923879532511287,
1.,0.923879532511287,1.,0.923879532511287,1.,0.923879532511287,1.,0.923879532511287,
1.,0.923879532511287,1.,0.923879532511287,1.,0.923879532511287,1.,0.923879532511287,
1.,0.923879532511287,1.,0.923879532511287,1.,0.923879532511287,1.,0.923879532511287,
1.,0.923879532511287,1.,0.923879532511287,1.,0.923879532511287,1.,0.923879532511287,
1.,0.923879532511287,1.,0.923879532511287,1.,0.923879532511287,1.,0.923879532511287,
1.,0.923879532511287,1.,0.923879532511287,1.,0.923879532511287,1.,0.923879532511287,
1.,0.923879532511287,1.,0.923879532511287,1.,0.923879532511287,1.,0.923879532511287,
1.,0.923879532511287,1.,0.923879532511287,1.,0.923879532511287,1.,0.923879532511287,
1.,0.923879532511287,1.,0.923879532511287,1.,0.923879532511287,1.,0.923879532511287,
1.,0.923879532511287,1.,0.923879532511287,1.,0.923879532511287,1.,0.923879532511287,
1.,0.923879532511287,1.,0.923879532511287,1.,0.923879532511287,1.,0.923879532511287,
1.,0.923879532511287,1.,0.923879532511287,1.,0.923879532511287,1.,0.923879532511287,
1.,0.923879532511287,1.,0.923879532511287,1.,0.923879532511287,1.,0.923879532511287,
1.,0.923879532511287,1.,0.923879532511287,1.,0.923879532511287,1.,0.923879532511287,
1.,0.923879532511287,1.,0.923879532511287,1.,0.923879532511287,1.,0.923879532511287,
1.,0.923879532511287,1.,0.923879532511287,1.,0.923879532511287,1.,0.923879532511287,
1.,0.923879532511287,1.,0.923879532511287,1.,0.923879532511287,1.,0.923879532511287,
1.,0.923879532511287,1.,0.923879532511287,1.,0.923879532511287,1.,0.923879532511287,
1.,0.923879532511287,1.,0.923879532511287,1.,0.923879532511287,1.,0.923879532511287,
1.,0.923879532511287,1.,0.923879532511287,1.,0.923879532511287,1.,0.923879532511287,
1.,0.923879532511287,1.,0.923879532511287,1.,0.923879532511287,1.,0.923879532511287,
1.,0.923879532511287,1.,0.923879532511287,1.,0.923879532511287,1.)))
REPRESENTATION_ITEM('')
SURFACE()
);
#36=(
BOUNDED_SURFACE()
B_SPLINE_SURFACE(2,2,((#11594,#11595,#11596,#11597,#11598),(#11599,#11600,
#11601,#11602,#11603),(#11604,#11605,#11606,#11607,#11608)),
 .UNSPECIFIED.,.F.,.F.,.F.)
B_SPLINE_SURFACE_WITH_KNOTS((3,3),(3,2,3),(-1.11022302462516E-15,1.5707963267949),
(-1.5707963267949,0.,1.5707963267949),.UNSPECIFIED.)
GEOMETRIC_REPRESENTATION_ITEM()
RATIONAL_B_SPLINE_SURFACE(((1.,0.707106781186548,1.,0.707106781186548,1.),
(0.707106781186547,0.499999999999999,0.707106781186547,0.499999999999999,
0.707106781186547),(1.,0.707106781186548,1.,0.707106781186548,1.)))
REPRESENTATION_ITEM('')
SURFACE()
);
#37=(
BOUNDED_SURFACE()
B_SPLINE_SURFACE(2,2,((#11639,#11640,#11641,#11642,#11643),(#11644,#11645,
#11646,#11647,#11648),(#11649,#11650,#11651,#11652,#11653)),
 .UNSPECIFIED.,.F.,.F.,.F.)
B_SPLINE_SURFACE_WITH_KNOTS((3,3),(3,2,3),(-5.55111512312579E-16,1.5707963267949),
(-1.5707963267949,0.,1.5707963267949),.UNSPECIFIED.)
GEOMETRIC_REPRESENTATION_ITEM()
RATIONAL_B_SPLINE_SURFACE(((1.,0.707106781186548,1.,0.707106781186548,1.),
(0.707106781186546,0.499999999999999,0.707106781186546,0.499999999999999,
0.707106781186546),(1.,0.707106781186548,1.,0.707106781186548,1.)))
REPRESENTATION_ITEM('')
SURFACE()
);
#38=(
BOUNDED_CURVE()
B_SPLINE_CURVE(2,(#6884,#6885,#6886),.UNSPECIFIED.,.F.,.F.)
B_SPLINE_CURVE_WITH_KNOTS((3,3),(0.015,0.02),.UNSPECIFIED.)
CURVE()
GEOMETRIC_REPRESENTATION_ITEM()
RATIONAL_B_SPLINE_CURVE((1.,0.923879532511287,1.))
REPRESENTATION_ITEM('')
);
#39=(
BOUNDED_CURVE()
B_SPLINE_CURVE(2,(#6892,#6893,#6894,#6895,#6896,#6897,#6898,#6899,#6900,
#6901,#6902,#6903,#6904,#6905,#6906,#6907,#6908),.UNSPECIFIED.,.F.,.F.)
B_SPLINE_CURVE_WITH_KNOTS((3,2,2,2,2,2,2,2,3),(0.02,0.025,0.03,0.035,0.04,
0.045,0.05,0.055,0.06),.UNSPECIFIED.)
CURVE()
GEOMETRIC_REPRESENTATION_ITEM()
RATIONAL_B_SPLINE_CURVE((1.,0.923879532511287,1.,0.923879532511287,1.,0.923879532511287,
1.,0.923879532511287,1.,0.923879532511287,1.,0.923879532511287,1.,0.923879532511287,
1.,0.923879532511287,1.))
REPRESENTATION_ITEM('')
);
#40=(
BOUNDED_CURVE()
B_SPLINE_CURVE(2,(#6909,#6910,#6911,#6912,#6913,#6914,#6915,#6916,#6917,
#6918,#6919,#6920,#6921,#6922,#6923,#6924,#6925),.UNSPECIFIED.,.F.,.F.)
B_SPLINE_CURVE_WITH_KNOTS((3,2,2,2,2,2,2,2,3),(0.02,0.025,0.03,0.035,0.04,
0.045,0.05,0.055,0.06),.UNSPECIFIED.)
CURVE()
GEOMETRIC_REPRESENTATION_ITEM()
RATIONAL_B_SPLINE_CURVE((1.,0.923879532511287,1.,0.923879532511287,1.,0.923879532511287,
1.,0.923879532511287,1.,0.923879532511287,1.,0.923879532511287,1.,0.923879532511287,
1.,0.923879532511287,1.))
REPRESENTATION_ITEM('')
);
#41=(
BOUNDED_CURVE()
B_SPLINE_CURVE(2,(#6930,#6931,#6932,#6933,#6934,#6935,#6936,#6937,#6938,
#6939,#6940,#6941,#6942,#6943,#6944,#6945,#6946),.UNSPECIFIED.,.F.,.F.)
B_SPLINE_CURVE_WITH_KNOTS((3,2,2,2,2,2,2,2,3),(0.06,0.065,0.07,0.075,0.08,
0.085,0.09,0.095,0.1),.UNSPECIFIED.)
CURVE()
GEOMETRIC_REPRESENTATION_ITEM()
RATIONAL_B_SPLINE_CURVE((1.,0.923879532511287,1.,0.923879532511287,1.,0.923879532511287,
1.,0.923879532511287,1.,0.923879532511287,1.,0.923879532511287,1.,0.923879532511287,
1.,0.923879532511287,1.))
REPRESENTATION_ITEM('')
);
#42=(
BOUNDED_CURVE()
B_SPLINE_CURVE(2,(#6947,#6948,#6949,#6950,#6951,#6952,#6953,#6954,#6955,
#6956,#6957,#6958,#6959,#6960,#6961,#6962,#6963),.UNSPECIFIED.,.F.,.F.)
B_SPLINE_CURVE_WITH_KNOTS((3,2,2,2,2,2,2,2,3),(0.06,0.065,0.07,0.075,0.08,
0.085,0.09,0.095,0.1),.UNSPECIFIED.)
CURVE()
GEOMETRIC_REPRESENTATION_ITEM()
RATIONAL_B_SPLINE_CURVE((1.,0.923879532511287,1.,0.923879532511287,1.,0.923879532511287,
1.,0.923879532511287,1.,0.923879532511287,1.,0.923879532511287,1.,0.923879532511287,
1.,0.923879532511287,1.))
REPRESENTATION_ITEM('')
);
#43=(
BOUNDED_CURVE()
B_SPLINE_CURVE(2,(#6968,#6969,#6970,#6971,#6972,#6973,#6974,#6975,#6976,
#6977,#6978,#6979,#6980,#6981,#6982,#6983,#6984),.UNSPECIFIED.,.F.,.F.)
B_SPLINE_CURVE_WITH_KNOTS((3,2,2,2,2,2,2,2,3),(0.1,0.105,0.11,0.115,0.12,
0.125,0.13,0.135,0.14),.UNSPECIFIED.)
CURVE()
GEOMETRIC_REPRESENTATION_ITEM()
RATIONAL_B_SPLINE_CURVE((1.,0.923879532511287,1.,0.923879532511287,1.,0.923879532511287,
1.,0.923879532511287,1.,0.923879532511287,1.,0.923879532511287,1.,0.923879532511287,
1.,0.923879532511287,1.))
REPRESENTATION_ITEM('')
);
#44=(
BOUNDED_CURVE()
B_SPLINE_CURVE(2,(#6985,#6986,#6987,#6988,#6989,#6990,#6991,#6992,#6993,
#6994,#6995,#6996,#6997,#6998,#6999,#7000,#7001),.UNSPECIFIED.,.F.,.F.)
B_SPLINE_CURVE_WITH_KNOTS((3,2,2,2,2,2,2,2,3),(0.1,0.105,0.11,0.115,0.12,
0.125,0.13,0.135,0.14),.UNSPECIFIED.)
CURVE()
GEOMETRIC_REPRESENTATION_ITEM()
RATIONAL_B_SPLINE_CURVE((1.,0.923879532511287,1.,0.923879532511287,1.,0.923879532511287,
1.,0.923879532511287,1.,0.923879532511287,1.,0.923879532511287,1.,0.923879532511287,
1.,0.923879532511287,1.))
REPRESENTATION_ITEM('')
);
#45=(
BOUNDED_CURVE()
B_SPLINE_CURVE(2,(#7006,#7007,#7008,#7009,#7010,#7011,#7012,#7013,#7014,
#7015,#7016,#7017,#7018,#7019,#7020,#7021,#7022),.UNSPECIFIED.,.F.,.F.)
B_SPLINE_CURVE_WITH_KNOTS((3,2,2,2,2,2,2,2,3),(0.14,0.145,0.15,0.155,0.16,
0.165,0.17,0.175,0.18),.UNSPECIFIED.)
CURVE()
GEOMETRIC_REPRESENTATION_ITEM()
RATIONAL_B_SPLINE_CURVE((1.,0.923879532511287,1.,0.923879532511287,1.,0.923879532511287,
1.,0.923879532511287,1.,0.923879532511287,1.,0.923879532511287,1.,0.923879532511287,
1.,0.923879532511287,1.))
REPRESENTATION_ITEM('')
);
#46=(
BOUNDED_CURVE()
B_SPLINE_CURVE(2,(#7023,#7024,#7025,#7026,#7027,#7028,#7029,#7030,#7031,
#7032,#7033,#7034,#7035,#7036,#7037,#7038,#7039),.UNSPECIFIED.,.F.,.F.)
B_SPLINE_CURVE_WITH_KNOTS((3,2,2,2,2,2,2,2,3),(0.14,0.145,0.15,0.155,0.16,
0.165,0.17,0.175,0.18),.UNSPECIFIED.)
CURVE()
GEOMETRIC_REPRESENTATION_ITEM()
RATIONAL_B_SPLINE_CURVE((1.,0.923879532511287,1.,0.923879532511287,1.,0.923879532511287,
1.,0.923879532511287,1.,0.923879532511287,1.,0.923879532511287,1.,0.923879532511287,
1.,0.923879532511287,1.))
REPRESENTATION_ITEM('')
);
#47=(
BOUNDED_CURVE()
B_SPLINE_CURVE(2,(#7044,#7045,#7046,#7047,#7048,#7049,#7050,#7051,#7052,
#7053,#7054,#7055,#7056,#7057,#7058,#7059,#7060),.UNSPECIFIED.,.F.,.F.)
B_SPLINE_CURVE_WITH_KNOTS((3,2,2,2,2,2,2,2,3),(0.18,0.185,0.19,0.195,0.2,
0.205,0.21,0.215,0.22),.UNSPECIFIED.)
CURVE()
GEOMETRIC_REPRESENTATION_ITEM()
RATIONAL_B_SPLINE_CURVE((1.,0.923879532511287,1.,0.923879532511287,1.,0.923879532511287,
1.,0.923879532511287,1.,0.923879532511287,1.,0.923879532511287,1.,0.923879532511287,
1.,0.923879532511287,1.))
REPRESENTATION_ITEM('')
);
#48=(
BOUNDED_CURVE()
B_SPLINE_CURVE(2,(#7061,#7062,#7063,#7064,#7065,#7066,#7067,#7068,#7069,
#7070,#7071,#7072,#7073,#7074,#7075,#7076,#7077),.UNSPECIFIED.,.F.,.F.)
B_SPLINE_CURVE_WITH_KNOTS((3,2,2,2,2,2,2,2,3),(0.18,0.185,0.19,0.195,0.2,
0.205,0.21,0.215,0.22),.UNSPECIFIED.)
CURVE()
GEOMETRIC_REPRESENTATION_ITEM()
RATIONAL_B_SPLINE_CURVE((1.,0.923879532511287,1.,0.923879532511287,1.,0.923879532511287,
1.,0.923879532511287,1.,0.923879532511287,1.,0.923879532511287,1.,0.923879532511287,
1.,0.923879532511287,1.))
REPRESENTATION_ITEM('')
);
#49=(
BOUNDED_CURVE()
B_SPLINE_CURVE(2,(#7082,#7083,#7084,#7085,#7086,#7087,#7088,#7089,#7090,
#7091,#7092,#7093,#7094,#7095,#7096,#7097,#7098),.UNSPECIFIED.,.F.,.F.)
B_SPLINE_CURVE_WITH_KNOTS((3,2,2,2,2,2,2,2,3),(0.22,0.225,0.23,0.235,0.24,
0.245,0.25,0.255,0.26),.UNSPECIFIED.)
CURVE()
GEOMETRIC_REPRESENTATION_ITEM()
RATIONAL_B_SPLINE_CURVE((1.,0.923879532511287,1.,0.923879532511287,1.,0.923879532511287,
1.,0.923879532511287,1.,0.923879532511287,1.,0.923879532511287,1.,0.923879532511287,
1.,0.923879532511287,1.))
REPRESENTATION_ITEM('')
);
#50=(
BOUNDED_CURVE()
B_SPLINE_CURVE(2,(#7099,#7100,#7101,#7102,#7103,#7104,#7105,#7106,#7107,
#7108,#7109,#7110,#7111,#7112,#7113,#7114,#7115),.UNSPECIFIED.,.F.,.F.)
B_SPLINE_CURVE_WITH_KNOTS((3,2,2,2,2,2,2,2,3),(0.22,0.225,0.23,0.235,0.24,
0.245,0.25,0.255,0.26),.UNSPECIFIED.)
CURVE()
GEOMETRIC_REPRESENTATION_ITEM()
RATIONAL_B_SPLINE_CURVE((1.,0.923879532511287,1.,0.923879532511287,1.,0.923879532511287,
1.,0.923879532511287,1.,0.923879532511287,1.,0.923879532511287,1.,0.923879532511287,
1.,0.923879532511287,1.))
REPRESENTATION_ITEM('')
);
#51=(
BOUNDED_CURVE()
B_SPLINE_CURVE(2,(#7120,#7121,#7122,#7123,#7124,#7125,#7126,#7127,#7128,
#7129,#7130,#7131,#7132,#7133,#7134,#7135,#7136),.UNSPECIFIED.,.F.,.F.)
B_SPLINE_CURVE_WITH_KNOTS((3,2,2,2,2,2,2,2,3),(0.26,0.265,0.27,0.275,0.28,
0.285,0.29,0.295,0.3),.UNSPECIFIED.)
CURVE()
GEOMETRIC_REPRESENTATION_ITEM()
RATIONAL_B_SPLINE_CURVE((1.,0.923879532511287,1.,0.923879532511287,1.,0.923879532511287,
1.,0.923879532511287,1.,0.923879532511287,1.,0.923879532511287,1.,0.923879532511287,
1.,0.923879532511287,1.))
REPRESENTATION_ITEM('')
);
#52=(
BOUNDED_CURVE()
B_SPLINE_CURVE(2,(#7137,#7138,#7139,#7140,#7141,#7142,#7143,#7144,#7145,
#7146,#7147,#7148,#7149,#7150,#7151,#7152,#7153),.UNSPECIFIED.,.F.,.F.)
B_SPLINE_CURVE_WITH_KNOTS((3,2,2,2,2,2,2,2,3),(0.26,0.265,0.27,0.275,0.28,
0.285,0.29,0.295,0.3),.UNSPECIFIED.)
CURVE()
GEOMETRIC_REPRESENTATION_ITEM()
RATIONAL_B_SPLINE_CURVE((1.,0.923879532511287,1.,0.923879532511287,1.,0.923879532511287,
1.,0.923879532511287,1.,0.923879532511287,1.,0.923879532511287,1.,0.923879532511287,
1.,0.923879532511287,1.))
REPRESENTATION_ITEM('')
);
#53=(
BOUNDED_CURVE()
B_SPLINE_CURVE(2,(#7158,#7159,#7160,#7161,#7162,#7163,#7164,#7165,#7166,
#7167,#7168,#7169,#7170,#7171,#7172,#7173,#7174),.UNSPECIFIED.,.F.,.F.)
B_SPLINE_CURVE_WITH_KNOTS((3,2,2,2,2,2,2,2,3),(0.3,0.305,0.31,0.315,0.32,
0.325,0.33,0.335,0.34),.UNSPECIFIED.)
CURVE()
GEOMETRIC_REPRESENTATION_ITEM()
RATIONAL_B_SPLINE_CURVE((1.,0.923879532511287,1.,0.923879532511287,1.,0.923879532511287,
1.,0.923879532511287,1.,0.923879532511287,1.,0.923879532511287,1.,0.923879532511287,
1.,0.923879532511287,1.))
REPRESENTATION_ITEM('')
);
#54=(
BOUNDED_CURVE()
B_SPLINE_CURVE(2,(#7175,#7176,#7177,#7178,#7179,#7180,#7181,#7182,#7183,
#7184,#7185,#7186,#7187,#7188,#7189,#7190,#7191),.UNSPECIFIED.,.F.,.F.)
B_SPLINE_CURVE_WITH_KNOTS((3,2,2,2,2,2,2,2,3),(0.3,0.305,0.31,0.315,0.32,
0.325,0.33,0.335,0.34),.UNSPECIFIED.)
CURVE()
GEOMETRIC_REPRESENTATION_ITEM()
RATIONAL_B_SPLINE_CURVE((1.,0.923879532511287,1.,0.923879532511287,1.,0.923879532511287,
1.,0.923879532511287,1.,0.923879532511287,1.,0.923879532511287,1.,0.923879532511287,
1.,0.923879532511287,1.))
REPRESENTATION_ITEM('')
);
#55=(
BOUNDED_CURVE()
B_SPLINE_CURVE(2,(#7196,#7197,#7198,#7199,#7200,#7201,#7202,#7203,#7204,
#7205,#7206,#7207,#7208,#7209,#7210,#7211,#7212),.UNSPECIFIED.,.F.,.F.)
B_SPLINE_CURVE_WITH_KNOTS((3,2,2,2,2,2,2,2,3),(0.34,0.345,0.35,0.355,0.36,
0.365,0.37,0.375,0.38),.UNSPECIFIED.)
CURVE()
GEOMETRIC_REPRESENTATION_ITEM()
RATIONAL_B_SPLINE_CURVE((1.,0.923879532511287,1.,0.923879532511287,1.,0.923879532511287,
1.,0.923879532511287,1.,0.923879532511287,1.,0.923879532511287,1.,0.923879532511287,
1.,0.923879532511287,1.))
REPRESENTATION_ITEM('')
);
#56=(
BOUNDED_CURVE()
B_SPLINE_CURVE(2,(#7213,#7214,#7215,#7216,#7217,#7218,#7219,#7220,#7221,
#7222,#7223,#7224,#7225,#7226,#7227,#7228,#7229),.UNSPECIFIED.,.F.,.F.)
B_SPLINE_CURVE_WITH_KNOTS((3,2,2,2,2,2,2,2,3),(0.34,0.345,0.35,0.355,0.36,
0.365,0.37,0.375,0.38),.UNSPECIFIED.)
CURVE()
GEOMETRIC_REPRESENTATION_ITEM()
RATIONAL_B_SPLINE_CURVE((1.,0.923879532511287,1.,0.923879532511287,1.,0.923879532511287,
1.,0.923879532511287,1.,0.923879532511287,1.,0.923879532511287,1.,0.923879532511287,
1.,0.923879532511287,1.))
REPRESENTATION_ITEM('')
);
#57=(
BOUNDED_CURVE()
B_SPLINE_CURVE(2,(#7234,#7235,#7236,#7237,#7238,#7239,#7240,#7241,#7242,
#7243,#7244,#7245,#7246,#7247,#7248,#7249,#7250),.UNSPECIFIED.,.F.,.F.)
B_SPLINE_CURVE_WITH_KNOTS((3,2,2,2,2,2,2,2,3),(0.38,0.385,0.39,0.395,0.4,
0.405,0.41,0.415,0.42),.UNSPECIFIED.)
CURVE()
GEOMETRIC_REPRESENTATION_ITEM()
RATIONAL_B_SPLINE_CURVE((1.,0.923879532511287,1.,0.923879532511287,1.,0.923879532511287,
1.,0.923879532511287,1.,0.923879532511287,1.,0.923879532511287,1.,0.923879532511287,
1.,0.923879532511287,1.))
REPRESENTATION_ITEM('')
);
#58=(
BOUNDED_CURVE()
B_SPLINE_CURVE(2,(#7251,#7252,#7253,#7254,#7255,#7256,#7257,#7258,#7259,
#7260,#7261,#7262,#7263,#7264,#7265,#7266,#7267),.UNSPECIFIED.,.F.,.F.)
B_SPLINE_CURVE_WITH_KNOTS((3,2,2,2,2,2,2,2,3),(0.38,0.385,0.39,0.395,0.4,
0.405,0.41,0.415,0.42),.UNSPECIFIED.)
CURVE()
GEOMETRIC_REPRESENTATION_ITEM()
RATIONAL_B_SPLINE_CURVE((1.,0.923879532511287,1.,0.923879532511287,1.,0.923879532511287,
1.,0.923879532511287,1.,0.923879532511287,1.,0.923879532511287,1.,0.923879532511287,
1.,0.923879532511287,1.))
REPRESENTATION_ITEM('')
);
#59=(
BOUNDED_CURVE()
B_SPLINE_CURVE(2,(#7272,#7273,#7274,#7275,#7276,#7277,#7278,#7279,#7280,
#7281,#7282,#7283,#7284,#7285,#7286,#7287,#7288),.UNSPECIFIED.,.F.,.F.)
B_SPLINE_CURVE_WITH_KNOTS((3,2,2,2,2,2,2,2,3),(0.42,0.425,0.43,0.435,0.44,
0.445,0.45,0.455,0.46),.UNSPECIFIED.)
CURVE()
GEOMETRIC_REPRESENTATION_ITEM()
RATIONAL_B_SPLINE_CURVE((1.,0.923879532511287,1.,0.923879532511287,1.,0.923879532511287,
1.,0.923879532511287,1.,0.923879532511287,1.,0.923879532511287,1.,0.923879532511287,
1.,0.923879532511287,1.))
REPRESENTATION_ITEM('')
);
#60=(
BOUNDED_CURVE()
B_SPLINE_CURVE(2,(#7289,#7290,#7291,#7292,#7293,#7294,#7295,#7296,#7297,
#7298,#7299,#7300,#7301,#7302,#7303,#7304,#7305),.UNSPECIFIED.,.F.,.F.)
B_SPLINE_CURVE_WITH_KNOTS((3,2,2,2,2,2,2,2,3),(0.42,0.425,0.43,0.435,0.44,
0.445,0.45,0.455,0.46),.UNSPECIFIED.)
CURVE()
GEOMETRIC_REPRESENTATION_ITEM()
RATIONAL_B_SPLINE_CURVE((1.,0.923879532511287,1.,0.923879532511287,1.,0.923879532511287,
1.,0.923879532511287,1.,0.923879532511287,1.,0.923879532511287,1.,0.923879532511287,
1.,0.923879532511287,1.))
REPRESENTATION_ITEM('')
);
#61=(
BOUNDED_CURVE()
B_SPLINE_CURVE(2,(#7310,#7311,#7312,#7313,#7314,#7315,#7316,#7317,#7318,
#7319,#7320,#7321,#7322,#7323,#7324,#7325,#7326),.UNSPECIFIED.,.F.,.F.)
B_SPLINE_CURVE_WITH_KNOTS((3,2,2,2,2,2,2,2,3),(0.46,0.465,0.47,0.475,0.48,
0.485,0.49,0.495,0.5),.UNSPECIFIED.)
CURVE()
GEOMETRIC_REPRESENTATION_ITEM()
RATIONAL_B_SPLINE_CURVE((1.,0.923879532511287,1.,0.923879532511287,1.,0.923879532511287,
1.,0.923879532511287,1.,0.923879532511287,1.,0.923879532511287,1.,0.923879532511287,
1.,0.923879532511287,1.))
REPRESENTATION_ITEM('')
);
#62=(
BOUNDED_CURVE()
B_SPLINE_CURVE(2,(#7327,#7328,#7329,#7330,#7331,#7332,#7333,#7334,#7335,
#7336,#7337,#7338,#7339,#7340,#7341,#7342,#7343),.UNSPECIFIED.,.F.,.F.)
B_SPLINE_CURVE_WITH_KNOTS((3,2,2,2,2,2,2,2,3),(0.46,0.465,0.47,0.475,0.48,
0.485,0.49,0.495,0.5),.UNSPECIFIED.)
CURVE()
GEOMETRIC_REPRESENTATION_ITEM()
RATIONAL_B_SPLINE_CURVE((1.,0.923879532511287,1.,0.923879532511287,1.,0.923879532511287,
1.,0.923879532511287,1.,0.923879532511287,1.,0.923879532511287,1.,0.923879532511287,
1.,0.923879532511287,1.))
REPRESENTATION_ITEM('')
);
#63=(
BOUNDED_CURVE()
B_SPLINE_CURVE(2,(#7348,#7349,#7350,#7351,#7352,#7353,#7354,#7355,#7356,
#7357,#7358,#7359,#7360,#7361,#7362,#7363,#7364),.UNSPECIFIED.,.F.,.F.)
B_SPLINE_CURVE_WITH_KNOTS((3,2,2,2,2,2,2,2,3),(0.5,0.505,0.51,0.515,0.52,
0.525,0.53,0.535,0.54),.UNSPECIFIED.)
CURVE()
GEOMETRIC_REPRESENTATION_ITEM()
RATIONAL_B_SPLINE_CURVE((1.,0.923879532511287,1.,0.923879532511287,1.,0.923879532511287,
1.,0.923879532511287,1.,0.923879532511287,1.,0.923879532511287,1.,0.923879532511287,
1.,0.923879532511287,1.))
REPRESENTATION_ITEM('')
);
#64=(
BOUNDED_CURVE()
B_SPLINE_CURVE(2,(#7365,#7366,#7367,#7368,#7369,#7370,#7371,#7372,#7373,
#7374,#7375,#7376,#7377,#7378,#7379,#7380,#7381),.UNSPECIFIED.,.F.,.F.)
B_SPLINE_CURVE_WITH_KNOTS((3,2,2,2,2,2,2,2,3),(0.5,0.505,0.51,0.515,0.52,
0.525,0.53,0.535,0.54),.UNSPECIFIED.)
CURVE()
GEOMETRIC_REPRESENTATION_ITEM()
RATIONAL_B_SPLINE_CURVE((1.,0.923879532511287,1.,0.923879532511287,1.,0.923879532511287,
1.,0.923879532511287,1.,0.923879532511287,1.,0.923879532511287,1.,0.923879532511287,
1.,0.923879532511287,1.))
REPRESENTATION_ITEM('')
);
#65=(
BOUNDED_CURVE()
B_SPLINE_CURVE(2,(#7386,#7387,#7388,#7389,#7390,#7391,#7392,#7393,#7394,
#7395,#7396,#7397,#7398,#7399,#7400,#7401,#7402),.UNSPECIFIED.,.F.,.F.)
B_SPLINE_CURVE_WITH_KNOTS((3,2,2,2,2,2,2,2,3),(0.54,0.545,0.55,0.555,0.56,
0.565,0.57,0.575,0.58),.UNSPECIFIED.)
CURVE()
GEOMETRIC_REPRESENTATION_ITEM()
RATIONAL_B_SPLINE_CURVE((1.,0.923879532511287,1.,0.923879532511287,1.,0.923879532511287,
1.,0.923879532511287,1.,0.923879532511287,1.,0.923879532511287,1.,0.923879532511287,
1.,0.923879532511287,1.))
REPRESENTATION_ITEM('')
);
#66=(
BOUNDED_CURVE()
B_SPLINE_CURVE(2,(#7403,#7404,#7405,#7406,#7407,#7408,#7409,#7410,#7411,
#7412,#7413,#7414,#7415,#7416,#7417,#7418,#7419),.UNSPECIFIED.,.F.,.F.)
B_SPLINE_CURVE_WITH_KNOTS((3,2,2,2,2,2,2,2,3),(0.54,0.545,0.55,0.555,0.56,
0.565,0.57,0.575,0.58),.UNSPECIFIED.)
CURVE()
GEOMETRIC_REPRESENTATION_ITEM()
RATIONAL_B_SPLINE_CURVE((1.,0.923879532511287,1.,0.923879532511287,1.,0.923879532511287,
1.,0.923879532511287,1.,0.923879532511287,1.,0.923879532511287,1.,0.923879532511287,
1.,0.923879532511287,1.))
REPRESENTATION_ITEM('')
);
#67=(
BOUNDED_CURVE()
B_SPLINE_CURVE(2,(#7424,#7425,#7426,#7427,#7428,#7429,#7430,#7431,#7432,
#7433,#7434,#7435,#7436,#7437,#7438,#7439,#7440),.UNSPECIFIED.,.F.,.F.)
B_SPLINE_CURVE_WITH_KNOTS((3,2,2,2,2,2,2,2,3),(0.58,0.585,0.59,0.595,0.6,
0.605,0.61,0.615,0.62),.UNSPECIFIED.)
CURVE()
GEOMETRIC_REPRESENTATION_ITEM()
RATIONAL_B_SPLINE_CURVE((1.,0.923879532511287,1.,0.923879532511287,1.,0.923879532511287,
1.,0.923879532511287,1.,0.923879532511287,1.,0.923879532511287,1.,0.923879532511287,
1.,0.923879532511287,1.))
REPRESENTATION_ITEM('')
);
#68=(
BOUNDED_CURVE()
B_SPLINE_CURVE(2,(#7441,#7442,#7443,#7444,#7445,#7446,#7447,#7448,#7449,
#7450,#7451,#7452,#7453,#7454,#7455,#7456,#7457),.UNSPECIFIED.,.F.,.F.)
B_SPLINE_CURVE_WITH_KNOTS((3,2,2,2,2,2,2,2,3),(0.58,0.585,0.59,0.595,0.6,
0.605,0.61,0.615,0.62),.UNSPECIFIED.)
CURVE()
GEOMETRIC_REPRESENTATION_ITEM()
RATIONAL_B_SPLINE_CURVE((1.,0.923879532511287,1.,0.923879532511287,1.,0.923879532511287,
1.,0.923879532511287,1.,0.923879532511287,1.,0.923879532511287,1.,0.923879532511287,
1.,0.923879532511287,1.))
REPRESENTATION_ITEM('')
);
#69=(
BOUNDED_CURVE()
B_SPLINE_CURVE(2,(#7462,#7463,#7464,#7465,#7466,#7467,#7468,#7469,#7470,
#7471,#7472,#7473,#7474,#7475,#7476,#7477,#7478),.UNSPECIFIED.,.F.,.F.)
B_SPLINE_CURVE_WITH_KNOTS((3,2,2,2,2,2,2,2,3),(0.62,0.625,0.63,0.635,0.64,
0.645,0.65,0.655,0.66),.UNSPECIFIED.)
CURVE()
GEOMETRIC_REPRESENTATION_ITEM()
RATIONAL_B_SPLINE_CURVE((1.,0.923879532511287,1.,0.923879532511287,1.,0.923879532511287,
1.,0.923879532511287,1.,0.923879532511287,1.,0.923879532511287,1.,0.923879532511287,
1.,0.923879532511287,1.))
REPRESENTATION_ITEM('')
);
#70=(
BOUNDED_CURVE()
B_SPLINE_CURVE(2,(#7479,#7480,#7481,#7482,#7483,#7484,#7485,#7486,#7487,
#7488,#7489,#7490,#7491,#7492,#7493,#7494,#7495),.UNSPECIFIED.,.F.,.F.)
B_SPLINE_CURVE_WITH_KNOTS((3,2,2,2,2,2,2,2,3),(0.62,0.625,0.63,0.635,0.64,
0.645,0.65,0.655,0.66),.UNSPECIFIED.)
CURVE()
GEOMETRIC_REPRESENTATION_ITEM()
RATIONAL_B_SPLINE_CURVE((1.,0.923879532511287,1.,0.923879532511287,1.,0.923879532511287,
1.,0.923879532511287,1.,0.923879532511287,1.,0.923879532511287,1.,0.923879532511287,
1.,0.923879532511287,1.))
REPRESENTATION_ITEM('')
);
#71=(
BOUNDED_CURVE()
B_SPLINE_CURVE(2,(#7500,#7501,#7502,#7503,#7504,#7505,#7506,#7507,#7508,
#7509,#7510,#7511,#7512,#7513,#7514,#7515,#7516),.UNSPECIFIED.,.F.,.F.)
B_SPLINE_CURVE_WITH_KNOTS((3,2,2,2,2,2,2,2,3),(0.66,0.665,0.67,0.675,0.68,
0.685,0.69,0.695,0.7),.UNSPECIFIED.)
CURVE()
GEOMETRIC_REPRESENTATION_ITEM()
RATIONAL_B_SPLINE_CURVE((1.,0.923879532511287,1.,0.923879532511287,1.,0.923879532511287,
1.,0.923879532511287,1.,0.923879532511287,1.,0.923879532511287,1.,0.923879532511287,
1.,0.923879532511287,1.))
REPRESENTATION_ITEM('')
);
#72=(
BOUNDED_CURVE()
B_SPLINE_CURVE(2,(#7517,#7518,#7519,#7520,#7521,#7522,#7523,#7524,#7525,
#7526,#7527,#7528,#7529,#7530,#7531,#7532,#7533),.UNSPECIFIED.,.F.,.F.)
B_SPLINE_CURVE_WITH_KNOTS((3,2,2,2,2,2,2,2,3),(0.66,0.665,0.67,0.675,0.68,
0.685,0.69,0.695,0.7),.UNSPECIFIED.)
CURVE()
GEOMETRIC_REPRESENTATION_ITEM()
RATIONAL_B_SPLINE_CURVE((1.,0.923879532511287,1.,0.923879532511287,1.,0.923879532511287,
1.,0.923879532511287,1.,0.923879532511287,1.,0.923879532511287,1.,0.923879532511287,
1.,0.923879532511287,1.))
REPRESENTATION_ITEM('')
);
#73=(
BOUNDED_CURVE()
B_SPLINE_CURVE(2,(#7538,#7539,#7540,#7541,#7542,#7543,#7544,#7545,#7546,
#7547,#7548,#7549,#7550,#7551,#7552,#7553,#7554),.UNSPECIFIED.,.F.,.F.)
B_SPLINE_CURVE_WITH_KNOTS((3,2,2,2,2,2,2,2,3),(0.7,0.705,0.71,0.715,0.72,
0.725,0.73,0.735,0.74),.UNSPECIFIED.)
CURVE()
GEOMETRIC_REPRESENTATION_ITEM()
RATIONAL_B_SPLINE_CURVE((1.,0.923879532511287,1.,0.923879532511287,1.,0.923879532511287,
1.,0.923879532511287,1.,0.923879532511287,1.,0.923879532511287,1.,0.923879532511287,
1.,0.923879532511287,1.))
REPRESENTATION_ITEM('')
);
#74=(
BOUNDED_CURVE()
B_SPLINE_CURVE(2,(#7555,#7556,#7557,#7558,#7559,#7560,#7561,#7562,#7563,
#7564,#7565,#7566,#7567,#7568,#7569,#7570,#7571),.UNSPECIFIED.,.F.,.F.)
B_SPLINE_CURVE_WITH_KNOTS((3,2,2,2,2,2,2,2,3),(0.7,0.705,0.71,0.715,0.72,
0.725,0.73,0.735,0.74),.UNSPECIFIED.)
CURVE()
GEOMETRIC_REPRESENTATION_ITEM()
RATIONAL_B_SPLINE_CURVE((1.,0.923879532511287,1.,0.923879532511287,1.,0.923879532511287,
1.,0.923879532511287,1.,0.923879532511287,1.,0.923879532511287,1.,0.923879532511287,
1.,0.923879532511287,1.))
REPRESENTATION_ITEM('')
);
#75=(
BOUNDED_CURVE()
B_SPLINE_CURVE(2,(#7576,#7577,#7578,#7579,#7580,#7581,#7582,#7583,#7584,
#7585,#7586,#7587,#7588,#7589,#7590,#7591,#7592),.UNSPECIFIED.,.F.,.F.)
B_SPLINE_CURVE_WITH_KNOTS((3,2,2,2,2,2,2,2,3),(0.74,0.745,0.75,0.755,0.76,
0.765,0.77,0.775,0.78),.UNSPECIFIED.)
CURVE()
GEOMETRIC_REPRESENTATION_ITEM()
RATIONAL_B_SPLINE_CURVE((1.,0.923879532511287,1.,0.923879532511287,1.,0.923879532511287,
1.,0.923879532511287,1.,0.923879532511287,1.,0.923879532511287,1.,0.923879532511287,
1.,0.923879532511287,1.))
REPRESENTATION_ITEM('')
);
#76=(
BOUNDED_CURVE()
B_SPLINE_CURVE(2,(#7593,#7594,#7595,#7596,#7597,#7598,#7599,#7600,#7601,
#7602,#7603,#7604,#7605,#7606,#7607,#7608,#7609),.UNSPECIFIED.,.F.,.F.)
B_SPLINE_CURVE_WITH_KNOTS((3,2,2,2,2,2,2,2,3),(0.74,0.745,0.75,0.755,0.76,
0.765,0.77,0.775,0.78),.UNSPECIFIED.)
CURVE()
GEOMETRIC_REPRESENTATION_ITEM()
RATIONAL_B_SPLINE_CURVE((1.,0.923879532511287,1.,0.923879532511287,1.,0.923879532511287,
1.,0.923879532511287,1.,0.923879532511287,1.,0.923879532511287,1.,0.923879532511287,
1.,0.923879532511287,1.))
REPRESENTATION_ITEM('')
);
#77=(
BOUNDED_CURVE()
B_SPLINE_CURVE(2,(#7614,#7615,#7616,#7617,#7618,#7619,#7620,#7621,#7622,
#7623,#7624,#7625,#7626,#7627,#7628,#7629,#7630),.UNSPECIFIED.,.F.,.F.)
B_SPLINE_CURVE_WITH_KNOTS((3,2,2,2,2,2,2,2,3),(0.78,0.785,0.79,0.795,0.8,
0.805,0.81,0.815,0.82),.UNSPECIFIED.)
CURVE()
GEOMETRIC_REPRESENTATION_ITEM()
RATIONAL_B_SPLINE_CURVE((1.,0.923879532511287,1.,0.923879532511287,1.,0.923879532511287,
1.,0.923879532511287,1.,0.923879532511287,1.,0.923879532511287,1.,0.923879532511287,
1.,0.923879532511287,1.))
REPRESENTATION_ITEM('')
);
#78=(
BOUNDED_CURVE()
B_SPLINE_CURVE(2,(#7631,#7632,#7633,#7634,#7635,#7636,#7637,#7638,#7639,
#7640,#7641,#7642,#7643,#7644,#7645,#7646,#7647),.UNSPECIFIED.,.F.,.F.)
B_SPLINE_CURVE_WITH_KNOTS((3,2,2,2,2,2,2,2,3),(0.78,0.785,0.79,0.795,0.8,
0.805,0.81,0.815,0.82),.UNSPECIFIED.)
CURVE()
GEOMETRIC_REPRESENTATION_ITEM()
RATIONAL_B_SPLINE_CURVE((1.,0.923879532511287,1.,0.923879532511287,1.,0.923879532511287,
1.,0.923879532511287,1.,0.923879532511287,1.,0.923879532511287,1.,0.923879532511287,
1.,0.923879532511287,1.))
REPRESENTATION_ITEM('')
);
#79=(
BOUNDED_CURVE()
B_SPLINE_CURVE(2,(#7652,#7653,#7654,#7655,#7656,#7657,#7658,#7659,#7660,
#7661,#7662,#7663,#7664,#7665,#7666,#7667,#7668),.UNSPECIFIED.,.F.,.F.)
B_SPLINE_CURVE_WITH_KNOTS((3,2,2,2,2,2,2,2,3),(0.82,0.825,0.83,0.835,0.84,
0.845,0.85,0.855,0.86),.UNSPECIFIED.)
CURVE()
GEOMETRIC_REPRESENTATION_ITEM()
RATIONAL_B_SPLINE_CURVE((1.,0.923879532511287,1.,0.923879532511287,1.,0.923879532511287,
1.,0.923879532511287,1.,0.923879532511287,1.,0.923879532511287,1.,0.923879532511287,
1.,0.923879532511287,1.))
REPRESENTATION_ITEM('')
);
#80=(
BOUNDED_CURVE()
B_SPLINE_CURVE(2,(#7669,#7670,#7671,#7672,#7673,#7674,#7675,#7676,#7677,
#7678,#7679,#7680,#7681,#7682,#7683,#7684,#7685),.UNSPECIFIED.,.F.,.F.)
B_SPLINE_CURVE_WITH_KNOTS((3,2,2,2,2,2,2,2,3),(0.82,0.825,0.83,0.835,0.84,
0.845,0.85,0.855,0.86),.UNSPECIFIED.)
CURVE()
GEOMETRIC_REPRESENTATION_ITEM()
RATIONAL_B_SPLINE_CURVE((1.,0.923879532511287,1.,0.923879532511287,1.,0.923879532511287,
1.,0.923879532511287,1.,0.923879532511287,1.,0.923879532511287,1.,0.923879532511287,
1.,0.923879532511287,1.))
REPRESENTATION_ITEM('')
);
#81=(
BOUNDED_CURVE()
B_SPLINE_CURVE(2,(#7692,#7693,#7694,#7695,#7696,#7697,#7698,#7699,#7700,
#7701,#7702,#7703,#7704,#7705,#7706,#7707,#7708),.UNSPECIFIED.,.F.,.F.)
B_SPLINE_CURVE_WITH_KNOTS((3,2,2,2,2,2,2,2,3),(0.86,0.865,0.87,0.875,0.88,
0.885,0.89,0.895,0.899115520649122),.UNSPECIFIED.)
CURVE()
GEOMETRIC_REPRESENTATION_ITEM()
RATIONAL_B_SPLINE_CURVE((1.,0.923879532511287,1.,0.923879532511287,1.,0.923879532511287,
1.,0.923879532511287,1.,0.923879532511287,1.,0.923879532511287,1.,0.923879532511287,
1.,0.937344928845874,0.977833153334557))
REPRESENTATION_ITEM('')
);
#82=(
BOUNDED_CURVE()
B_SPLINE_CURVE(2,(#7709,#7710,#7711,#7712,#7713,#7714,#7715,#7716,#7717,
#7718,#7719,#7720,#7721,#7722,#7723,#7724,#7725),.UNSPECIFIED.,.F.,.F.)
B_SPLINE_CURVE_WITH_KNOTS((3,2,2,2,2,2,2,2,3),(0.86,0.865,0.87,0.875,0.88,
0.885,0.89,0.895,0.9),.UNSPECIFIED.)
CURVE()
GEOMETRIC_REPRESENTATION_ITEM()
RATIONAL_B_SPLINE_CURVE((1.,0.923879532511287,1.,0.923879532511287,1.,0.923879532511287,
1.,0.923879532511287,1.,0.923879532511287,1.,0.923879532511287,1.,0.923879532511287,
1.,0.923879532511287,1.))
REPRESENTATION_ITEM('')
);
#83=(
BOUNDED_CURVE()
B_SPLINE_CURVE(2,(#9766,#9767,#9768),.UNSPECIFIED.,.F.,.F.)
B_SPLINE_CURVE_WITH_KNOTS((3,3),(-0.743608075411367,-0.257865654461748),
 .UNSPECIFIED.)
CURVE()
GEOMETRIC_REPRESENTATION_ITEM()
RATIONAL_B_SPLINE_CURVE((1.33591167563966,1.54257793108824,1.33591167563966))
REPRESENTATION_ITEM('')
);
#84=(
BOUNDED_CURVE()
B_SPLINE_CURVE(2,(#9770,#9771,#9772),.UNSPECIFIED.,.F.,.F.)
B_SPLINE_CURVE_WITH_KNOTS((3,3),(-0.743608075411368,-0.257865654461748),
 .UNSPECIFIED.)
CURVE()
GEOMETRIC_REPRESENTATION_ITEM()
RATIONAL_B_SPLINE_CURVE((1.33591167563966,1.54257793108824,1.33591167563966))
REPRESENTATION_ITEM('')
);
#85=(
BOUNDED_CURVE()
B_SPLINE_CURVE(2,(#9774,#9775,#9776),.UNSPECIFIED.,.F.,.F.)
B_SPLINE_CURVE_WITH_KNOTS((3,3),(-0.743608075411367,-0.257865654461748),
 .UNSPECIFIED.)
CURVE()
GEOMETRIC_REPRESENTATION_ITEM()
RATIONAL_B_SPLINE_CURVE((1.33591167563966,1.54257793108824,1.33591167563966))
REPRESENTATION_ITEM('')
);
#86=(
BOUNDED_CURVE()
B_SPLINE_CURVE(2,(#9778,#9779,#9780),.UNSPECIFIED.,.F.,.F.)
B_SPLINE_CURVE_WITH_KNOTS((3,3),(0.257865654461748,0.500736864936558),
 .UNSPECIFIED.)
CURVE()
GEOMETRIC_REPRESENTATION_ITEM()
RATIONAL_B_SPLINE_CURVE((1.33591167563965,1.43924480336395,1.43924480336395))
REPRESENTATION_ITEM('')
);
#87=(
BOUNDED_CURVE()
B_SPLINE_CURVE(2,(#9785,#9786,#9787),.UNSPECIFIED.,.F.,.F.)
B_SPLINE_CURVE_WITH_KNOTS((3,3),(0.500736864936558,0.743608075411366),
 .UNSPECIFIED.)
CURVE()
GEOMETRIC_REPRESENTATION_ITEM()
RATIONAL_B_SPLINE_CURVE((1.43924480336395,1.43924480336395,1.33591167563966))
REPRESENTATION_ITEM('')
);
#88=(
BOUNDED_CURVE()
B_SPLINE_CURVE(2,(#9789,#9790,#9791),.UNSPECIFIED.,.F.,.F.)
B_SPLINE_CURVE_WITH_KNOTS((3,3),(0.257865654461748,0.743608075411367),
 .UNSPECIFIED.)
CURVE()
GEOMETRIC_REPRESENTATION_ITEM()
RATIONAL_B_SPLINE_CURVE((1.33591167563966,1.54257793108824,1.33591167563966))
REPRESENTATION_ITEM('')
);
#89=(
BOUNDED_CURVE()
B_SPLINE_CURVE(2,(#9792,#9793,#9794),.UNSPECIFIED.,.F.,.F.)
B_SPLINE_CURVE_WITH_KNOTS((3,3),(0.257865654461748,0.743608075411367),
 .UNSPECIFIED.)
CURVE()
GEOMETRIC_REPRESENTATION_ITEM()
RATIONAL_B_SPLINE_CURVE((1.33591167563966,1.54257793108824,1.33591167563966))
REPRESENTATION_ITEM('')
);
#90=(
BOUNDED_CURVE()
B_SPLINE_CURVE(2,(#9823,#9824,#9825),.UNSPECIFIED.,.F.,.F.)
B_SPLINE_CURVE_WITH_KNOTS((3,3),(0.9,0.904115520649037),.UNSPECIFIED.)
CURVE()
GEOMETRIC_REPRESENTATION_ITEM()
RATIONAL_B_SPLINE_CURVE((1.,0.937344928847179,0.97783315333287))
REPRESENTATION_ITEM('')
);
#91=SHAPE_REPRESENTATION_RELATIONSHIP('SRR','None',#11832,#96);
#92=SHAPE_REPRESENTATION_RELATIONSHIP('SRR','None',#11833,#97);
#93=SHAPE_REPRESENTATION_RELATIONSHIP('SRR','None',#11834,#98);
#94=SHAPE_REPRESENTATION_RELATIONSHIP('SRR','None',#11835,#99);
#95=SHAPE_REPRESENTATION_RELATIONSHIP('SRR','None',#11836,#100);
#96=ADVANCED_BREP_SHAPE_REPRESENTATION('',(#289,#290,#291,#292,#293,#294,
#295,#296,#297,#298),#11804);
#97=ADVANCED_BREP_SHAPE_REPRESENTATION('',(#299),#11805);
#98=ADVANCED_BREP_SHAPE_REPRESENTATION('',(#300),#11806);
#99=ADVANCED_BREP_SHAPE_REPRESENTATION('',(#301),#11807);
#100=ADVANCED_BREP_SHAPE_REPRESENTATION('',(#302),#11808);
#101=ELLIPSE('',#4313,0.850911130934495,0.831547070772701);
#102=ELLIPSE('',#4314,0.850911130903716,0.831547070757777);
#103=ELLIPSE('',#4329,0.850911130931715,0.831547070771377);
#104=ELLIPSE('',#4330,0.850911130902011,0.831547070756965);
#105=ELLIPSE('',#4345,0.846449578468497,0.829289673447775);
#106=ELLIPSE('',#4346,0.846449578466332,0.829289673446612);
#107=ELLIPSE('',#4347,0.850911130929613,0.831547070770353);
#108=ELLIPSE('',#4348,0.85091113090462,0.831547070758213);
#109=ELLIPSE('',#4363,0.850911130930651,0.831547070770859);
#110=ELLIPSE('',#4364,0.850911130901661,0.831547070756792);
#111=ELLIPSE('',#4379,0.856832965207981,0.834381985267425);
#112=ELLIPSE('',#4380,0.856832965211623,0.834381985269174);
#113=ELLIPSE('',#4381,0.850911130928277,0.831547070769722);
#114=ELLIPSE('',#4382,0.850911130901563,0.83154707075673);
#115=ELLIPSE('',#4397,0.854215458145807,0.83312667504532);
#116=ELLIPSE('',#4398,0.854215456535957,0.833126674225286);
#117=ELLIPSE('',#4399,0.850911130939678,0.831547070775211);
#118=ELLIPSE('',#4400,0.850911130902241,0.831547070757078);
#119=ELLIPSE('',#4425,0.850178443557905,0.831145165417512);
#120=ELLIPSE('',#4426,0.850178443559107,0.831145165418095);
#121=ELLIPSE('',#4427,0.850911130933311,0.831547070772149);
#122=ELLIPSE('',#4428,0.850911130903066,0.831547070757475);
#123=B_SPLINE_CURVE_WITH_KNOTS('',3,(#6096,#6097,#6098,#6099,#6100,#6101),
 .UNSPECIFIED.,.F.,.F.,(4,2,4),(-0.845761223452965,-0.81620391097001,-0.800881623655305),
 .UNSPECIFIED.);
#124=B_SPLINE_CURVE_WITH_KNOTS('',3,(#6103,#6104,#6105,#6106,#6107,#6108),
 .UNSPECIFIED.,.F.,.F.,(4,2,4),(0.649312203666858,0.690573964144748,0.767400686445932),
 .UNSPECIFIED.);
#125=B_SPLINE_CURVE_WITH_KNOTS('',3,(#6110,#6111,#6112,#6113,#6114,#6115),
 .UNSPECIFIED.,.F.,.F.,(4,2,4),(-0.845775361453424,-0.816203183516508,-0.800889645954112),
 .UNSPECIFIED.);
#126=B_SPLINE_CURVE_WITH_KNOTS('',3,(#6116,#6117,#6118,#6119,#6120,#6121),
 .UNSPECIFIED.,.F.,.F.,(4,2,4),(-0.753802952964669,-0.674427034454094,-0.635110547002772),
 .UNSPECIFIED.);
#127=B_SPLINE_CURVE_WITH_KNOTS('',3,(#6126,#6127,#6128,#6129,#6130,#6131,
#6132),.UNSPECIFIED.,.F.,.F.,(4,3,4),(-0.0593569991850613,0.,0.0592669329088176),
 .UNSPECIFIED.);
#128=B_SPLINE_CURVE_WITH_KNOTS('',3,(#6135,#6136,#6137,#6138,#6139,#6140,
#6141),.UNSPECIFIED.,.F.,.F.,(4,3,4),(1.35755594421432,1.41654277958336,
1.47560275828099),.UNSPECIFIED.);
#129=B_SPLINE_CURVE_WITH_KNOTS('',3,(#6147,#6148,#6149,#6150,#6151,#6152),
 .UNSPECIFIED.,.F.,.F.,(4,2,4),(0.502503187732863,0.559497178681531,0.616491169630199),
 .UNSPECIFIED.);
#130=B_SPLINE_CURVE_WITH_KNOTS('',3,(#6160,#6161,#6162,#6163,#6164,#6165),
 .UNSPECIFIED.,.F.,.F.,(4,2,4),(-0.6164911696302,-0.559497178681531,-0.502503187732863),
 .UNSPECIFIED.);
#131=B_SPLINE_CURVE_WITH_KNOTS('',3,(#6169,#6170,#6171,#6172,#6173,#6174),
 .UNSPECIFIED.,.F.,.F.,(4,2,4),(0.511269325666519,0.568143946624444,0.625018567582369),
 .UNSPECIFIED.);
#132=B_SPLINE_CURVE_WITH_KNOTS('',3,(#6178,#6179,#6180,#6181,#6182,#6183),
 .UNSPECIFIED.,.F.,.F.,(4,2,4),(-0.625018567582369,-0.568143946624444,-0.511269325666519),
 .UNSPECIFIED.);
#133=B_SPLINE_CURVE_WITH_KNOTS('',3,(#6196,#6197,#6198,#6199,#6200,#6201),
 .UNSPECIFIED.,.F.,.F.,(4,2,4),(-0.845775361453436,-0.816203183516506,-0.800889645954054),
 .UNSPECIFIED.);
#134=B_SPLINE_CURVE_WITH_KNOTS('',3,(#6203,#6204,#6205,#6206,#6207,#6208),
 .UNSPECIFIED.,.F.,.F.,(4,2,4),(0.649312203666825,0.690573964144751,0.767400686445971),
 .UNSPECIFIED.);
#135=B_SPLINE_CURVE_WITH_KNOTS('',3,(#6210,#6211,#6212,#6213,#6214,#6215),
 .UNSPECIFIED.,.F.,.F.,(4,2,4),(-0.845775361453438,-0.816203183516508,-0.800889645953844),
 .UNSPECIFIED.);
#136=B_SPLINE_CURVE_WITH_KNOTS('',3,(#6216,#6217,#6218,#6219,#6220,#6221),
 .UNSPECIFIED.,.F.,.F.,(4,2,4),(-0.753802952964721,-0.674427034454105,-0.635110547002745),
 .UNSPECIFIED.);
#137=B_SPLINE_CURVE_WITH_KNOTS('',3,(#6226,#6227,#6228,#6229,#6230,#6231,
#6232),.UNSPECIFIED.,.F.,.F.,(4,3,4),(-0.0593569991850612,0.,0.0592669329088171),
 .UNSPECIFIED.);
#138=B_SPLINE_CURVE_WITH_KNOTS('',3,(#6235,#6236,#6237,#6238,#6239,#6240,
#6241),.UNSPECIFIED.,.F.,.F.,(4,3,4),(1.35755594421432,1.41654277958336,
1.47560275828099),.UNSPECIFIED.);
#139=B_SPLINE_CURVE_WITH_KNOTS('',3,(#6247,#6248,#6249,#6250,#6251,#6252),
 .UNSPECIFIED.,.F.,.F.,(4,2,4),(0.502503187732862,0.559497178681531,0.616491169630199),
 .UNSPECIFIED.);
#140=B_SPLINE_CURVE_WITH_KNOTS('',3,(#6260,#6261,#6262,#6263,#6264,#6265),
 .UNSPECIFIED.,.F.,.F.,(4,2,4),(-0.616491169630199,-0.559497178681531,-0.502503187732862),
 .UNSPECIFIED.);
#141=B_SPLINE_CURVE_WITH_KNOTS('',3,(#6269,#6270,#6271,#6272,#6273,#6274),
 .UNSPECIFIED.,.F.,.F.,(4,2,4),(0.511269325666519,0.568143946624444,0.625018567582369),
 .UNSPECIFIED.);
#142=B_SPLINE_CURVE_WITH_KNOTS('',3,(#6278,#6279,#6280,#6281,#6282,#6283),
 .UNSPECIFIED.,.F.,.F.,(4,2,4),(-0.625018567582369,-0.568143946624444,-0.511269325666519),
 .UNSPECIFIED.);
#143=B_SPLINE_CURVE_WITH_KNOTS('',3,(#6298,#6299,#6300,#6301,#6302,#6303,
#6304),.UNSPECIFIED.,.F.,.F.,(4,3,4),(1.35755594421429,1.41654277958335,
1.47560275828101),.UNSPECIFIED.);
#144=B_SPLINE_CURVE_WITH_KNOTS('',3,(#6307,#6308,#6309,#6310,#6311,#6312,
#6313),.UNSPECIFIED.,.F.,.F.,(4,3,4),(-0.0593569991850569,0.,0.0592669329088127),
 .UNSPECIFIED.);
#145=B_SPLINE_CURVE_WITH_KNOTS('',3,(#6318,#6319,#6320,#6321,#6322,#6323),
 .UNSPECIFIED.,.F.,.F.,(4,2,4),(-0.753802952964683,-0.674427034454108,-0.635110547002786),
 .UNSPECIFIED.);
#146=B_SPLINE_CURVE_WITH_KNOTS('',3,(#6326,#6327,#6328,#6329,#6330,#6331),
 .UNSPECIFIED.,.F.,.F.,(4,2,4),(0.64931220366685,0.690573964144748,0.767400686445938),
 .UNSPECIFIED.);
#147=B_SPLINE_CURVE_WITH_KNOTS('',3,(#6337,#6338,#6339,#6340,#6341,#6342),
 .UNSPECIFIED.,.F.,.F.,(4,2,4),(0.502503187732863,0.559497178681531,0.6164911696302),
 .UNSPECIFIED.);
#148=B_SPLINE_CURVE_WITH_KNOTS('',3,(#6350,#6351,#6352,#6353,#6354,#6355),
 .UNSPECIFIED.,.F.,.F.,(4,2,4),(-0.6164911696302,-0.559497178681531,-0.502503187732863),
 .UNSPECIFIED.);
#149=B_SPLINE_CURVE_WITH_KNOTS('',3,(#6359,#6360,#6361,#6362,#6363,#6364),
 .UNSPECIFIED.,.F.,.F.,(4,2,4),(0.511269325666519,0.568143946624444,0.625018567582369),
 .UNSPECIFIED.);
#150=B_SPLINE_CURVE_WITH_KNOTS('',3,(#6368,#6369,#6370,#6371,#6372,#6373),
 .UNSPECIFIED.,.F.,.F.,(4,2,4),(-0.625018567582369,-0.568143946624444,-0.511269325666519),
 .UNSPECIFIED.);
#151=B_SPLINE_CURVE_WITH_KNOTS('',3,(#6386,#6387,#6388,#6389,#6390,#6391),
 .UNSPECIFIED.,.F.,.F.,(4,2,4),(-0.845775361453438,-0.816203183516506,-0.800889645954095),
 .UNSPECIFIED.);
#152=B_SPLINE_CURVE_WITH_KNOTS('',3,(#6393,#6394,#6395,#6396,#6397,#6398,
#6399),.UNSPECIFIED.,.F.,.F.,(4,3,4),(1.35755594421428,1.41654277958334,
1.47560275828101),.UNSPECIFIED.);
#153=B_SPLINE_CURVE_WITH_KNOTS('',3,(#6401,#6402,#6403,#6404,#6405,#6406),
 .UNSPECIFIED.,.F.,.F.,(4,2,4),(-0.845761223452982,-0.816203910970011,-0.800881623655233),
 .UNSPECIFIED.);
#154=B_SPLINE_CURVE_WITH_KNOTS('',3,(#6407,#6408,#6409,#6410,#6411,#6412,
#6413),.UNSPECIFIED.,.F.,.F.,(4,3,4),(-0.0593569991850703,0.,0.0592669329088256),
 .UNSPECIFIED.);
#155=B_SPLINE_CURVE_WITH_KNOTS('',3,(#6418,#6419,#6420,#6421,#6422,#6423),
 .UNSPECIFIED.,.F.,.F.,(4,2,4),(-0.753802952964646,-0.674427034454073,-0.635110547002752),
 .UNSPECIFIED.);
#156=B_SPLINE_CURVE_WITH_KNOTS('',3,(#6426,#6427,#6428,#6429,#6430,#6431),
 .UNSPECIFIED.,.F.,.F.,(4,2,4),(0.649312203666844,0.690573964144741,0.76740068644593),
 .UNSPECIFIED.);
#157=B_SPLINE_CURVE_WITH_KNOTS('',3,(#6437,#6438,#6439,#6440,#6441,#6442),
 .UNSPECIFIED.,.F.,.F.,(4,2,4),(0.502503187732863,0.559497178681531,0.6164911696302),
 .UNSPECIFIED.);
#158=B_SPLINE_CURVE_WITH_KNOTS('',3,(#6450,#6451,#6452,#6453,#6454,#6455),
 .UNSPECIFIED.,.F.,.F.,(4,2,4),(-0.6164911696302,-0.559497178681531,-0.502503187732863),
 .UNSPECIFIED.);
#159=B_SPLINE_CURVE_WITH_KNOTS('',3,(#6459,#6460,#6461,#6462,#6463,#6464),
 .UNSPECIFIED.,.F.,.F.,(4,2,4),(0.511269325666519,0.568143946624444,0.625018567582369),
 .UNSPECIFIED.);
#160=B_SPLINE_CURVE_WITH_KNOTS('',3,(#6468,#6469,#6470,#6471,#6472,#6473),
 .UNSPECIFIED.,.F.,.F.,(4,2,4),(-0.625018567582369,-0.568143946624444,-0.511269325666519),
 .UNSPECIFIED.);
#161=B_SPLINE_CURVE_WITH_KNOTS('',3,(#6488,#6489,#6490,#6491,#6492,#6493,
#6494),.UNSPECIFIED.,.F.,.F.,(4,3,4),(1.35755594421428,1.41654277958335,
1.47560275828102),.UNSPECIFIED.);
#162=B_SPLINE_CURVE_WITH_KNOTS('',3,(#6497,#6498,#6499,#6500,#6501,#6502,
#6503),.UNSPECIFIED.,.F.,.F.,(4,3,4),(-0.0593569991850607,0.,0.0592669329088162),
 .UNSPECIFIED.);
#163=B_SPLINE_CURVE_WITH_KNOTS('',3,(#6508,#6509,#6510,#6511,#6512,#6513),
 .UNSPECIFIED.,.F.,.F.,(4,2,4),(-0.753802952964681,-0.674427034454105,-0.635110547002782),
 .UNSPECIFIED.);
#164=B_SPLINE_CURVE_WITH_KNOTS('',3,(#6516,#6517,#6518,#6519,#6520,#6521),
 .UNSPECIFIED.,.F.,.F.,(4,2,4),(0.649312203666849,0.690573964144747,0.767400686445938),
 .UNSPECIFIED.);
#165=B_SPLINE_CURVE_WITH_KNOTS('',3,(#6527,#6528,#6529,#6530,#6531,#6532),
 .UNSPECIFIED.,.F.,.F.,(4,2,4),(0.502503187732863,0.559497178681531,0.616491169630199),
 .UNSPECIFIED.);
#166=B_SPLINE_CURVE_WITH_KNOTS('',3,(#6540,#6541,#6542,#6543,#6544,#6545),
 .UNSPECIFIED.,.F.,.F.,(4,2,4),(-0.6164911696302,-0.559497178681531,-0.502503187732863),
 .UNSPECIFIED.);
#167=B_SPLINE_CURVE_WITH_KNOTS('',3,(#6549,#6550,#6551,#6552,#6553,#6554),
 .UNSPECIFIED.,.F.,.F.,(4,2,4),(0.511269325666519,0.568143946624444,0.625018567582369),
 .UNSPECIFIED.);
#168=B_SPLINE_CURVE_WITH_KNOTS('',3,(#6558,#6559,#6560,#6561,#6562,#6563),
 .UNSPECIFIED.,.F.,.F.,(4,2,4),(-0.625018567582369,-0.568143946624444,-0.511269325666519),
 .UNSPECIFIED.);
#169=B_SPLINE_CURVE_WITH_KNOTS('',3,(#6576,#6577,#6578,#6579,#6580,#6581,
#6582),.UNSPECIFIED.,.F.,.F.,(4,3,4),(1.3295343568921,1.38880128979931,
1.44815828898437),.UNSPECIFIED.);
#170=B_SPLINE_CURVE_WITH_KNOTS('',3,(#6586,#6587,#6588,#6589,#6590,#6591,
#6592),.UNSPECIFIED.,.F.,.F.,(4,3,4),(-0.0590599786976057,0.,0.0589868353690623),
 .UNSPECIFIED.);
#171=B_SPLINE_CURVE_WITH_KNOTS('',3,(#6598,#6599,#6600,#6601,#6602,#6603),
 .UNSPECIFIED.,.F.,.F.,(4,2,4),(-0.753802952964674,-0.674427034454097,-0.635110547002775),
 .UNSPECIFIED.);
#172=B_SPLINE_CURVE_WITH_KNOTS('',3,(#6606,#6607,#6608,#6609,#6610,#6611),
 .UNSPECIFIED.,.F.,.F.,(4,2,4),(0.649312203666858,0.690573964144756,0.767400686445947),
 .UNSPECIFIED.);
#173=B_SPLINE_CURVE_WITH_KNOTS('',3,(#6615,#6616,#6617,#6618,#6619,#6620),
 .UNSPECIFIED.,.F.,.F.,(4,2,4),(0.511269325666469,0.568143946624444,0.625018567582369),
 .UNSPECIFIED.);
#174=B_SPLINE_CURVE_WITH_KNOTS('',3,(#6624,#6625,#6626,#6627,#6628,#6629),
 .UNSPECIFIED.,.F.,.F.,(4,2,4),(-0.616491169630199,-0.559497178681531,-0.502503187732862),
 .UNSPECIFIED.);
#175=B_SPLINE_CURVE_WITH_KNOTS('',3,(#6637,#6638,#6639,#6640,#6641,#6642,
#6643),.UNSPECIFIED.,.F.,.F.,(4,3,4),(1.06200036641439,1.11899435736306,
1.17598834831173),.UNSPECIFIED.);
#176=B_SPLINE_CURVE_WITH_KNOTS('',3,(#6647,#6648,#6649,#6650,#6651,#6652,
#6653),.UNSPECIFIED.,.F.,.F.,(4,3,4),(-0.0568746209579246,0.,0.0568746209579245),
 .UNSPECIFIED.);
#177=B_SPLINE_CURVE_WITH_KNOTS('',3,(#6665,#6666,#6667,#6668,#6669,#6670),
 .UNSPECIFIED.,.F.,.F.,(4,2,4),(0.502503187732863,0.559497178681531,0.6164911696302),
 .UNSPECIFIED.);
#178=B_SPLINE_CURVE_WITH_KNOTS('',3,(#6678,#6679,#6680,#6681,#6682,#6683,
#6684),.UNSPECIFIED.,.F.,.F.,(4,3,4),(1.06200036641439,1.11899435736306,
1.17598834831173),.UNSPECIFIED.);
#179=B_SPLINE_CURVE_WITH_KNOTS('',3,(#6688,#6689,#6690,#6691,#6692,#6693,
#6694),.UNSPECIFIED.,.F.,.F.,(4,3,4),(-0.0568746209579247,0.,0.0568746209579247),
 .UNSPECIFIED.);
#180=B_SPLINE_CURVE_WITH_KNOTS('',3,(#6698,#6699,#6700,#6701,#6702,#6703),
 .UNSPECIFIED.,.F.,.F.,(4,2,4),(-0.625018567582369,-0.568143946624444,-0.511269325666519),
 .UNSPECIFIED.);
#181=B_SPLINE_CURVE_WITH_KNOTS('',3,(#6718,#6719,#6720,#6721,#6722,#6723),
 .UNSPECIFIED.,.F.,.F.,(4,2,4),(0.649312203666814,0.690573964144746,0.767400686445971),
 .UNSPECIFIED.);
#182=B_SPLINE_CURVE_WITH_KNOTS('',3,(#6726,#6727,#6728,#6729,#6730,#6731),
 .UNSPECIFIED.,.F.,.F.,(4,2,4),(-0.753802952964678,-0.674427034454101,-0.635110547002778),
 .UNSPECIFIED.);
#183=B_SPLINE_CURVE_WITH_KNOTS('',3,(#6736,#6737,#6738,#6739,#6740,#6741,
#6742),.UNSPECIFIED.,.F.,.F.,(4,3,4),(-0.0593569991850606,0.,0.0592669329088162),
 .UNSPECIFIED.);
#184=B_SPLINE_CURVE_WITH_KNOTS('',3,(#6745,#6746,#6747,#6748,#6749,#6750,
#6751),.UNSPECIFIED.,.F.,.F.,(4,3,4),(1.35755594421431,1.41654277958335,
1.47560275828098),.UNSPECIFIED.);
#185=B_SPLINE_CURVE_WITH_KNOTS('',3,(#7730,#7731,#7732,#7733,#7734,#7735,
#7736,#7737,#7738,#7739,#7740,#7741,#7742,#7743),.UNSPECIFIED.,.F.,.F.,
(4,2,2,2,2,2,4),(1.85326493518773,1.88350198426767,1.96476100554833,2.04904395478318,
2.12806050142074,2.17065575629473,2.21426523861552),.UNSPECIFIED.);
#186=B_SPLINE_CURVE_WITH_KNOTS('',3,(#7746,#7747,#7748,#7749,#7750,#7751,
#7752,#7753),.UNSPECIFIED.,.F.,.F.,(4,2,2,4),(1.00000006925116E-6,0.107387203162853,
0.211147755357553,0.298936818217172),.UNSPECIFIED.);
#187=B_SPLINE_CURVE_WITH_KNOTS('',3,(#7760,#7761,#7762,#7763),
 .UNSPECIFIED.,.F.,.F.,(4,4),(4.98560760212864,5.02213602368675),
 .UNSPECIFIED.);
#188=B_SPLINE_CURVE_WITH_KNOTS('',3,(#7767,#7768,#7769,#7770,#7771,#7772,
#7773,#7774),.UNSPECIFIED.,.F.,.F.,(4,2,2,4),(1.000000067225E-6,0.134348376583227,
0.262166854511398,0.343031981402803),.UNSPECIFIED.);
#189=B_SPLINE_CURVE_WITH_KNOTS('',3,(#7777,#7778,#7779,#7780,#7781,#7782,
#7783,#7784,#7785,#7786,#7787,#7788,#7789,#7790,#7791,#7792,#7793,#7794,
#7795,#7796,#7797,#7798,#7799,#7800,#7801,#7802,#7803,#7804,#7805,#7806,
#7807,#7808,#7809,#7810,#7811,#7812),.UNSPECIFIED.,.F.,.F.,(4,2,2,2,2,2,
2,2,2,2,2,2,2,2,2,2,2,4),(2.49936660060049,2.5989003755217,2.74568002500181,
2.89345430421552,3.04239456348058,3.19265672324703,3.34379540797096,3.4965658496122,
3.64993731324382,3.80523540266626,3.9608710638282,4.11871525884057,4.27664402974815,
4.43705198722267,4.59730062460283,4.76028929112763,4.8880494724922,4.98560760212864),
 .UNSPECIFIED.);
#190=B_SPLINE_CURVE_WITH_KNOTS('',3,(#7817,#7818,#7819,#7820,#7821,#7822,
#7823,#7824),.UNSPECIFIED.,.F.,.F.,(4,2,2,4),(-0.35038469620731,-0.311986095573881,
-0.154887495246973,-9.99999999584666E-7),.UNSPECIFIED.);
#191=B_SPLINE_CURVE_WITH_KNOTS('',3,(#7825,#7826,#7827,#7828),
 .UNSPECIFIED.,.F.,.F.,(4,4),(-59.1633391268103,-59.128287498783),
 .UNSPECIFIED.);
#192=B_SPLINE_CURVE_WITH_KNOTS('',3,(#7833,#7834,#7835,#7836,#7837,#7838,
#7839,#7840,#7841,#7842,#7843,#7844,#7845,#7846,#7847,#7848,#7849,#7850,
#7851,#7852,#7853,#7854,#7855,#7856,#7857,#7858,#7859,#7860,#7861,#7862,
#7863,#7864,#7865,#7866,#7867,#7868),.UNSPECIFIED.,.F.,.F.,(4,2,2,2,2,2,
2,2,2,2,2,2,2,2,2,2,2,4),(-2.87325055668455,-2.81208335668707,-2.65387716293449,
-2.49991843500601,-2.34158457392364,-2.18767428997509,-2.02921347281022,
-1.87534024474539,-1.71675335111691,-1.56290614217453,-1.40419418657575,
-1.25036238149059,-1.09152648178662,-0.937699945164683,-0.778741293573395,
-0.62491041615918,-0.465830253058762,-0.35038469620731),.UNSPECIFIED.);
#193=B_SPLINE_CURVE_WITH_KNOTS('',3,(#7869,#7870,#7871,#7872,#7873,#7874,
#7875,#7876,#7877,#7878,#7879,#7880,#7881,#7882,#7883,#7884,#7885,#7886,
#7887,#7888,#7889,#7890,#7891,#7892,#7893,#7894,#7895,#7896,#7897,#7898,
#7899,#7900,#7901,#7902,#7903,#7904),.UNSPECIFIED.,.F.,.F.,(4,2,2,2,2,2,
2,2,2,2,2,2,2,2,2,2,2,4),(-59.128287498783,-59.0632743340933,-58.9608797528702,
-58.8004915834813,-58.6446216603335,-58.4840672794404,-58.3281691121732,
-58.1674520820293,-58.0115214562016,-57.8506452421778,-57.6946781515949,
-57.5336461099295,-57.3776387533078,-57.2164541215991,-57.0604028981685,
-56.8990687883072,-56.7429702925406,-56.5869807890374),.UNSPECIFIED.);
#194=B_SPLINE_CURVE_WITH_KNOTS('',3,(#7909,#7910,#7911,#7912,#7913,#7914,
#7915,#7916,#7917,#7918,#7919,#7920,#7921,#7922,#7923,#7924,#7925,#7926,
#7927,#7928,#7929,#7930,#7931,#7932,#7933,#7934,#7935,#7936,#7937,#7938,
#7939,#7940,#7941,#7942,#7943,#7944),.UNSPECIFIED.,.F.,.F.,(4,2,2,2,2,2,
2,2,2,2,2,2,2,2,2,2,2,4),(-5.39531609909008,-5.30796018566557,-5.15076933797146,
-4.99600062775415,-4.83868657382736,-4.68405911218275,-4.52662002999447,
-4.37212310458255,-4.21455757534404,-4.06017969123559,-3.90248668566482,
-3.74821630925476,-3.59039517573138,-3.43622054877958,-3.27827097506503,
-3.12418020524993,-2.96610218684654,-2.87325055668455),.UNSPECIFIED.);
#195=B_SPLINE_CURVE_WITH_KNOTS('',3,(#7945,#7946,#7947,#7948,#7949,#7950,
#7951,#7952,#7953,#7954,#7955,#7956,#7957,#7958,#7959,#7960,#7961,#7962,
#7963,#7964,#7965,#7966,#7967,#7968,#7969,#7970,#7971,#7972,#7973,#7974,
#7975,#7976,#7977,#7978,#7979,#7980),.UNSPECIFIED.,.F.,.F.,(4,2,2,2,2,2,
2,2,2,2,2,2,2,2,2,2,2,4),(-56.5869807890374,-56.5814896857898,-56.4253407014321,
-56.2637164453784,-56.1075139389307,-55.9457487460485,-55.7894898598453,
-55.6275863074352,-55.471268352437,-55.3092288837224,-55.1528493321284,
-54.9906762583128,-54.8342327360876,-54.6719282391967,-54.5154185185864,
-54.3529846549409,-54.1964066470461,-54.0357161845692),.UNSPECIFIED.);
#196=B_SPLINE_CURVE_WITH_KNOTS('',3,(#7985,#7986,#7987,#7988,#7989,#7990,
#7991,#7992,#7993,#7994,#7995,#7996,#7997,#7998,#7999,#8000,#8001,#8002,
#8003,#8004,#8005,#8006,#8007,#8008,#8009,#8010,#8011,#8012,#8013,#8014,
#8015,#8016,#8017,#8018,#8019,#8020),.UNSPECIFIED.,.F.,.F.,(4,2,2,2,2,2,
2,2,2,2,2,2,2,2,2,2,2,4),(-7.91784392559882,-7.80571515119933,-7.64939367045735,
-7.49319025049799,-7.33677516238583,-7.18077320481413,-7.02425946588616,
-6.86845438061832,-6.71183728504829,-6.556223594261,-6.39949880384832,-6.24407014807762,
-6.08723371724973,-5.93198287603842,-5.77503127114422,-5.61995019854626,
-5.46288031089671,-5.39531609909008),.UNSPECIFIED.);
#197=B_SPLINE_CURVE_WITH_KNOTS('',3,(#8021,#8022,#8023,#8024,#8025,#8026,
#8027,#8028,#8029,#8030,#8031,#8032,#8033,#8034,#8035,#8036,#8037,#8038,
#8039,#8040,#8041,#8042,#8043,#8044,#8045,#8046,#8047,#8048,#8049,#8050,
#8051,#8052,#8053,#8054,#8055,#8056,#8057,#8058),.UNSPECIFIED.,.F.,.F.,
(4,2,2,2,2,2,2,2,2,2,2,2,2,2,2,2,2,2,4),(-54.0357161845692,-54.0338453512262,
-53.8771970986851,-53.7145101878685,-53.5577898576955,-53.3949790362651,
-53.2381849128798,-53.0752517772125,-52.9183822556879,-52.7553282990489,
-52.5983818785992,-52.4352084960789,-52.2781837738023,-52.1148922672431,
-51.9577879321302,-51.7943795149989,-51.6371943422129,-51.4737410174817,
-51.4735661356784),.UNSPECIFIED.);
#198=B_SPLINE_CURVE_WITH_KNOTS('',3,(#8063,#8064,#8065,#8066,#8067,#8068,
#8069,#8070,#8071,#8072,#8073,#8074,#8075,#8076,#8077,#8078,#8079,#8080,
#8081,#8082,#8083,#8084,#8085,#8086,#8087,#8088,#8089,#8090,#8091,#8092,
#8093,#8094,#8095,#8096,#8097,#8098),.UNSPECIFIED.,.F.,.F.,(4,2,2,2,2,2,
2,2,2,2,2,2,2,2,2,2,2,4),(-10.4424897607622,-10.3107589152844,-10.1549765729935,
-9.99709503208105,-9.84126703070114,-9.6835949188324,-9.52771490260647,
-9.3702535833482,-9.21431522028658,-9.05706549823341,-8.90106251846336,
-8.74402457650755,-8.58795081238823,-8.43112415175894,-8.27497357911843,
-8.11835696385373,-7.96212374359866,-7.91784392559882),.UNSPECIFIED.);
#199=B_SPLINE_CURVE_WITH_KNOTS('',3,(#8099,#8100,#8101,#8102,#8103,#8104,
#8105,#8106,#8107,#8108,#8109,#8110,#8111,#8112,#8113,#8114,#8115,#8116,
#8117,#8118,#8119,#8120,#8121,#8122,#8123,#8124,#8125,#8126,#8127,#8128,
#8129,#8130,#8131,#8132,#8133,#8134),.UNSPECIFIED.,.F.,.F.,(4,2,2,2,2,2,
2,2,2,2,2,2,2,2,2,2,2,4),(-51.4735661356784,-51.3166088506657,-51.1532568618259,
-50.9962215234805,-50.8329709106365,-50.6760323319182,-50.5128831442237,
-50.3560412464427,-50.1929935429289,-50.0362482352919,-49.8733020857724,
-49.716653262726,-49.5538087487879,-49.3972562869034,-49.2345135029893,
-49.0780572573212,-48.9154163119123,-48.9127516235544),.UNSPECIFIED.);
#200=B_SPLINE_CURVE_WITH_KNOTS('',3,(#8139,#8140,#8141,#8142,#8143,#8144,
#8145,#8146,#8147,#8148,#8149,#8150,#8151,#8152,#8153,#8154,#8155,#8156,
#8157,#8158,#8159,#8160,#8161,#8162,#8163,#8164,#8165,#8166,#8167,#8168,
#8169,#8170,#8171,#8172,#8173,#8174),.UNSPECIFIED.,.F.,.F.,(4,2,2,2,2,2,
2,2,2,2,2,2,2,2,2,2,2,4),(-12.9717204364821,-12.8264119829753,-12.6707737982269,
-12.5113124192117,-12.3556765724525,-12.1964009844514,-12.0407619755794,
-11.8816758457095,-11.7260279954839,-11.5671348876608,-11.4114723519327,
-11.2527756817978,-11.0970924688498,-10.9385954543494,-10.7828854454648,
-10.624591053341,-10.4688480266696,-10.4424897607622),.UNSPECIFIED.);
#201=B_SPLINE_CURVE_WITH_KNOTS('',3,(#8175,#8176,#8177,#8178,#8179,#8180,
#8181,#8182,#8183,#8184,#8185,#8186,#8187,#8188,#8189,#8190,#8191,#8192,
#8193,#8194,#8195,#8196,#8197,#8198,#8199,#8200,#8201,#8202,#8203,#8204,
#8205,#8206,#8207,#8208,#8209,#8210),.UNSPECIFIED.,.F.,.F.,(4,2,2,2,2,2,
2,2,2,2,2,2,2,2,2,2,2,4),(-48.9127516235544,-48.7590561117561,-48.5965171286624,
-48.4402527726284,-48.2778158923958,-48.1216471427074,-47.9593125241483,
-47.8032391000664,-47.6410069219232,-47.4850284921877,-47.3228989549353,
-47.1670151291105,-47.0049884569049,-46.8491987755058,-46.6872752182837,
-46.5315791415592,-46.3697589772904,-46.3625640056283),.UNSPECIFIED.);
#202=B_SPLINE_CURVE_WITH_KNOTS('',3,(#8215,#8216,#8217,#8218,#8219,#8220,
#8221,#8222,#8223,#8224,#8225,#8226,#8227,#8228,#8229,#8230,#8231,#8232,
#8233,#8234,#8235,#8236,#8237,#8238,#8239,#8240,#8241,#8242,#8243,#8244,
#8245,#8246,#8247,#8248,#8249,#8250),.UNSPECIFIED.,.F.,.F.,(4,2,2,2,2,2,
2,2,2,2,2,2,2,2,2,2,2,4),(-15.5081231861299,-15.3541294482711,-15.1982986201449,
-15.0374839219916,-14.8816921454403,-14.7210341535414,-14.5652775673239,
-14.4047796698291,-14.2490542068367,-14.0887198973759,-13.9330212816756,
-13.7728541461954,-13.6171778914083,-13.4571815918637,-13.3015230011006,
-13.141701255696,-12.9860554232858,-12.9717204364821),.UNSPECIFIED.);
#203=B_SPLINE_CURVE_WITH_KNOTS('',3,(#8251,#8252,#8253,#8254,#8255,#8256,
#8257,#8258,#8259,#8260,#8261,#8262,#8263,#8264,#8265,#8266,#8267,#8268,
#8269,#8270,#8271,#8272,#8273,#8274,#8275,#8276,#8277,#8278,#8279,#8280,
#8281,#8282,#8283,#8284,#8285,#8286),.UNSPECIFIED.,.F.,.F.,(4,2,2,2,2,2,
2,2,2,2,2,2,2,2,2,2,2,4),(-46.3625640056283,-46.2141558725341,-46.0524394096276,
-45.8969285368886,-45.735316116748,-45.5798966128207,-45.4183886125387,
-45.2630594731183,-45.101656308296,-44.9464163682043,-44.7851184958703,
-44.6299664072815,-44.4687743288773,-44.313708537506,-44.1526228018912,
-43.9976415211495,-43.8366627275672,-43.8215136381142),.UNSPECIFIED.);
#204=B_SPLINE_CURVE_WITH_KNOTS('',3,(#8291,#8292,#8293,#8294,#8295,#8296,
#8297,#8298,#8299,#8300,#8301,#8302,#8303,#8304,#8305,#8306,#8307,#8308,
#8309,#8310,#8311,#8312,#8313,#8314,#8315,#8316,#8317,#8318,#8319,#8320,
#8321,#8322,#8323,#8324,#8325,#8326),.UNSPECIFIED.,.F.,.F.,(4,2,2,2,2,2,
2,2,2,2,2,2,2,2,2,2,2,4),(-18.053757065837,-17.8943746074663,-17.7381153666026,
-17.5761539646965,-17.4199578977831,-17.2581306729249,-17.1019953609191,
-16.940304663089,-16.7842275309919,-16.6226758427904,-16.4666541521992,
-16.3052440906204,-16.1492749323951,-15.9880092495801,-15.8320895367209,
-15.6709711194895,-15.5150975803351,-15.5081231861299),.UNSPECIFIED.);
#205=B_SPLINE_CURVE_WITH_KNOTS('',3,(#8327,#8328,#8329,#8330,#8331,#8332,
#8333,#8334,#8335,#8336,#8337,#8338,#8339,#8340,#8341,#8342,#8343,#8344,
#8345,#8346,#8347,#8348,#8349,#8350,#8351,#8352,#8353,#8354,#8355,#8356,
#8357,#8358,#8359,#8360,#8361,#8362),.UNSPECIFIED.,.F.,.F.,(4,2,2,2,2,2,
2,2,2,2,2,2,2,2,2,2,2,4),(-43.8215136381142,-43.6817639107539,-43.5208927116784,
-43.3660740223321,-43.2053111261021,-43.050569906732,-42.8899160798522,
-42.7352493193564,-42.5747053883249,-42.4201096885146,-42.2596765410087,
-42.1051480827768,-41.944826668005,-41.7903611778062,-41.6301525058057,
-41.4757452232465,-41.3156503628851,-41.2873967905201),.UNSPECIFIED.);
#206=B_SPLINE_CURVE_WITH_KNOTS('',3,(#8367,#8368,#8369,#8370,#8371,#8372,
#8373,#8374,#8375,#8376,#8377,#8378,#8379,#8380,#8381,#8382,#8383,#8384,
#8385,#8386,#8387,#8388,#8389,#8390,#8391,#8392,#8393,#8394,#8395,#8396,
#8397,#8398,#8399,#8400,#8401,#8402),.UNSPECIFIED.,.F.,.F.,(4,2,2,2,2,2,
2,2,2,2,2,2,2,2,2,2,2,4),(-20.6100146445598,-20.4472482341258,-20.2904128028298,
-20.1274477828881,-19.9706901408478,-19.8078448496021,-19.6511635652958,
-19.4884394266821,-19.331832968869,-19.1692315064471,-19.0126982378357,
-18.8502210797138,-18.6937592503793,-18.5314081340774,-18.3750158746452,
-18.2127926518308,-18.0564679664501,-18.053757065837),.UNSPECIFIED.);
#207=B_SPLINE_CURVE_WITH_KNOTS('',3,(#8403,#8404,#8405,#8406,#8407,#8408,
#8409,#8410,#8411,#8412,#8413,#8414,#8415,#8416,#8417,#8418,#8419,#8420,
#8421,#8422,#8423,#8424,#8425,#8426,#8427,#8428,#8429,#8430,#8431,#8432,
#8433,#8434,#8435,#8436,#8437,#8438),.UNSPECIFIED.,.F.,.F.,(4,2,2,2,2,2,
2,2,2,2,2,2,2,2,2,2,2,4),(-41.2873967905201,-41.1612960103541,-41.0013160857722,
-40.8470088411651,-40.6871450263808,-40.5328785000759,-40.3731320114719,
-40.2188992287957,-40.0592713152102,-39.905064705671,-39.7455566358395,
-39.5913680304015,-39.4319810775306,-39.2778017151412,-39.1185371384549,
-38.9643576829083,-38.8052167060858,-38.7575074089956),.UNSPECIFIED.);
#208=B_SPLINE_CURVE_WITH_KNOTS('',3,(#8443,#8444,#8445,#8446,#8447,#8448,
#8449,#8450,#8451,#8452,#8453,#8454,#8455,#8456,#8457,#8458,#8459,#8460,
#8461,#8462,#8463,#8464,#8465,#8466,#8467,#8468,#8469,#8470,#8471,#8472,
#8473,#8474,#8475,#8476,#8477,#8478,#8479,#8480),.UNSPECIFIED.,.F.,.F.,
(4,2,2,2,2,2,2,2,2,2,2,2,2,2,2,2,2,2,4),(-23.1700911344818,-23.1683086063452,
-23.0056607143572,-22.8492014485114,-22.6864520895624,-22.5298964399448,
-22.3670456917776,-22.210393557829,-22.0474414867434,-21.8906927817814,
-21.7276394435969,-21.5707940922918,-21.407639533227,-21.2506974694594,
-21.0874417269355,-20.9304467913597,-20.7672462119461,-20.6103316535217,
-20.6100146445598),.UNSPECIFIED.);
#209=B_SPLINE_CURVE_WITH_KNOTS('',3,(#8481,#8482,#8483,#8484,#8485,#8486,
#8487,#8488,#8489,#8490,#8491,#8492,#8493,#8494,#8495,#8496,#8497,#8498,
#8499,#8500,#8501,#8502,#8503,#8504,#8505,#8506,#8507,#8508,#8509,#8510,
#8511,#8512,#8513,#8514,#8515,#8516),.UNSPECIFIED.,.F.,.F.,(4,2,2,2,2,2,
2,2,2,2,2,2,2,2,2,2,2,4),(-38.7575074089956,-38.6510272741101,-38.4920110606303,
-38.3378012618229,-38.1789108873513,-38.0246698762496,-37.8659062983353,
-37.7116228385264,-37.5529868640205,-37.39864940376,-37.240141654516,-37.0857384128749,
-36.9273592904296,-36.772878352537,-36.6146280026014,-36.4600574221301,
-36.3019356998143,-36.2294019487293),.UNSPECIFIED.);
#210=B_SPLINE_CURVE_WITH_KNOTS('',3,(#8521,#8522,#8523,#8524,#8525,#8526,
#8527,#8528,#8529,#8530,#8531,#8532,#8533,#8534,#8535,#8536,#8537,#8538,
#8539,#8540,#8541,#8542,#8543,#8544,#8545,#8546,#8547,#8548,#8549,#8550,
#8551,#8552,#8553,#8554,#8555,#8556),.UNSPECIFIED.,.F.,.F.,(4,2,2,2,2,2,
2,2,2,2,2,2,2,2,2,2,2,4),(-25.719648117995,-25.7140487280161,-25.5522171394341,
-25.3965224117061,-25.2345881735731,-25.0787988474283,-24.9167621760904,
-24.7608778808225,-24.5987389695926,-24.4427593908038,-24.2805184118622,
-24.12444328317,-23.9621003893208,-23.8059294851243,-23.6434848114148,-23.4872179406079,
-23.3246716058184,-23.1700911344818),.UNSPECIFIED.);
#211=B_SPLINE_CURVE_WITH_KNOTS('',3,(#8557,#8558,#8559,#8560,#8561,#8562,
#8563,#8564,#8565,#8566,#8567,#8568,#8569,#8570,#8571,#8572,#8573,#8574,
#8575,#8576,#8577,#8578,#8579,#8580,#8581,#8582,#8583,#8584,#8585,#8586,
#8587,#8588,#8589,#8590,#8591,#8592),.UNSPECIFIED.,.F.,.F.,(4,2,2,2,2,2,
2,2,2,2,2,2,2,2,2,2,2,4),(-36.2294019487293,-36.1472636064896,-35.9892700432573,
-35.8344847528817,-35.6766185256618,-35.5217084652152,-35.3639683540522,
-35.2089223668951,-35.0513067665334,-34.8961143605224,-34.7386212468844,
-34.5832725197031,-34.4258994395091,-34.2703851620478,-34.113129228951,
-33.9574409166583,-33.800298814111,-33.701521996741),.UNSPECIFIED.);
#212=B_SPLINE_CURVE_WITH_KNOTS('',3,(#8597,#8598,#8599,#8600,#8601,#8602,
#8603,#8604,#8605,#8606,#8607,#8608,#8609,#8610,#8611,#8612,#8613,#8614,
#8615,#8616,#8617,#8618,#8619,#8620,#8621,#8622,#8623,#8624,#8625,#8626,
#8627,#8628,#8629,#8630,#8631,#8632),.UNSPECIFIED.,.F.,.F.,(4,2,2,2,2,2,
2,2,2,2,2,2,2,2,2,2,2,4),(-28.2595809842738,-28.2471948785753,-28.0861957847356,
-27.9312339559195,-27.77012937525,-27.6150793826996,-27.4538698019669,-27.2987303583302,
-27.1374162208725,-26.9821862142798,-26.8207679229719,-26.6654463959127,
-26.5039243160537,-26.3485104462324,-26.1868849083245,-26.0313779914157,
-25.8696492938138,-25.719648117995),.UNSPECIFIED.);
#213=B_SPLINE_CURVE_WITH_KNOTS('',3,(#8633,#8634,#8635,#8636,#8637,#8638,
#8639,#8640,#8641,#8642,#8643,#8644,#8645,#8646,#8647,#8648,#8649,#8650,
#8651,#8652,#8653,#8654,#8655,#8656,#8657,#8658,#8659,#8660,#8661,#8662,
#8663,#8664,#8665,#8666,#8667,#8668),.UNSPECIFIED.,.F.,.F.,(4,2,2,2,2,2,
2,2,2,2,2,2,2,2,2,2,2,4),(-33.701521996741,-33.6444287847565,-33.485686523696,
-33.3314374503362,-33.1725682359405,-33.0183523510112,-32.8593571163157,
-32.7051634995536,-32.5460433014742,-32.3918614771268,-32.2326174656066,
-32.0784374566686,-31.9190708465618,-31.7648832168617,-31.6053952627376,
-31.4511911471006,-31.2915831211248,-31.1725640609149),.UNSPECIFIED.);
#214=B_SPLINE_CURVE_WITH_KNOTS('',3,(#8673,#8674,#8675,#8676,#8677,#8678,
#8679,#8680,#8681,#8682,#8683,#8684,#8685,#8686,#8687,#8688,#8689,#8690,
#8691,#8692,#8693,#8694,#8695,#8696,#8697,#8698,#8699,#8700,#8701,#8702,
#8703,#8704,#8705,#8706,#8707,#8708),.UNSPECIFIED.,.F.,.F.,(4,2,2,2,2,2,
2,2,2,2,2,2,2,2,2,2,2,4),(-30.7918839841586,-30.7680683420627,-30.6079368192742,
-30.4536043616329,-30.2933615607939,-30.1389607348007,-29.9786075848968,
-29.8241347097819,-29.6636720783606,-29.5091238832824,-29.3485525770825,
-29.1939261673883,-29.0332469337415,-28.878539757762,-28.7177532865791,
-28.5629631034565,-28.4020700296424,-28.2595809842738),.UNSPECIFIED.);
#215=B_SPLINE_CURVE_WITH_KNOTS('',3,(#8709,#8710,#8711,#8712,#8713,#8714,
#8715,#8716,#8717,#8718,#8719,#8720,#8721,#8722,#8723,#8724,#8725,#8726,
#8727,#8728,#8729,#8730,#8731,#8732,#8733,#8734,#8735,#8736,#8737,#8738,
#8739,#8740,#8741,#8742,#8743,#8744),.UNSPECIFIED.,.F.,.F.,(4,2,2,2,2,2,
2,2,2,2,2,2,2,2,2,2,2,4),(-31.1725640609149,-31.1373542441781,-30.9776274171089,
-30.8233661015764,-30.6635217268082,-30.5092208923477,-30.3492601928563,
-30.194913346634,-30.0348375046131,-29.8804387248803,-29.7202488738209,
-29.5657927877763,-29.4054900067155,-29.2509717638992,-29.090557073555,
-28.9359723159499,-28.7754466764646,-28.6404360469596),.UNSPECIFIED.);
#216=B_SPLINE_CURVE_WITH_KNOTS('',3,(#8749,#8750,#8751,#8752,#8753,#8754,
#8755,#8756,#8757,#8758,#8759,#8760,#8761,#8762,#8763,#8764,#8765,#8766,
#8767,#8768,#8769,#8770,#8771,#8772,#8773,#8774,#8775,#8776,#8777,#8778,
#8779,#8780,#8781,#8782,#8783,#8784),.UNSPECIFIED.,.F.,.F.,(4,2,2,2,2,2,
2,2,2,2,2,2,2,2,2,2,2,4),(-33.3191705724592,-33.2777848464872,-33.1185835627379,
-32.9646060907126,-32.8052842503224,-32.6512862246036,-32.4918450994433,
-32.3378185461868,-32.1782593986043,-32.0241969417647,-31.8645210100817,
-31.7104158660853,-31.5506243528965,-31.3964703176729,-31.2365643807159,
-31.0823558103647,-30.9223365556983,-30.7918839841586),.UNSPECIFIED.);
#217=B_SPLINE_CURVE_WITH_KNOTS('',3,(#8785,#8786,#8787,#8788,#8789,#8790,
#8791,#8792,#8793,#8794,#8795,#8796,#8797,#8798,#8799,#8800,#8801,#8802,
#8803,#8804,#8805,#8806,#8807,#8808,#8809,#8810,#8811,#8812,#8813,#8814,
#8815,#8816,#8817,#8818,#8819,#8820),.UNSPECIFIED.,.F.,.F.,(4,2,2,2,2,2,
2,2,2,2,2,2,2,2,2,2,2,4),(-28.6404360469596,-28.6207915063783,-28.460155816404,
-28.3054267630835,-28.1446818599628,-27.9898758457657,-27.8290225065838,
-27.6741368133963,-27.5131757567071,-27.3582079931683,-27.1971398812224,
-27.0420879511957,-26.880913392524,-26.7257754651422,-26.5644950173732,
-26.4092694988884,-26.2478836716986,-26.1024209240539),.UNSPECIFIED.);
#218=B_SPLINE_CURVE_WITH_KNOTS('',3,(#8825,#8826,#8827,#8828,#8829,#8830,
#8831,#8832,#8833,#8834,#8835,#8836,#8837,#8838,#8839,#8840,#8841,#8842,
#8843,#8844,#8845,#8846,#8847,#8848,#8849,#8850,#8851,#8852,#8853,#8854,
#8855,#8856,#8857,#8858,#8859,#8860),.UNSPECIFIED.,.F.,.F.,(4,2,2,2,2,2,
2,2,2,2,2,2,2,2,2,2,2,4),(-35.8441209989927,-35.7768875929729,-35.6196823249129,
-35.4644316950273,-35.3073444539902,-35.151922832211,-34.9949504523385,
-34.8393498868459,-34.682488778199,-34.5267021487579,-34.3699483111837,
-34.2139693628045,-34.0573184060032,-33.901141767744,-33.7445889369692,
-33.5882101262464,-33.4317503329131,-33.3191705724592),.UNSPECIFIED.);
#219=B_SPLINE_CURVE_WITH_KNOTS('',3,(#8861,#8862,#8863,#8864,#8865,#8866,
#8867,#8868,#8869,#8870,#8871,#8872,#8873,#8874,#8875,#8876,#8877,#8878,
#8879,#8880,#8881,#8882,#8883,#8884,#8885,#8886,#8887,#8888,#8889,#8890,
#8891,#8892,#8893,#8894,#8895,#8896),.UNSPECIFIED.,.F.,.F.,(4,2,2,2,2,2,
2,2,2,2,2,2,2,2,2,2,2,4),(-26.1024209240539,-26.0925691792822,-25.9310784373992,
-25.7756737749657,-25.6140785411609,-25.4585826772319,-25.2968833352544,
-25.1412953828323,-24.9794922802475,-24.8238114786334,-24.6619049295419,
-24.5061306280058,-24.3441209156238,-24.1882525588178,-24.0261399379104,
-23.8701770529032,-23.707961752065,-23.5560584515479),.UNSPECIFIED.);
#220=B_SPLINE_CURVE_WITH_KNOTS('',3,(#8901,#8902,#8903,#8904,#8905,#8906,
#8907,#8908,#8909,#8910,#8911,#8912,#8913,#8914,#8915,#8916,#8917,#8918,
#8919,#8920,#8921,#8922,#8923,#8924,#8925,#8926,#8927,#8928,#8929,#8930,
#8931,#8932,#8933,#8934,#8935,#8936),.UNSPECIFIED.,.F.,.F.,(4,2,2,2,2,2,
2,2,2,2,2,2,2,2,2,2,2,4),(-38.3686008681675,-38.2760502379821,-38.1178369910457,
-37.9635886550769,-37.8055039911542,-37.651170211423,-37.4932140889621,
-37.3387829726336,-37.1809550379025,-37.0264148402489,-36.8687143960228,
-36.7140535665631,-36.5564795320797,-36.4016866609021,-36.2442375672573,
-36.0893019955319,-35.9319759659618,-35.8441209989927),.UNSPECIFIED.);
#221=B_SPLINE_CURVE_WITH_KNOTS('',3,(#8937,#8938,#8939,#8940,#8941,#8942,
#8943,#8944,#8945,#8946,#8947,#8948,#8949,#8950,#8951,#8952,#8953,#8954,
#8955,#8956,#8957,#8958,#8959,#8960,#8961,#8962,#8963,#8964,#8965,#8966,
#8967,#8968,#8969,#8970,#8971,#8972),.UNSPECIFIED.,.F.,.F.,(4,2,2,2,2,2,
2,2,2,2,2,2,2,2,2,2,2,4),(-23.5560584515479,-23.5519039368719,-23.3895861606527,
-23.2334330741323,-23.0710130050128,-22.9147643580035,-22.7522421582237,
-22.5958977057987,-22.4332735190451,-22.2768330537697,-22.1141070067295,
-21.957570352811,-21.7947425566003,-21.6381095648306,-21.4751801163052,
-21.3184506597029,-21.1554196426595,-20.9995805245823),.UNSPECIFIED.);
#222=B_SPLINE_CURVE_WITH_KNOTS('',3,(#8977,#8978,#8979,#8980,#8981,#8982,
#8983,#8984,#8985,#8986,#8987,#8988,#8989,#8990,#8991,#8992,#8993,#8994,
#8995,#8996,#8997,#8998,#8999,#9000,#9001,#9002,#9003,#9004,#9005,#9006,
#9007,#9008,#9009,#9010,#9011,#9012),.UNSPECIFIED.,.F.,.F.,(4,2,2,2,2,2,
2,2,2,2,2,2,2,2,2,2,2,4),(-40.8938587189217,-40.7786194468441,-40.6194021590355,
-40.4654249617945,-40.3063294604697,-40.1523554243337,-39.9933829463165,
-39.8394023842063,-39.680554114969,-39.52655681834,-39.3678338654144,-39.213809152101,
-39.0552125156958,-38.9011492898591,-38.7426798310452,-38.5885666548444,
-38.430225061816,-38.3686008681675),.UNSPECIFIED.);
#223=B_SPLINE_CURVE_WITH_KNOTS('',3,(#9013,#9014,#9015,#9016,#9017,#9018,
#9019,#9020,#9021,#9022,#9023,#9024,#9025,#9026,#9027,#9028,#9029,#9030,
#9031,#9032,#9033,#9034,#9035,#9036,#9037,#9038,#9039,#9040,#9041,#9042,
#9043,#9044,#9045,#9046,#9047,#9048,#9049,#9050),.UNSPECIFIED.,.F.,.F.,
(4,2,2,2,2,2,2,2,2,2,2,2,2,2,2,2,2,2,4),(-20.9995805245823,-20.998593612727,
-20.8354610990028,-20.6785384025225,-20.5153044530022,-20.3582850093026,
-20.1949496748379,-20.0378334134695,-19.8743967357205,-19.7172274345883,
-19.5538295682113,-19.3967413109971,-19.2334601120421,-19.0764516898242,
-18.9132883553491,-18.7563584741011,-18.5933142886094,-18.4364615635333,
-18.4355415793457),.UNSPECIFIED.);
#224=B_SPLINE_CURVE_WITH_KNOTS('',3,(#9055,#9056,#9057,#9058,#9059,#9060,
#9061,#9062,#9063,#9064,#9065,#9066,#9067,#9068,#9069,#9070,#9071,#9072,
#9073,#9074,#9075,#9076,#9077,#9078,#9079,#9080,#9081,#9082,#9083,#9084,
#9085,#9086,#9087,#9088,#9089,#9090),.UNSPECIFIED.,.F.,.F.,(4,2,2,2,2,2,
2,2,2,2,2,2,2,2,2,2,2,4),(-43.4218254304105,-43.2894960508125,-43.1293487789265,
-42.9750669595033,-42.8150319290324,-42.6608099238215,-42.5008881824256,
-42.3467209008322,-42.1869135527787,-42.0327953693405,-41.8731035707766,
-41.7190283005823,-41.5594532527867,-41.4054141319453,-41.2459570722821,
-41.091946744713,-40.9326089350218,-40.8938587189217),.UNSPECIFIED.);
#225=B_SPLINE_CURVE_WITH_KNOTS('',3,(#9091,#9092,#9093,#9094,#9095,#9096,
#9097,#9098,#9099,#9100,#9101,#9102,#9103,#9104,#9105,#9106,#9107,#9108,
#9109,#9110,#9111,#9112,#9113,#9114,#9115,#9116,#9117,#9118,#9119,#9120,
#9121,#9122,#9123,#9124,#9125,#9126),.UNSPECIFIED.,.F.,.F.,(4,2,2,2,2,2,
2,2,2,2,2,2,2,2,2,2,2,4),(-18.4355415793457,-18.2735379038316,-18.116760853418,
-17.9539591935345,-17.7972562333566,-17.6345781494786,-17.4779475857283,
-17.3153947611083,-17.1588347838899,-16.996409013659,-16.8399176900584,
-16.6776208858735,-16.5211961528326,-16.3590303472717,-16.2026700042987,
-16.0406373549044,-15.8843390566655,-15.8805437532792),.UNSPECIFIED.);
#226=B_SPLINE_CURVE_WITH_KNOTS('',3,(#9131,#9132,#9133,#9134,#9135,#9136,
#9137,#9138,#9139,#9140,#9141,#9142,#9143,#9144,#9145,#9146,#9147,#9148,
#9149,#9150,#9151,#9152,#9153,#9154,#9155,#9156,#9157,#9158,#9159,#9160,
#9161,#9162,#9163,#9164,#9165,#9166),.UNSPECIFIED.,.F.,.F.,(4,2,2,2,2,2,
2,2,2,2,2,2,2,2,2,2,2,4),(-45.955165796797,-45.8114755991038,-45.6504608983622,
-45.4955712782458,-45.3346625862698,-45.1798580032295,-45.01905590092,-44.8643344031138,
-44.7036395235777,-44.5489988801152,-44.3884119113807,-44.23384958162,-44.0733712690634,
-43.9188843704802,-43.75851551883,-43.6041007938371,-43.4438422685984,-43.4218254304105),
 .UNSPECIFIED.);
#227=B_SPLINE_CURVE_WITH_KNOTS('',3,(#9167,#9168,#9169,#9170,#9171,#9172,
#9173,#9174,#9175,#9176,#9177,#9178,#9179,#9180,#9181,#9182,#9183,#9184,
#9185,#9186,#9187,#9188,#9189,#9190,#9191,#9192,#9193,#9194,#9195,#9196,
#9197,#9198,#9199,#9200,#9201,#9202),.UNSPECIFIED.,.F.,.F.,(4,2,2,2,2,2,
2,2,2,2,2,2,2,2,2,2,2,4),(-15.8805437532792,-15.7224418495195,-15.5662030983624,
-15.4044437510581,-15.2482618895326,-15.086642953393,-14.9305151568423,
-14.7690393182124,-14.6129625875258,-14.451632667946,-14.2956038225744,
-14.1344227776224,-13.9784384489769,-13.8174093655441,-13.6614659909118,
-13.5005920826582,-13.3446858997876,-13.3358091320406),.UNSPECIFIED.);
#228=B_SPLINE_CURVE_WITH_KNOTS('',3,(#9207,#9208,#9209,#9210,#9211,#9212,
#9213,#9214,#9215,#9216,#9217,#9218,#9219,#9220,#9221,#9222,#9223,#9224,
#9225,#9226,#9227,#9228,#9229,#9230,#9231,#9232,#9233,#9234,#9235,#9236,
#9237,#9238,#9239,#9240,#9241,#9242),.UNSPECIFIED.,.F.,.F.,(4,2,2,2,2,2,
2,2,2,2,2,2,2,2,2,2,2,4),(-48.4964354501935,-48.3456963147152,-48.1838491596424,
-48.0282337944598,-47.8664895292731,-47.7109678389877,-47.5493267314443,
-47.393898117482,-47.2323604648989,-47.0770242266546,-46.9155903584095,
-46.7603456778599,-46.5990159580368,-46.4438618825575,-46.2826367127214,
-46.1275721360084,-45.9664519580899,-45.955165796797),.UNSPECIFIED.);
#229=B_SPLINE_CURVE_WITH_KNOTS('',3,(#9243,#9244,#9245,#9246,#9247,#9248,
#9249,#9250,#9251,#9252,#9253,#9254,#9255,#9256,#9257,#9258,#9259,#9260,
#9261,#9262,#9263,#9264,#9265,#9266,#9267,#9268,#9269,#9270,#9271,#9272,
#9273,#9274,#9275,#9276,#9277,#9278),.UNSPECIFIED.,.F.,.F.,(4,2,2,2,2,2,
2,2,2,2,2,2,2,2,2,2,2,4),(-13.3358091320406,-13.1839705005037,-13.028097543029,
-12.8675440976147,-12.7117001915051,-12.5513122442639,-12.3954930055004,
-12.2352741854407,-12.0794750191383,-11.9194290219739,-11.7636451231781,
-11.6037756897293,-11.4480020461258,-11.2883129368407,-11.1325443336216,
-10.9730392989753,-10.8172703261023,-10.7997440078417),.UNSPECIFIED.);
#230=B_SPLINE_CURVE_WITH_KNOTS('',3,(#9283,#9284,#9285,#9286,#9287,#9288,
#9289,#9290,#9291,#9292,#9293,#9294,#9295,#9296,#9297,#9298,#9299,#9300,
#9301,#9302,#9303,#9304,#9305,#9306,#9307,#9308,#9309,#9310,#9311,#9312,
#9313,#9314,#9315,#9316,#9317,#9318),.UNSPECIFIED.,.F.,.F.,(4,2,2,2,2,2,
2,2,2,2,2,2,2,2,2,2,2,4),(-51.0475345001501,-50.8924963916885,-50.729832915628,
-50.573454981814,-50.4108930671793,-50.2546112742946,-50.0921510244856,
-49.9359652113735,-49.7736067446447,-49.6175167212701,-49.4552601720954,
-49.2992657141263,-49.1371112346843,-48.9812120772356,-48.8191598390245,
-48.6633556694576,-48.5014058650472,-48.4964354501935),.UNSPECIFIED.);
#231=B_SPLINE_CURVE_WITH_KNOTS('',3,(#9319,#9320,#9321,#9322,#9323,#9324,
#9325,#9326,#9327,#9328,#9329,#9330,#9331,#9332,#9333,#9334,#9335,#9336,
#9337,#9338,#9339,#9340,#9341,#9342,#9343,#9344,#9345,#9346,#9347,#9348,
#9349,#9350,#9351,#9352,#9353,#9354),.UNSPECIFIED.,.F.,.F.,(4,2,2,2,2,2,
2,2,2,2,2,2,2,2,2,2,2,4),(-10.7997440078417,-10.6579530726756,-10.5021781347733,
-10.3430522868816,-10.1872656159751,-10.0283346728044,-9.87253034408847,
-9.71379763240033,-9.55796958318604,-9.39943820578092,-9.24358025771687,
-9.08525303799483,-8.92935892259123,-8.771238345715,-8.61530173312283,-8.45738988447181,
-8.30140441537671,-8.27008580472317),.UNSPECIFIED.);
#232=B_SPLINE_CURVE_WITH_KNOTS('',3,(#9359,#9360,#9361,#9362,#9363,#9364,
#9365,#9366,#9367,#9368,#9369,#9370,#9371,#9372,#9373,#9374,#9375,#9376,
#9377,#9378,#9379,#9380,#9381,#9382,#9383,#9384,#9385,#9386,#9387,#9388,
#9389,#9390,#9391,#9392,#9393,#9394,#9395,#9396),.UNSPECIFIED.,.F.,.F.,
(4,2,2,2,2,2,2,2,2,2,2,2,2,2,2,2,2,2,4),(-53.6085548334977,-53.6080017248732,
-53.4511512329377,-53.2880533917663,-53.1311238080378,-52.9679087526205,
-52.8108988240219,-52.6476274639733,-52.490670404227,-52.3275002340206,
-52.1706398960604,-52.0075709528314,-51.8508072708156,-51.6878396004703,
-51.5311724994142,-51.3683061574319,-51.2117355510765,-51.0489706033861,
-51.0475345001501),.UNSPECIFIED.);
#233=B_SPLINE_CURVE_WITH_KNOTS('',3,(#9397,#9398,#9399,#9400,#9401,#9402,
#9403,#9404,#9405,#9406,#9407,#9408,#9409,#9410,#9411,#9412,#9413,#9414,
#9415,#9416,#9417,#9418,#9419,#9420,#9421,#9422,#9423,#9424,#9425,#9426,
#9427,#9428,#9429,#9430,#9431,#9432),.UNSPECIFIED.,.F.,.F.,(4,2,2,2,2,2,
2,2,2,2,2,2,2,2,2,2,2,4),(-8.27008580472317,-8.14370291717471,-7.9876622375632,
-7.8301721847606,-7.67406998320463,-7.51679187988928,-7.36062192687896,
-7.20355562466795,-7.0473118134055,-6.89045645342125,-6.73413284137804,
-6.5774868015227,-6.42107765196202,-6.26463850126194,-6.10813832385017,
-5.95190278563476,-5.79530637520998,-5.74419085163328),.UNSPECIFIED.);
#234=B_SPLINE_CURVE_WITH_KNOTS('',3,(#9437,#9438,#9439,#9440,#9441,#9442,
#9443,#9444,#9445,#9446,#9447,#9448,#9449,#9450,#9451,#9452,#9453,#9454,
#9455,#9456,#9457,#9458,#9459,#9460,#9461,#9462,#9463,#9464,#9465,#9466,
#9467,#9468,#9469,#9470,#9471,#9472),.UNSPECIFIED.,.F.,.F.,(4,2,2,2,2,2,
2,2,2,2,2,2,2,2,2,2,2,4),(-56.1636700791476,-56.1605343652588,-56.0042596446414,
-55.8421524254161,-55.6858123281861,-55.5235751608761,-55.3671675525553,
-55.2048024118636,-55.0483252919216,-54.8858340337119,-54.7292855283529,
-54.5666698941698,-54.4100482492982,-54.2473098710975,-54.0906134454931,
-53.9277538505027,-53.7709811092296,-53.6085548334977),.UNSPECIFIED.);
#235=B_SPLINE_CURVE_WITH_KNOTS('',3,(#9473,#9474,#9475,#9476,#9477,#9478,
#9479,#9480,#9481,#9482,#9483,#9484,#9485,#9486,#9487,#9488,#9489,#9490,
#9491,#9492,#9493,#9494,#9495,#9496,#9497,#9498,#9499,#9500,#9501,#9502,
#9503,#9504,#9505,#9506,#9507,#9508),.UNSPECIFIED.,.F.,.F.,(4,2,2,2,2,2,
2,2,2,2,2,2,2,2,2,2,2,4),(-5.74419085163328,-5.63927030080652,-5.48257277335281,
-5.32673112781403,-5.16992795270734,-5.01427481383937,-4.85736184148985,
-4.70189041311792,-4.54486389723602,-4.38956653724191,-4.23242315109789,
-4.07729141430334,-3.920028260529,-3.76505295600233,-3.60766756968972,-3.45283883154461,
-3.2953291766204,-3.21980160661949),.UNSPECIFIED.);
#236=B_SPLINE_CURVE_WITH_KNOTS('',3,(#9513,#9514,#9515,#9516,#9517,#9518,
#9519,#9520,#9521,#9522,#9523,#9524,#9525,#9526,#9527,#9528,#9529,#9530,
#9531,#9532,#9533,#9534,#9535,#9536,#9537,#9538,#9539,#9540,#9541,#9542,
#9543,#9544,#9545,#9546,#9547,#9548),.UNSPECIFIED.,.F.,.F.,(4,2,2,2,2,2,
2,2,2,2,2,2,2,2,2,2,2,4),(-58.7083068180363,-58.7005853617823,-58.5447383003507,
-58.3837571526773,-58.2278674973013,-58.0667359418395,-57.91080022281,-57.749521283974,
-57.5935362228266,-57.4321127923453,-57.2760752955234,-57.1145101304724,
-56.958417282538,-56.7967130048252,-56.6405620613446,-56.4787211584252,
-56.3225095386403,-56.1636700791476),.UNSPECIFIED.);
#237=B_SPLINE_CURVE_WITH_KNOTS('',3,(#9549,#9550,#9551,#9552,#9553,#9554,
#9555,#9556,#9557,#9558,#9559,#9560,#9561,#9562,#9563,#9564,#9565,#9566,
#9567,#9568,#9569,#9570,#9571,#9572,#9573,#9574,#9575,#9576,#9577,#9578,
#9579,#9580,#9581,#9582,#9583,#9584),.UNSPECIFIED.,.F.,.F.,(4,2,2,2,2,2,
2,2,2,2,2,2,2,2,2,2,2,4),(-3.21980160661949,-3.1406365468845,-2.9830010059665,
-2.82843337210097,-2.67067071384713,-2.51621651937572,-2.35832590837241,
-2.20397349436194,-2.04595445083881,-1.89169196867829,-1.73354433716109,
-1.57935985846932,-1.42108377486065,-1.2669653989725,-1.10856125587086,
-0.954497212391378,-0.795965623641197,-0.695493099686835),.UNSPECIFIED.);
#238=B_SPLINE_CURVE_WITH_KNOTS('',3,(#9590,#9591,#9592,#9593,#9594,#9595,
#9596,#9597,#9598,#9599,#9600,#9601,#9602,#9603,#9604,#9605,#9606,#9607,
#9608,#9609,#9610,#9611,#9612,#9613,#9614,#9615,#9616,#9617,#9618,#9619),
 .UNSPECIFIED.,.F.,.F.,(4,2,2,2,2,2,2,2,2,2,2,2,2,2,4),(-2.09334713062797,
-2.00402627100641,-1.76358852230255,-1.54361739356,-1.33988453955035,-1.15324569036101,
-1.06733350352347,-0.899390181646545,-0.812996254168298,-0.652371827401777,
-0.48490010654163,-0.329636483861556,-0.249734247396092,-0.115661892571505,
-1.00000006764134E-6),.UNSPECIFIED.);
#239=B_SPLINE_CURVE_WITH_KNOTS('',3,(#9625,#9626,#9627,#9628,#9629,#9630,
#9631,#9632,#9633,#9634,#9635,#9636),.UNSPECIFIED.,.F.,.F.,(4,2,2,2,2,4),
(-0.44857443025938,-0.396948916217354,-0.345137156161211,-0.260739345305449,
-0.151007753745872,-1.00000006170164E-6),.UNSPECIFIED.);
#240=B_SPLINE_CURVE_WITH_KNOTS('',3,(#9639,#9640,#9641,#9642,#9643,#9644,
#9645,#9646,#9647,#9648),.UNSPECIFIED.,.F.,.F.,(4,2,2,2,4),(-3.19721137833443,
-2.86434753138266,-2.55166356610727,-2.26520258887191,-2.09334713062797),
 .UNSPECIFIED.);
#241=B_SPLINE_CURVE_WITH_KNOTS('',3,(#9650,#9651,#9652,#9653,#9654,#9655,
#9656,#9657,#9658,#9659,#9660,#9661,#9662,#9663),.UNSPECIFIED.,.F.,.F.,
(4,2,2,2,2,2,4),(-0.695493099686835,-0.641944444831826,-0.483286438358133,
-0.329296958944983,-0.17051325826623,-0.0847273745865263,-1.00000003755429E-6),
 .UNSPECIFIED.);
#242=B_SPLINE_CURVE_WITH_KNOTS('',3,(#9664,#9665,#9666,#9667,#9668,#9669,
#9670,#9671),.UNSPECIFIED.,.F.,.F.,(4,2,2,4),(-59.0904843013738,-58.9771238540812,
-58.8614125453086,-58.7083068180363),.UNSPECIFIED.);
#243=B_SPLINE_CURVE_WITH_KNOTS('',3,(#9673,#9674,#9675,#9676,#9677,#9678,
#9679,#9680,#9681,#9682,#9683,#9684,#9685,#9686,#9687,#9688,#9689,#9690,
#9691,#9692,#9693,#9694,#9695,#9696,#9697,#9698,#9699,#9700,#9701,#9702,
#9703,#9704,#9705,#9706,#9707,#9708,#9709,#9710),.UNSPECIFIED.,.F.,.F.,
(4,2,2,2,2,2,2,2,2,2,2,2,2,2,2,2,2,2,4),(0.343031981402803,0.407002771749676,
0.538136712712627,0.661162624928086,0.772443235459326,0.876626720288815,
0.9707684714906,1.05871645776184,1.13810231492541,1.21209939596654,1.24530011640519,
1.30962842059046,1.38174188708338,1.46594988222825,1.55363525780906,1.65198358025519,
1.7002290767038,1.79265580154345,1.85326493518773),.UNSPECIFIED.);
#244=B_SPLINE_CURVE_WITH_KNOTS('',3,(#9711,#9712,#9713,#9714,#9715,#9716,
#9717,#9718,#9719,#9720,#9721,#9722,#9723,#9724,#9725,#9726,#9727,#9728,
#9729,#9730,#9731,#9732,#9733,#9734,#9735,#9736,#9737,#9738,#9739,#9740,
#9741,#9742,#9743,#9744,#9745,#9746,#9747,#9748),.UNSPECIFIED.,.F.,.F.,
(4,2,2,2,2,2,2,2,2,2,2,2,2,2,2,2,2,2,4),(0.298936818217172,0.340268434315795,
0.468850599966185,0.600125190815327,0.73096825954881,0.864378706547349,
0.997479214399651,1.13300479570232,1.26835775737871,1.4059744241479,1.54357316421684,
1.68325310886021,1.75261747986009,1.88762909523022,2.03116338068669,2.16841806131046,
2.31399200745713,2.45359238631591,2.49936660060049),.UNSPECIFIED.);
#245=B_SPLINE_CURVE_WITH_KNOTS('',3,(#11444,#11445,#11446,#11447,#11448,
#11449),.UNSPECIFIED.,.F.,.F.,(4,2,4),(1.13526532539732,1.22986415495475,
1.25038401223196),.UNSPECIFIED.);
#246=B_SPLINE_CURVE_WITH_KNOTS('',3,(#11452,#11453,#11454,#11455,#11456,
#11457),.UNSPECIFIED.,.F.,.F.,(4,2,4),(1.02014663856269,1.0406664958399,
1.13526532539732),.UNSPECIFIED.);
#247=B_SPLINE_CURVE_WITH_KNOTS('',3,(#11464,#11465,#11466,#11467,#11468,
#11469,#11470,#11471,#11472,#11473,#11474,#11475,#11476,#11477,#11478,#11479,
#11480,#11481),.UNSPECIFIED.,.F.,.F.,(4,2,2,2,2,2,2,2,4),(0.377784671077196,
0.472228192643246,0.566671714209295,0.661120528181844,0.755569342154392,
0.850018156126941,0.944466970099489,1.03891049166554,1.13335401323159),
 .UNSPECIFIED.);
#248=B_SPLINE_CURVE_WITH_KNOTS('',3,(#11483,#11484,#11485,#11486,#11487,
#11488,#11489,#11490,#11491,#11492),.UNSPECIFIED.,.F.,.F.,(4,2,2,2,4),(1.51113868430878,
1.60558749828133,1.70003631225388,1.79447983381993,1.88892335538598),
 .UNSPECIFIED.);
#249=B_SPLINE_CURVE_WITH_KNOTS('',3,(#11496,#11497,#11498,#11499,#11500,
#11501,#11502,#11503),.UNSPECIFIED.,.F.,.F.,(4,2,2,4),(-0.264458329194343,
-0.189969090611844,-0.0949845453059219,0.),.UNSPECIFIED.);
#250=B_SPLINE_CURVE_WITH_KNOTS('',3,(#11508,#11509,#11510,#11511,#11512,
#11513,#11514,#11515,#11516,#11517,#11518,#11519,#11520,#11521,#11522,#11523),
 .UNSPECIFIED.,.F.,.F.,(4,2,2,2,2,2,2,4),(0.37985007341287,0.474790564813384,
0.569731056213897,0.664715601519819,0.75970014682574,0.854684692131662,
0.949669237437583,1.02415847606723),.UNSPECIFIED.);
#251=B_SPLINE_CURVE_WITH_KNOTS('',3,(#11524,#11525,#11526,#11527,#11528,
#11529,#11530,#11531,#11532,#11533),.UNSPECIFIED.,.F.,.F.,(4,2,2,2,4),(0.,
0.0949845453059215,0.189969090611843,0.284909582012357,0.37985007341287),
 .UNSPECIFIED.);
#252=B_SPLINE_CURVE_WITH_KNOTS('',3,(#11534,#11535,#11536,#11537,#11538,
#11539,#11540,#11541,#11542,#11543),.UNSPECIFIED.,.F.,.F.,(4,2,2,2,4),(1.13335401323159,
1.22779753479764,1.32224105636369,1.41668987033624,1.51113868430878),
 .UNSPECIFIED.);
#253=SPHERICAL_SURFACE('',#4247,1.90157231151412);
#254=SPHERICAL_SURFACE('',#4249,1.90157231151412);
#255=SPHERICAL_SURFACE('',#4251,1.90157231151412);
#256=SPHERICAL_SURFACE('',#4253,1.90157231151412);
#257=SPHERICAL_SURFACE('',#4255,1.90157231151412);
#258=SPHERICAL_SURFACE('',#4257,1.90157231151412);
#259=SPHERICAL_SURFACE('',#4259,1.90157231151412);
#260=SPHERICAL_SURFACE('',#4315,1.90157231151411);
#261=SPHERICAL_SURFACE('',#4331,1.90157231151411);
#262=SPHERICAL_SURFACE('',#4349,1.90157231151411);
#263=SPHERICAL_SURFACE('',#4365,1.90157231151411);
#264=SPHERICAL_SURFACE('',#4383,1.90157231151411);
#265=SPHERICAL_SURFACE('',#4401,1.90157231151411);
#266=SPHERICAL_SURFACE('',#4411,1.90157231151411);
#267=STYLED_ITEM('',(#11866),#289);
#268=STYLED_ITEM('',(#11866),#3919);
#269=STYLED_ITEM('',(#11865),#290);
#270=STYLED_ITEM('',(#11866),#3920);
#271=STYLED_ITEM('',(#11865),#291);
#272=STYLED_ITEM('',(#11866),#3921);
#273=STYLED_ITEM('',(#11865),#292);
#274=STYLED_ITEM('',(#11866),#3922);
#275=STYLED_ITEM('',(#11865),#293);
#276=STYLED_ITEM('',(#11866),#3923);
#277=STYLED_ITEM('',(#11865),#294);
#278=STYLED_ITEM('',(#11866),#3924);
#279=STYLED_ITEM('',(#11865),#295);
#280=STYLED_ITEM('',(#11866),#3925);
#281=STYLED_ITEM('',(#11865),#296);
#282=STYLED_ITEM('',(#11866),#297);
#283=STYLED_ITEM('',(#11866),#298);
#284=STYLED_ITEM('',(#11866),#299);
#285=STYLED_ITEM('',(#11866),#300);
#286=STYLED_ITEM('',(#11866),#301);
#287=STYLED_ITEM('',(#11866),#302);
#288=STYLED_ITEM('',(#11867),#12);
#289=MANIFOLD_SOLID_BREP('Cuerpo1',#4149);
#290=MANIFOLD_SOLID_BREP('Cuerpo2',#4150);
#291=MANIFOLD_SOLID_BREP('Cuerpo3',#4151);
#292=MANIFOLD_SOLID_BREP('Cuerpo4',#4152);
#293=MANIFOLD_SOLID_BREP('Cuerpo5',#4153);
#294=MANIFOLD_SOLID_BREP('Cuerpo6',#4154);
#295=MANIFOLD_SOLID_BREP('Cuerpo7',#4155);
#296=MANIFOLD_SOLID_BREP('Cuerpo8',#4156);
#297=MANIFOLD_SOLID_BREP('Cuerpo9',#4157);
#298=MANIFOLD_SOLID_BREP('Cuerpo10',#4158);
#299=MANIFOLD_SOLID_BREP('Cuerpo1',#4159);
#300=MANIFOLD_SOLID_BREP('Cuerpo1',#4160);
#301=MANIFOLD_SOLID_BREP('Cuerpo1',#4161);
#302=MANIFOLD_SOLID_BREP('Cuerpo1',#4162);
#303=FACE_BOUND('',#1116,.T.);
#304=FACE_BOUND('',#1118,.T.);
#305=FACE_BOUND('',#1141,.T.);
#306=FACE_BOUND('',#1143,.T.);
#307=FACE_BOUND('',#1145,.T.);
#308=FACE_BOUND('',#1147,.T.);
#309=FACE_BOUND('',#1149,.T.);
#310=FACE_BOUND('',#1151,.T.);
#311=FACE_BOUND('',#1153,.T.);
#312=FACE_BOUND('',#1154,.T.);
#313=FACE_BOUND('',#1156,.T.);
#314=FACE_BOUND('',#1157,.T.);
#315=FACE_BOUND('',#1159,.T.);
#316=FACE_BOUND('',#1160,.T.);
#317=FACE_BOUND('',#1162,.T.);
#318=FACE_BOUND('',#1163,.T.);
#319=FACE_BOUND('',#1165,.T.);
#320=FACE_BOUND('',#1166,.T.);
#321=FACE_BOUND('',#1168,.T.);
#322=FACE_BOUND('',#1169,.T.);
#323=FACE_BOUND('',#1171,.T.);
#324=FACE_BOUND('',#1172,.T.);
#325=FACE_BOUND('',#1174,.T.);
#326=FACE_BOUND('',#1175,.T.);
#327=FACE_BOUND('',#1177,.T.);
#328=FACE_BOUND('',#1178,.T.);
#329=FACE_BOUND('',#1180,.T.);
#330=FACE_BOUND('',#1181,.T.);
#331=FACE_BOUND('',#1183,.T.);
#332=FACE_BOUND('',#1184,.T.);
#333=FACE_BOUND('',#1186,.T.);
#334=FACE_BOUND('',#1187,.T.);
#335=FACE_BOUND('',#1189,.T.);
#336=FACE_BOUND('',#1190,.T.);
#337=FACE_BOUND('',#1192,.T.);
#338=FACE_BOUND('',#1193,.T.);
#339=FACE_BOUND('',#1199,.T.);
#340=FACE_BOUND('',#1201,.T.);
#341=FACE_BOUND('',#1207,.T.);
#342=FACE_BOUND('',#1209,.T.);
#343=FACE_BOUND('',#1219,.T.);
#344=FACE_BOUND('',#1221,.T.);
#345=FACE_BOUND('',#1231,.T.);
#346=FACE_BOUND('',#1233,.T.);
#347=FACE_BOUND('',#1243,.T.);
#348=FACE_BOUND('',#1245,.T.);
#349=FACE_BOUND('',#1255,.T.);
#350=FACE_BOUND('',#1257,.T.);
#351=FACE_BOUND('',#1267,.T.);
#352=FACE_BOUND('',#1269,.T.);
#353=FACE_BOUND('',#1343,.T.);
#354=FACE_BOUND('',#1345,.T.);
#355=FACE_BOUND('',#1353,.T.);
#356=FACE_BOUND('',#1365,.T.);
#357=FACE_BOUND('',#1369,.T.);
#358=FACE_BOUND('',#1374,.T.);
#359=FACE_BOUND('',#1381,.T.);
#360=FACE_BOUND('',#1386,.T.);
#361=FACE_BOUND('',#1390,.T.);
#362=FACE_BOUND('',#1394,.T.);
#363=FACE_BOUND('',#1404,.T.);
#364=FACE_BOUND('',#1408,.T.);
#365=PLANE('',#4245);
#366=PLANE('',#4246);
#367=PLANE('',#4303);
#368=PLANE('',#4304);
#369=PLANE('',#4305);
#370=PLANE('',#4306);
#371=PLANE('',#4307);
#372=PLANE('',#4308);
#373=PLANE('',#4435);
#374=PLANE('',#4436);
#375=PLANE('',#4437);
#376=PLANE('',#4438);
#377=PLANE('',#4439);
#378=PLANE('',#4442);
#379=PLANE('',#4447);
#380=PLANE('',#4448);
#381=PLANE('',#4449);
#382=PLANE('',#4452);
#383=PLANE('',#4463);
#384=PLANE('',#4464);
#385=PLANE('',#4465);
#386=PLANE('',#4466);
#387=PLANE('',#4467);
#388=PLANE('',#4470);
#389=PLANE('',#4481);
#390=PLANE('',#4482);
#391=PLANE('',#4483);
#392=PLANE('',#4484);
#393=PLANE('',#4485);
#394=PLANE('',#4488);
#395=PLANE('',#4499);
#396=PLANE('',#4500);
#397=PLANE('',#4501);
#398=PLANE('',#4502);
#399=PLANE('',#4503);
#400=PLANE('',#4506);
#401=PLANE('',#4517);
#402=PLANE('',#4518);
#403=PLANE('',#4519);
#404=PLANE('',#4520);
#405=PLANE('',#4521);
#406=PLANE('',#4524);
#407=PLANE('',#4535);
#408=PLANE('',#4536);
#409=PLANE('',#4537);
#410=PLANE('',#4538);
#411=PLANE('',#4539);
#412=PLANE('',#4542);
#413=PLANE('',#4547);
#414=PLANE('',#4550);
#415=PLANE('',#4628);
#416=PLANE('',#4629);
#417=PLANE('',#4630);
#418=PLANE('',#4631);
#419=PLANE('',#4632);
#420=PLANE('',#4633);
#421=PLANE('',#4634);
#422=PLANE('',#4635);
#423=PLANE('',#4636);
#424=PLANE('',#4640);
#425=PLANE('',#4648);
#426=PLANE('',#4655);
#427=PLANE('',#4658);
#428=PLANE('',#4664);
#429=PLANE('',#4665);
#430=PLANE('',#4672);
#431=PLANE('',#4678);
#432=PLANE('',#4685);
#433=PLANE('',#4689);
#434=PLANE('',#4690);
#435=PLANE('',#4691);
#436=PLANE('',#4694);
#437=PLANE('',#4696);
#438=PLANE('',#4697);
#439=PLANE('',#4700);
#440=PLANE('',#4701);
#441=PLANE('',#4704);
#442=PLANE('',#4708);
#443=PLANE('',#4712);
#444=PLANE('',#4713);
#445=PLANE('',#4714);
#446=PLANE('',#4717);
#447=PLANE('',#4722);
#448=PLANE('',#4725);
#449=PLANE('',#4727);
#450=PLANE('',#4734);
#451=CYLINDRICAL_SURFACE('',#4238,4.);
#452=CYLINDRICAL_SURFACE('',#4241,6.57692307692307);
#453=CYLINDRICAL_SURFACE('',#4243,6.57692307692308);
#454=CYLINDRICAL_SURFACE('',#4279,9.28205128205128);
#455=CYLINDRICAL_SURFACE('',#4282,8.54907692307691);
#456=CYLINDRICAL_SURFACE('',#4284,8.42307692307691);
#457=CYLINDRICAL_SURFACE('',#4289,8.42307692307692);
#458=CYLINDRICAL_SURFACE('',#4290,8.54907692307691);
#459=CYLINDRICAL_SURFACE('',#4292,9.28205128205128);
#460=CYLINDRICAL_SURFACE('',#4302,11.);
#461=CYLINDRICAL_SURFACE('',#4429,7.5);
#462=CYLINDRICAL_SURFACE('',#4432,7.96153846153845);
#463=CYLINDRICAL_SURFACE('',#4445,7.96153846153845);
#464=CYLINDRICAL_SURFACE('',#4446,7.5);
#465=CYLINDRICAL_SURFACE('',#4455,7.96153846153845);
#466=CYLINDRICAL_SURFACE('',#4456,7.5);
#467=CYLINDRICAL_SURFACE('',#4457,7.5);
#468=CYLINDRICAL_SURFACE('',#4460,7.96153846153845);
#469=CYLINDRICAL_SURFACE('',#4473,7.96153846153845);
#470=CYLINDRICAL_SURFACE('',#4474,7.5);
#471=CYLINDRICAL_SURFACE('',#4475,7.5);
#472=CYLINDRICAL_SURFACE('',#4478,7.96153846153845);
#473=CYLINDRICAL_SURFACE('',#4491,7.96153846153845);
#474=CYLINDRICAL_SURFACE('',#4492,7.5);
#475=CYLINDRICAL_SURFACE('',#4493,7.5);
#476=CYLINDRICAL_SURFACE('',#4496,7.96153846153845);
#477=CYLINDRICAL_SURFACE('',#4509,7.96153846153845);
#478=CYLINDRICAL_SURFACE('',#4510,7.5);
#479=CYLINDRICAL_SURFACE('',#4511,7.5);
#480=CYLINDRICAL_SURFACE('',#4514,7.96153846153846);
#481=CYLINDRICAL_SURFACE('',#4527,7.96153846153846);
#482=CYLINDRICAL_SURFACE('',#4528,7.5);
#483=CYLINDRICAL_SURFACE('',#4529,7.5);
#484=CYLINDRICAL_SURFACE('',#4532,7.96153846153846);
#485=CYLINDRICAL_SURFACE('',#4545,7.96153846153846);
#486=CYLINDRICAL_SURFACE('',#4546,7.5);
#487=CYLINDRICAL_SURFACE('',#4553,7.96153846153845);
#488=CYLINDRICAL_SURFACE('',#4554,7.5);
#489=CYLINDRICAL_SURFACE('',#4556,3.1881011839521);
#490=CYLINDRICAL_SURFACE('',#4558,3.1881011839521);
#491=CYLINDRICAL_SURFACE('',#4559,3.1881011839521);
#492=CYLINDRICAL_SURFACE('',#4560,3.1881011839521);
#493=CYLINDRICAL_SURFACE('',#4561,3.1881011839521);
#494=CYLINDRICAL_SURFACE('',#4562,3.1881011839521);
#495=CYLINDRICAL_SURFACE('',#4563,3.1881011839521);
#496=CYLINDRICAL_SURFACE('',#4564,3.1881011839521);
#497=CYLINDRICAL_SURFACE('',#4565,3.1881011839521);
#498=CYLINDRICAL_SURFACE('',#4566,3.1881011839521);
#499=CYLINDRICAL_SURFACE('',#4567,3.1881011839521);
#500=CYLINDRICAL_SURFACE('',#4568,3.1881011839521);
#501=CYLINDRICAL_SURFACE('',#4569,3.1881011839521);
#502=CYLINDRICAL_SURFACE('',#4570,3.1881011839521);
#503=CYLINDRICAL_SURFACE('',#4571,3.1881011839521);
#504=CYLINDRICAL_SURFACE('',#4572,3.1881011839521);
#505=CYLINDRICAL_SURFACE('',#4573,3.1881011839521);
#506=CYLINDRICAL_SURFACE('',#4574,3.1881011839521);
#507=CYLINDRICAL_SURFACE('',#4575,3.1881011839521);
#508=CYLINDRICAL_SURFACE('',#4576,3.1881011839521);
#509=CYLINDRICAL_SURFACE('',#4577,3.1881011839521);
#510=CYLINDRICAL_SURFACE('',#4578,3.1881011839521);
#511=CYLINDRICAL_SURFACE('',#4579,3.1881011839521);
#512=CYLINDRICAL_SURFACE('',#4586,4.);
#513=CYLINDRICAL_SURFACE('',#4587,4.);
#514=CYLINDRICAL_SURFACE('',#4588,4.);
#515=CYLINDRICAL_SURFACE('',#4589,4.);
#516=CYLINDRICAL_SURFACE('',#4590,4.);
#517=CYLINDRICAL_SURFACE('',#4591,4.);
#518=CYLINDRICAL_SURFACE('',#4592,4.);
#519=CYLINDRICAL_SURFACE('',#4593,4.);
#520=CYLINDRICAL_SURFACE('',#4594,4.);
#521=CYLINDRICAL_SURFACE('',#4595,4.);
#522=CYLINDRICAL_SURFACE('',#4596,4.);
#523=CYLINDRICAL_SURFACE('',#4597,4.);
#524=CYLINDRICAL_SURFACE('',#4598,4.);
#525=CYLINDRICAL_SURFACE('',#4599,4.);
#526=CYLINDRICAL_SURFACE('',#4600,4.);
#527=CYLINDRICAL_SURFACE('',#4601,4.);
#528=CYLINDRICAL_SURFACE('',#4602,4.);
#529=CYLINDRICAL_SURFACE('',#4603,4.);
#530=CYLINDRICAL_SURFACE('',#4604,4.);
#531=CYLINDRICAL_SURFACE('',#4605,4.);
#532=CYLINDRICAL_SURFACE('',#4606,4.);
#533=CYLINDRICAL_SURFACE('',#4607,4.);
#534=CYLINDRICAL_SURFACE('',#4608,4.);
#535=CYLINDRICAL_SURFACE('',#4609,4.);
#536=CYLINDRICAL_SURFACE('',#4615,4.);
#537=CYLINDRICAL_SURFACE('',#4621,6.5);
#538=CYLINDRICAL_SURFACE('',#4637,3.1881011839521);
#539=CYLINDRICAL_SURFACE('',#4646,10.);
#540=CYLINDRICAL_SURFACE('',#4650,2.5);
#541=CYLINDRICAL_SURFACE('',#4651,12.5);
#542=CYLINDRICAL_SURFACE('',#4661,7.5);
#543=CYLINDRICAL_SURFACE('',#4666,8.);
#544=CYLINDRICAL_SURFACE('',#4671,8.);
#545=CYLINDRICAL_SURFACE('',#4674,3.99999999999999);
#546=CYLINDRICAL_SURFACE('',#4676,12.5);
#547=CYLINDRICAL_SURFACE('',#4679,8.);
#548=CYLINDRICAL_SURFACE('',#4684,8.);
#549=CYLINDRICAL_SURFACE('',#4687,3.99999999999999);
#550=CYLINDRICAL_SURFACE('',#4692,12.5);
#551=CYLINDRICAL_SURFACE('',#4705,11.);
#552=CYLINDRICAL_SURFACE('',#4710,15.);
#553=CYLINDRICAL_SURFACE('',#4715,20.);
#554=CYLINDRICAL_SURFACE('',#4718,20.);
#555=CYLINDRICAL_SURFACE('',#4720,20.);
#556=CYLINDRICAL_SURFACE('',#4723,20.);
#557=CYLINDRICAL_SURFACE('',#4730,8.5);
#558=CYLINDRICAL_SURFACE('',#4732,10.);
#559=LINE('',#5962,#708);
#560=LINE('',#5965,#709);
#561=LINE('',#5968,#710);
#562=LINE('',#5972,#711);
#563=LINE('',#5977,#712);
#564=LINE('',#6040,#713);
#565=LINE('',#6045,#714);
#566=LINE('',#6048,#715);
#567=LINE('',#6055,#716);
#568=LINE('',#6058,#717);
#569=LINE('',#6064,#718);
#570=LINE('',#6070,#719);
#571=LINE('',#6077,#720);
#572=LINE('',#6081,#721);
#573=LINE('',#6882,#722);
#574=LINE('',#6891,#723);
#575=LINE('',#6929,#724);
#576=LINE('',#6967,#725);
#577=LINE('',#7005,#726);
#578=LINE('',#7043,#727);
#579=LINE('',#7081,#728);
#580=LINE('',#7119,#729);
#581=LINE('',#7157,#730);
#582=LINE('',#7195,#731);
#583=LINE('',#7233,#732);
#584=LINE('',#7271,#733);
#585=LINE('',#7309,#734);
#586=LINE('',#7347,#735);
#587=LINE('',#7385,#736);
#588=LINE('',#7423,#737);
#589=LINE('',#7461,#738);
#590=LINE('',#7499,#739);
#591=LINE('',#7537,#740);
#592=LINE('',#7575,#741);
#593=LINE('',#7613,#742);
#594=LINE('',#7651,#743);
#595=LINE('',#7689,#744);
#596=LINE('',#7729,#745);
#597=LINE('',#7758,#746);
#598=LINE('',#7776,#747);
#599=LINE('',#7816,#748);
#600=LINE('',#7832,#749);
#601=LINE('',#7908,#750);
#602=LINE('',#7984,#751);
#603=LINE('',#8062,#752);
#604=LINE('',#8138,#753);
#605=LINE('',#8214,#754);
#606=LINE('',#8290,#755);
#607=LINE('',#8366,#756);
#608=LINE('',#8442,#757);
#609=LINE('',#8520,#758);
#610=LINE('',#8596,#759);
#611=LINE('',#8672,#760);
#612=LINE('',#8748,#761);
#613=LINE('',#8824,#762);
#614=LINE('',#8900,#763);
#615=LINE('',#8976,#764);
#616=LINE('',#9054,#765);
#617=LINE('',#9130,#766);
#618=LINE('',#9206,#767);
#619=LINE('',#9282,#768);
#620=LINE('',#9358,#769);
#621=LINE('',#9436,#770);
#622=LINE('',#9512,#771);
#623=LINE('',#9588,#772);
#624=LINE('',#9757,#773);
#625=LINE('',#9782,#774);
#626=LINE('',#9798,#775);
#627=LINE('',#9800,#776);
#628=LINE('',#9802,#777);
#629=LINE('',#9804,#778);
#630=LINE('',#9806,#779);
#631=LINE('',#9807,#780);
#632=LINE('',#9809,#781);
#633=LINE('',#9810,#782);
#634=LINE('',#9812,#783);
#635=LINE('',#9814,#784);
#636=LINE('',#9816,#785);
#637=LINE('',#9818,#786);
#638=LINE('',#11442,#787);
#639=LINE('',#11494,#788);
#640=LINE('',#11504,#789);
#641=LINE('',#11506,#790);
#642=LINE('',#11545,#791);
#643=LINE('',#11547,#792);
#644=LINE('',#11555,#793);
#645=LINE('',#11559,#794);
#646=LINE('',#11562,#795);
#647=LINE('',#11565,#796);
#648=LINE('',#11569,#797);
#649=LINE('',#11572,#798);
#650=LINE('',#11575,#799);
#651=LINE('',#11582,#800);
#652=LINE('',#11584,#801);
#653=LINE('',#11586,#802);
#654=LINE('',#11587,#803);
#655=LINE('',#11590,#804);
#656=LINE('',#11593,#805);
#657=LINE('',#11615,#806);
#658=LINE('',#11616,#807);
#659=LINE('',#11622,#808);
#660=LINE('',#11626,#809);
#661=LINE('',#11629,#810);
#662=LINE('',#11631,#811);
#663=LINE('',#11632,#812);
#664=LINE('',#11635,#813);
#665=LINE('',#11638,#814);
#666=LINE('',#11660,#815);
#667=LINE('',#11661,#816);
#668=LINE('',#11667,#817);
#669=LINE('',#11671,#818);
#670=LINE('',#11672,#819);
#671=LINE('',#11676,#820);
#672=LINE('',#11677,#821);
#673=LINE('',#11685,#822);
#674=LINE('',#11687,#823);
#675=LINE('',#11689,#824);
#676=LINE('',#11690,#825);
#677=LINE('',#11693,#826);
#678=LINE('',#11697,#827);
#679=LINE('',#11700,#828);
#680=LINE('',#11703,#829);
#681=LINE('',#11705,#830);
#682=LINE('',#11707,#831);
#683=LINE('',#11708,#832);
#684=LINE('',#11711,#833);
#685=LINE('',#11715,#834);
#686=LINE('',#11719,#835);
#687=LINE('',#11721,#836);
#688=LINE('',#11723,#837);
#689=LINE('',#11724,#838);
#690=LINE('',#11727,#839);
#691=LINE('',#11729,#840);
#692=LINE('',#11730,#841);
#693=LINE('',#11735,#842);
#694=LINE('',#11741,#843);
#695=LINE('',#11742,#844);
#696=LINE('',#11745,#845);
#697=LINE('',#11748,#846);
#698=LINE('',#11750,#847);
#699=LINE('',#11752,#848);
#700=LINE('',#11756,#849);
#701=LINE('',#11760,#850);
#702=LINE('',#11761,#851);
#703=LINE('',#11767,#852);
#704=LINE('',#11770,#853);
#705=LINE('',#11771,#854);
#706=LINE('',#11783,#855);
#707=LINE('',#11787,#856);
#708=VECTOR('',#4777,4.34999999999999);
#709=VECTOR('',#4782,4.);
#710=VECTOR('',#4785,4.);
#711=VECTOR('',#4790,6.57692307692307);
#712=VECTOR('',#4797,6.57692307692308);
#713=VECTOR('',#4870,9.28205128205128);
#714=VECTOR('',#4877,8.54907692307691);
#715=VECTOR('',#4880,8.42307692307691);
#716=VECTOR('',#4891,8.42307692307692);
#717=VECTOR('',#4894,8.54907692307691);
#718=VECTOR('',#4901,9.28205128205128);
#719=VECTOR('',#4908,10.65);
#720=VECTOR('',#4915,11.);
#721=VECTOR('',#4922,11.);
#722=VECTOR('',#5431,3.1881011839521);
#723=VECTOR('',#5436,3.1881011839521);
#724=VECTOR('',#5439,3.1881011839521);
#725=VECTOR('',#5442,3.1881011839521);
#726=VECTOR('',#5445,3.1881011839521);
#727=VECTOR('',#5448,3.1881011839521);
#728=VECTOR('',#5451,3.1881011839521);
#729=VECTOR('',#5454,3.1881011839521);
#730=VECTOR('',#5457,3.1881011839521);
#731=VECTOR('',#5460,3.1881011839521);
#732=VECTOR('',#5463,3.1881011839521);
#733=VECTOR('',#5466,3.1881011839521);
#734=VECTOR('',#5469,3.1881011839521);
#735=VECTOR('',#5472,3.1881011839521);
#736=VECTOR('',#5475,3.1881011839521);
#737=VECTOR('',#5478,3.1881011839521);
#738=VECTOR('',#5481,3.1881011839521);
#739=VECTOR('',#5484,3.1881011839521);
#740=VECTOR('',#5487,3.1881011839521);
#741=VECTOR('',#5490,3.1881011839521);
#742=VECTOR('',#5493,3.1881011839521);
#743=VECTOR('',#5496,3.1881011839521);
#744=VECTOR('',#5499,3.1881011839521);
#745=VECTOR('',#5504,4.0508);
#746=VECTOR('',#5511,4.0508);
#747=VECTOR('',#5514,4.0508);
#748=VECTOR('',#5517,4.);
#749=VECTOR('',#5520,4.);
#750=VECTOR('',#5523,4.);
#751=VECTOR('',#5526,4.);
#752=VECTOR('',#5529,4.);
#753=VECTOR('',#5532,4.);
#754=VECTOR('',#5535,4.);
#755=VECTOR('',#5538,4.);
#756=VECTOR('',#5541,4.);
#757=VECTOR('',#5544,4.);
#758=VECTOR('',#5547,4.);
#759=VECTOR('',#5550,4.);
#760=VECTOR('',#5553,4.);
#761=VECTOR('',#5556,4.);
#762=VECTOR('',#5559,4.);
#763=VECTOR('',#5562,4.);
#764=VECTOR('',#5565,4.);
#765=VECTOR('',#5568,4.);
#766=VECTOR('',#5571,4.);
#767=VECTOR('',#5574,4.);
#768=VECTOR('',#5577,4.);
#769=VECTOR('',#5580,4.);
#770=VECTOR('',#5583,4.);
#771=VECTOR('',#5586,4.);
#772=VECTOR('',#5589,3.25);
#773=VECTOR('',#5612,6.5);
#774=VECTOR('',#5623,3.90341801261479);
#775=VECTOR('',#5628,1000.);
#776=VECTOR('',#5629,1000.);
#777=VECTOR('',#5630,1000.);
#778=VECTOR('',#5631,1000.);
#779=VECTOR('',#5632,1000.);
#780=VECTOR('',#5633,1000.);
#781=VECTOR('',#5636,1000.);
#782=VECTOR('',#5637,1000.);
#783=VECTOR('',#5640,1000.);
#784=VECTOR('',#5643,1000.);
#785=VECTOR('',#5646,1000.);
#786=VECTOR('',#5649,1000.);
#787=VECTOR('',#5676,10.);
#788=VECTOR('',#5685,2.5);
#789=VECTOR('',#5686,10.);
#790=VECTOR('',#5687,10.);
#791=VECTOR('',#5690,12.5);
#792=VECTOR('',#5691,12.5);
#793=VECTOR('',#5700,10.);
#794=VECTOR('',#5703,10.);
#795=VECTOR('',#5706,10.);
#796=VECTOR('',#5709,10.);
#797=VECTOR('',#5712,10.);
#798=VECTOR('',#5715,10.);
#799=VECTOR('',#5718,7.5);
#800=VECTOR('',#5727,10.);
#801=VECTOR('',#5728,10.);
#802=VECTOR('',#5729,10.);
#803=VECTOR('',#5730,10.);
#804=VECTOR('',#5733,10.);
#805=VECTOR('',#5736,10.);
#806=VECTOR('',#5745,10.);
#807=VECTOR('',#5746,10.);
#808=VECTOR('',#5753,3.99999999999999);
#809=VECTOR('',#5758,10.);
#810=VECTOR('',#5761,10.);
#811=VECTOR('',#5764,10.);
#812=VECTOR('',#5765,10.);
#813=VECTOR('',#5768,10.);
#814=VECTOR('',#5771,10.);
#815=VECTOR('',#5780,10.);
#816=VECTOR('',#5781,10.);
#817=VECTOR('',#5788,3.99999999999999);
#818=VECTOR('',#5793,10.);
#819=VECTOR('',#5794,10.);
#820=VECTOR('',#5799,10.);
#821=VECTOR('',#5800,10.);
#822=VECTOR('',#5811,10.);
#823=VECTOR('',#5812,10.);
#824=VECTOR('',#5813,10.);
#825=VECTOR('',#5814,10.);
#826=VECTOR('',#5817,10.);
#827=VECTOR('',#5820,10.);
#828=VECTOR('',#5823,10.);
#829=VECTOR('',#5826,10.);
#830=VECTOR('',#5827,10.);
#831=VECTOR('',#5828,10.);
#832=VECTOR('',#5829,10.);
#833=VECTOR('',#5832,10.);
#834=VECTOR('',#5835,10.);
#835=VECTOR('',#5838,10.);
#836=VECTOR('',#5839,10.);
#837=VECTOR('',#5840,10.);
#838=VECTOR('',#5841,10.);
#839=VECTOR('',#5844,10.);
#840=VECTOR('',#5845,10.);
#841=VECTOR('',#5846,10.);
#842=VECTOR('',#5851,11.);
#843=VECTOR('',#5858,10.);
#844=VECTOR('',#5859,10.);
#845=VECTOR('',#5862,10.);
#846=VECTOR('',#5865,10.);
#847=VECTOR('',#5868,10.);
#848=VECTOR('',#5871,10.);
#849=VECTOR('',#5876,10.);
#850=VECTOR('',#5881,10.);
#851=VECTOR('',#5882,10.);
#852=VECTOR('',#5891,10.);
#853=VECTOR('',#5894,10.);
#854=VECTOR('',#5895,10.);
#855=VECTOR('',#5912,8.5);
#856=VECTOR('',#5917,10.);
#857=CONICAL_SURFACE('',#4236,4.34999999999999,0.785398163397434);
#858=CONICAL_SURFACE('',#4239,4.,0.785398163397434);
#859=CONICAL_SURFACE('',#4295,10.65,0.785398163397434);
#860=CONICAL_SURFACE('',#4298,11.,0.785398163397434);
#861=CONICAL_SURFACE('',#4581,4.0508,0.349065850398867);
#862=CONICAL_SURFACE('',#4583,4.0508,0.349065850398867);
#863=CONICAL_SURFACE('',#4610,3.25,0.78539816339745);
#864=CONICAL_SURFACE('',#4612,3.25,0.78539816339745);
#865=CONICAL_SURFACE('',#4616,4.0508,0.349065850398867);
#866=CONICAL_SURFACE('',#4626,3.90341801261479,1.0471975511966);
#867=FACE_OUTER_BOUND('',#1107,.T.);
#868=FACE_OUTER_BOUND('',#1108,.T.);
#869=FACE_OUTER_BOUND('',#1109,.T.);
#870=FACE_OUTER_BOUND('',#1110,.T.);
#871=FACE_OUTER_BOUND('',#1111,.T.);
#872=FACE_OUTER_BOUND('',#1112,.T.);
#873=FACE_OUTER_BOUND('',#1113,.T.);
#874=FACE_OUTER_BOUND('',#1114,.T.);
#875=FACE_OUTER_BOUND('',#1115,.T.);
#876=FACE_OUTER_BOUND('',#1117,.T.);
#877=FACE_OUTER_BOUND('',#1119,.T.);
#878=FACE_OUTER_BOUND('',#1120,.T.);
#879=FACE_OUTER_BOUND('',#1121,.T.);
#880=FACE_OUTER_BOUND('',#1122,.T.);
#881=FACE_OUTER_BOUND('',#1123,.T.);
#882=FACE_OUTER_BOUND('',#1124,.T.);
#883=FACE_OUTER_BOUND('',#1125,.T.);
#884=FACE_OUTER_BOUND('',#1126,.T.);
#885=FACE_OUTER_BOUND('',#1127,.T.);
#886=FACE_OUTER_BOUND('',#1128,.T.);
#887=FACE_OUTER_BOUND('',#1129,.T.);
#888=FACE_OUTER_BOUND('',#1130,.T.);
#889=FACE_OUTER_BOUND('',#1131,.T.);
#890=FACE_OUTER_BOUND('',#1132,.T.);
#891=FACE_OUTER_BOUND('',#1133,.T.);
#892=FACE_OUTER_BOUND('',#1134,.T.);
#893=FACE_OUTER_BOUND('',#1135,.T.);
#894=FACE_OUTER_BOUND('',#1136,.T.);
#895=FACE_OUTER_BOUND('',#1137,.T.);
#896=FACE_OUTER_BOUND('',#1138,.T.);
#897=FACE_OUTER_BOUND('',#1139,.T.);
#898=FACE_OUTER_BOUND('',#1140,.T.);
#899=FACE_OUTER_BOUND('',#1142,.T.);
#900=FACE_OUTER_BOUND('',#1144,.T.);
#901=FACE_OUTER_BOUND('',#1146,.T.);
#902=FACE_OUTER_BOUND('',#1148,.T.);
#903=FACE_OUTER_BOUND('',#1150,.T.);
#904=FACE_OUTER_BOUND('',#1152,.T.);
#905=FACE_OUTER_BOUND('',#1155,.T.);
#906=FACE_OUTER_BOUND('',#1158,.T.);
#907=FACE_OUTER_BOUND('',#1161,.T.);
#908=FACE_OUTER_BOUND('',#1164,.T.);
#909=FACE_OUTER_BOUND('',#1167,.T.);
#910=FACE_OUTER_BOUND('',#1170,.T.);
#911=FACE_OUTER_BOUND('',#1173,.T.);
#912=FACE_OUTER_BOUND('',#1176,.T.);
#913=FACE_OUTER_BOUND('',#1179,.T.);
#914=FACE_OUTER_BOUND('',#1182,.T.);
#915=FACE_OUTER_BOUND('',#1185,.T.);
#916=FACE_OUTER_BOUND('',#1188,.T.);
#917=FACE_OUTER_BOUND('',#1191,.T.);
#918=FACE_OUTER_BOUND('',#1194,.T.);
#919=FACE_OUTER_BOUND('',#1195,.T.);
#920=FACE_OUTER_BOUND('',#1196,.T.);
#921=FACE_OUTER_BOUND('',#1197,.T.);
#922=FACE_OUTER_BOUND('',#1198,.T.);
#923=FACE_OUTER_BOUND('',#1200,.T.);
#924=FACE_OUTER_BOUND('',#1202,.T.);
#925=FACE_OUTER_BOUND('',#1203,.T.);
#926=FACE_OUTER_BOUND('',#1204,.T.);
#927=FACE_OUTER_BOUND('',#1205,.T.);
#928=FACE_OUTER_BOUND('',#1206,.T.);
#929=FACE_OUTER_BOUND('',#1208,.T.);
#930=FACE_OUTER_BOUND('',#1210,.T.);
#931=FACE_OUTER_BOUND('',#1211,.T.);
#932=FACE_OUTER_BOUND('',#1212,.T.);
#933=FACE_OUTER_BOUND('',#1213,.T.);
#934=FACE_OUTER_BOUND('',#1214,.T.);
#935=FACE_OUTER_BOUND('',#1215,.T.);
#936=FACE_OUTER_BOUND('',#1216,.T.);
#937=FACE_OUTER_BOUND('',#1217,.T.);
#938=FACE_OUTER_BOUND('',#1218,.T.);
#939=FACE_OUTER_BOUND('',#1220,.T.);
#940=FACE_OUTER_BOUND('',#1222,.T.);
#941=FACE_OUTER_BOUND('',#1223,.T.);
#942=FACE_OUTER_BOUND('',#1224,.T.);
#943=FACE_OUTER_BOUND('',#1225,.T.);
#944=FACE_OUTER_BOUND('',#1226,.T.);
#945=FACE_OUTER_BOUND('',#1227,.T.);
#946=FACE_OUTER_BOUND('',#1228,.T.);
#947=FACE_OUTER_BOUND('',#1229,.T.);
#948=FACE_OUTER_BOUND('',#1230,.T.);
#949=FACE_OUTER_BOUND('',#1232,.T.);
#950=FACE_OUTER_BOUND('',#1234,.T.);
#951=FACE_OUTER_BOUND('',#1235,.T.);
#952=FACE_OUTER_BOUND('',#1236,.T.);
#953=FACE_OUTER_BOUND('',#1237,.T.);
#954=FACE_OUTER_BOUND('',#1238,.T.);
#955=FACE_OUTER_BOUND('',#1239,.T.);
#956=FACE_OUTER_BOUND('',#1240,.T.);
#957=FACE_OUTER_BOUND('',#1241,.T.);
#958=FACE_OUTER_BOUND('',#1242,.T.);
#959=FACE_OUTER_BOUND('',#1244,.T.);
#960=FACE_OUTER_BOUND('',#1246,.T.);
#961=FACE_OUTER_BOUND('',#1247,.T.);
#962=FACE_OUTER_BOUND('',#1248,.T.);
#963=FACE_OUTER_BOUND('',#1249,.T.);
#964=FACE_OUTER_BOUND('',#1250,.T.);
#965=FACE_OUTER_BOUND('',#1251,.T.);
#966=FACE_OUTER_BOUND('',#1252,.T.);
#967=FACE_OUTER_BOUND('',#1253,.T.);
#968=FACE_OUTER_BOUND('',#1254,.T.);
#969=FACE_OUTER_BOUND('',#1256,.T.);
#970=FACE_OUTER_BOUND('',#1258,.T.);
#971=FACE_OUTER_BOUND('',#1259,.T.);
#972=FACE_OUTER_BOUND('',#1260,.T.);
#973=FACE_OUTER_BOUND('',#1261,.T.);
#974=FACE_OUTER_BOUND('',#1262,.T.);
#975=FACE_OUTER_BOUND('',#1263,.T.);
#976=FACE_OUTER_BOUND('',#1264,.T.);
#977=FACE_OUTER_BOUND('',#1265,.T.);
#978=FACE_OUTER_BOUND('',#1266,.T.);
#979=FACE_OUTER_BOUND('',#1268,.T.);
#980=FACE_OUTER_BOUND('',#1270,.T.);
#981=FACE_OUTER_BOUND('',#1271,.T.);
#982=FACE_OUTER_BOUND('',#1272,.T.);
#983=FACE_OUTER_BOUND('',#1273,.T.);
#984=FACE_OUTER_BOUND('',#1274,.T.);
#985=FACE_OUTER_BOUND('',#1275,.T.);
#986=FACE_OUTER_BOUND('',#1276,.T.);
#987=FACE_OUTER_BOUND('',#1277,.T.);
#988=FACE_OUTER_BOUND('',#1278,.T.);
#989=FACE_OUTER_BOUND('',#1279,.T.);
#990=FACE_OUTER_BOUND('',#1280,.T.);
#991=FACE_OUTER_BOUND('',#1281,.T.);
#992=FACE_OUTER_BOUND('',#1282,.T.);
#993=FACE_OUTER_BOUND('',#1283,.T.);
#994=FACE_OUTER_BOUND('',#1284,.T.);
#995=FACE_OUTER_BOUND('',#1285,.T.);
#996=FACE_OUTER_BOUND('',#1286,.T.);
#997=FACE_OUTER_BOUND('',#1287,.T.);
#998=FACE_OUTER_BOUND('',#1288,.T.);
#999=FACE_OUTER_BOUND('',#1289,.T.);
#1000=FACE_OUTER_BOUND('',#1290,.T.);
#1001=FACE_OUTER_BOUND('',#1291,.T.);
#1002=FACE_OUTER_BOUND('',#1292,.T.);
#1003=FACE_OUTER_BOUND('',#1293,.T.);
#1004=FACE_OUTER_BOUND('',#1294,.T.);
#1005=FACE_OUTER_BOUND('',#1295,.T.);
#1006=FACE_OUTER_BOUND('',#1296,.T.);
#1007=FACE_OUTER_BOUND('',#1297,.T.);
#1008=FACE_OUTER_BOUND('',#1298,.T.);
#1009=FACE_OUTER_BOUND('',#1299,.T.);
#1010=FACE_OUTER_BOUND('',#1300,.T.);
#1011=FACE_OUTER_BOUND('',#1301,.T.);
#1012=FACE_OUTER_BOUND('',#1302,.T.);
#1013=FACE_OUTER_BOUND('',#1303,.T.);
#1014=FACE_OUTER_BOUND('',#1304,.T.);
#1015=FACE_OUTER_BOUND('',#1305,.T.);
#1016=FACE_OUTER_BOUND('',#1306,.T.);
#1017=FACE_OUTER_BOUND('',#1307,.T.);
#1018=FACE_OUTER_BOUND('',#1308,.T.);
#1019=FACE_OUTER_BOUND('',#1309,.T.);
#1020=FACE_OUTER_BOUND('',#1310,.T.);
#1021=FACE_OUTER_BOUND('',#1311,.T.);
#1022=FACE_OUTER_BOUND('',#1312,.T.);
#1023=FACE_OUTER_BOUND('',#1313,.T.);
#1024=FACE_OUTER_BOUND('',#1314,.T.);
#1025=FACE_OUTER_BOUND('',#1315,.T.);
#1026=FACE_OUTER_BOUND('',#1316,.T.);
#1027=FACE_OUTER_BOUND('',#1317,.T.);
#1028=FACE_OUTER_BOUND('',#1318,.T.);
#1029=FACE_OUTER_BOUND('',#1319,.T.);
#1030=FACE_OUTER_BOUND('',#1320,.T.);
#1031=FACE_OUTER_BOUND('',#1321,.T.);
#1032=FACE_OUTER_BOUND('',#1322,.T.);
#1033=FACE_OUTER_BOUND('',#1323,.T.);
#1034=FACE_OUTER_BOUND('',#1324,.T.);
#1035=FACE_OUTER_BOUND('',#1325,.T.);
#1036=FACE_OUTER_BOUND('',#1326,.T.);
#1037=FACE_OUTER_BOUND('',#1327,.T.);
#1038=FACE_OUTER_BOUND('',#1328,.T.);
#1039=FACE_OUTER_BOUND('',#1329,.T.);
#1040=FACE_OUTER_BOUND('',#1330,.T.);
#1041=FACE_OUTER_BOUND('',#1331,.T.);
#1042=FACE_OUTER_BOUND('',#1332,.T.);
#1043=FACE_OUTER_BOUND('',#1333,.T.);
#1044=FACE_OUTER_BOUND('',#1334,.T.);
#1045=FACE_OUTER_BOUND('',#1335,.T.);
#1046=FACE_OUTER_BOUND('',#1336,.T.);
#1047=FACE_OUTER_BOUND('',#1337,.T.);
#1048=FACE_OUTER_BOUND('',#1338,.T.);
#1049=FACE_OUTER_BOUND('',#1339,.T.);
#1050=FACE_OUTER_BOUND('',#1340,.T.);
#1051=FACE_OUTER_BOUND('',#1341,.T.);
#1052=FACE_OUTER_BOUND('',#1342,.T.);
#1053=FACE_OUTER_BOUND('',#1344,.T.);
#1054=FACE_OUTER_BOUND('',#1346,.T.);
#1055=FACE_OUTER_BOUND('',#1347,.T.);
#1056=FACE_OUTER_BOUND('',#1348,.T.);
#1057=FACE_OUTER_BOUND('',#1349,.T.);
#1058=FACE_OUTER_BOUND('',#1350,.T.);
#1059=FACE_OUTER_BOUND('',#1351,.T.);
#1060=FACE_OUTER_BOUND('',#1352,.T.);
#1061=FACE_OUTER_BOUND('',#1354,.T.);
#1062=FACE_OUTER_BOUND('',#1355,.T.);
#1063=FACE_OUTER_BOUND('',#1356,.T.);
#1064=FACE_OUTER_BOUND('',#1357,.T.);
#1065=FACE_OUTER_BOUND('',#1358,.T.);
#1066=FACE_OUTER_BOUND('',#1359,.T.);
#1067=FACE_OUTER_BOUND('',#1360,.T.);
#1068=FACE_OUTER_BOUND('',#1361,.T.);
#1069=FACE_OUTER_BOUND('',#1362,.T.);
#1070=FACE_OUTER_BOUND('',#1363,.T.);
#1071=FACE_OUTER_BOUND('',#1364,.T.);
#1072=FACE_OUTER_BOUND('',#1366,.T.);
#1073=FACE_OUTER_BOUND('',#1367,.T.);
#1074=FACE_OUTER_BOUND('',#1368,.T.);
#1075=FACE_OUTER_BOUND('',#1370,.T.);
#1076=FACE_OUTER_BOUND('',#1371,.T.);
#1077=FACE_OUTER_BOUND('',#1372,.T.);
#1078=FACE_OUTER_BOUND('',#1373,.T.);
#1079=FACE_OUTER_BOUND('',#1375,.T.);
#1080=FACE_OUTER_BOUND('',#1376,.T.);
#1081=FACE_OUTER_BOUND('',#1377,.T.);
#1082=FACE_OUTER_BOUND('',#1378,.T.);
#1083=FACE_OUTER_BOUND('',#1379,.T.);
#1084=FACE_OUTER_BOUND('',#1380,.T.);
#1085=FACE_OUTER_BOUND('',#1382,.T.);
#1086=FACE_OUTER_BOUND('',#1383,.T.);
#1087=FACE_OUTER_BOUND('',#1384,.T.);
#1088=FACE_OUTER_BOUND('',#1385,.T.);
#1089=FACE_OUTER_BOUND('',#1387,.T.);
#1090=FACE_OUTER_BOUND('',#1388,.T.);
#1091=FACE_OUTER_BOUND('',#1389,.T.);
#1092=FACE_OUTER_BOUND('',#1391,.T.);
#1093=FACE_OUTER_BOUND('',#1392,.T.);
#1094=FACE_OUTER_BOUND('',#1393,.T.);
#1095=FACE_OUTER_BOUND('',#1395,.T.);
#1096=FACE_OUTER_BOUND('',#1396,.T.);
#1097=FACE_OUTER_BOUND('',#1397,.T.);
#1098=FACE_OUTER_BOUND('',#1398,.T.);
#1099=FACE_OUTER_BOUND('',#1399,.T.);
#1100=FACE_OUTER_BOUND('',#1400,.T.);
#1101=FACE_OUTER_BOUND('',#1401,.T.);
#1102=FACE_OUTER_BOUND('',#1402,.T.);
#1103=FACE_OUTER_BOUND('',#1403,.T.);
#1104=FACE_OUTER_BOUND('',#1405,.T.);
#1105=FACE_OUTER_BOUND('',#1406,.T.);
#1106=FACE_OUTER_BOUND('',#1407,.T.);
#1107=EDGE_LOOP('',(#2679,#2680,#2681,#2682));
#1108=EDGE_LOOP('',(#2683,#2684,#2685,#2686,#2687,#2688));
#1109=EDGE_LOOP('',(#2689,#2690,#2691,#2692,#2693));
#1110=EDGE_LOOP('',(#2694,#2695,#2696,#2697,#2698));
#1111=EDGE_LOOP('',(#2699,#2700,#2701,#2702,#2703,#2704));
#1112=EDGE_LOOP('',(#2705,#2706,#2707,#2708));
#1113=EDGE_LOOP('',(#2709,#2710,#2711,#2712));
#1114=EDGE_LOOP('',(#2713,#2714,#2715,#2716));
#1115=EDGE_LOOP('',(#2717));
#1116=EDGE_LOOP('',(#2718));
#1117=EDGE_LOOP('',(#2719));
#1118=EDGE_LOOP('',(#2720));
#1119=EDGE_LOOP('',(#2721,#2722));
#1120=EDGE_LOOP('',(#2723,#2724));
#1121=EDGE_LOOP('',(#2725,#2726));
#1122=EDGE_LOOP('',(#2727,#2728));
#1123=EDGE_LOOP('',(#2729,#2730));
#1124=EDGE_LOOP('',(#2731,#2732));
#1125=EDGE_LOOP('',(#2733,#2734));
#1126=EDGE_LOOP('',(#2735,#2736,#2737,#2738,#2739));
#1127=EDGE_LOOP('',(#2740,#2741,#2742,#2743));
#1128=EDGE_LOOP('',(#2744,#2745,#2746,#2747));
#1129=EDGE_LOOP('',(#2748,#2749,#2750,#2751,#2752));
#1130=EDGE_LOOP('',(#2753,#2754,#2755,#2756));
#1131=EDGE_LOOP('',(#2757,#2758,#2759,#2760,#2761));
#1132=EDGE_LOOP('',(#2762,#2763,#2764,#2765,#2766));
#1133=EDGE_LOOP('',(#2767,#2768,#2769,#2770));
#1134=EDGE_LOOP('',(#2771,#2772,#2773,#2774));
#1135=EDGE_LOOP('',(#2775,#2776,#2777,#2778));
#1136=EDGE_LOOP('',(#2779,#2780,#2781,#2782));
#1137=EDGE_LOOP('',(#2783,#2784,#2785,#2786));
#1138=EDGE_LOOP('',(#2787,#2788,#2789,#2790,#2791));
#1139=EDGE_LOOP('',(#2792,#2793,#2794,#2795,#2796));
#1140=EDGE_LOOP('',(#2797));
#1141=EDGE_LOOP('',(#2798));
#1142=EDGE_LOOP('',(#2799));
#1143=EDGE_LOOP('',(#2800));
#1144=EDGE_LOOP('',(#2801));
#1145=EDGE_LOOP('',(#2802));
#1146=EDGE_LOOP('',(#2803));
#1147=EDGE_LOOP('',(#2804));
#1148=EDGE_LOOP('',(#2805));
#1149=EDGE_LOOP('',(#2806));
#1150=EDGE_LOOP('',(#2807));
#1151=EDGE_LOOP('',(#2808));
#1152=EDGE_LOOP('',(#2809,#2810,#2811,#2812));
#1153=EDGE_LOOP('',(#2813,#2814,#2815,#2816));
#1154=EDGE_LOOP('',(#2817,#2818,#2819,#2820));
#1155=EDGE_LOOP('',(#2821,#2822,#2823,#2824,#2825,#2826,#2827,#2828,#2829,
#2830,#2831,#2832));
#1156=EDGE_LOOP('',(#2833));
#1157=EDGE_LOOP('',(#2834));
#1158=EDGE_LOOP('',(#2835,#2836,#2837,#2838));
#1159=EDGE_LOOP('',(#2839,#2840,#2841,#2842));
#1160=EDGE_LOOP('',(#2843,#2844,#2845,#2846));
#1161=EDGE_LOOP('',(#2847,#2848,#2849,#2850,#2851,#2852,#2853,#2854,#2855,
#2856,#2857,#2858));
#1162=EDGE_LOOP('',(#2859));
#1163=EDGE_LOOP('',(#2860));
#1164=EDGE_LOOP('',(#2861,#2862,#2863,#2864));
#1165=EDGE_LOOP('',(#2865,#2866,#2867,#2868));
#1166=EDGE_LOOP('',(#2869,#2870,#2871,#2872));
#1167=EDGE_LOOP('',(#2873,#2874,#2875,#2876,#2877,#2878,#2879,#2880,#2881,
#2882,#2883,#2884));
#1168=EDGE_LOOP('',(#2885));
#1169=EDGE_LOOP('',(#2886));
#1170=EDGE_LOOP('',(#2887,#2888,#2889,#2890));
#1171=EDGE_LOOP('',(#2891,#2892,#2893,#2894));
#1172=EDGE_LOOP('',(#2895,#2896,#2897,#2898));
#1173=EDGE_LOOP('',(#2899,#2900,#2901,#2902,#2903,#2904,#2905,#2906,#2907,
#2908,#2909,#2910));
#1174=EDGE_LOOP('',(#2911));
#1175=EDGE_LOOP('',(#2912));
#1176=EDGE_LOOP('',(#2913,#2914,#2915,#2916));
#1177=EDGE_LOOP('',(#2917,#2918,#2919,#2920));
#1178=EDGE_LOOP('',(#2921,#2922,#2923,#2924));
#1179=EDGE_LOOP('',(#2925,#2926,#2927,#2928,#2929,#2930,#2931,#2932,#2933,
#2934,#2935,#2936));
#1180=EDGE_LOOP('',(#2937));
#1181=EDGE_LOOP('',(#2938));
#1182=EDGE_LOOP('',(#2939,#2940,#2941,#2942));
#1183=EDGE_LOOP('',(#2943,#2944,#2945,#2946));
#1184=EDGE_LOOP('',(#2947,#2948,#2949,#2950));
#1185=EDGE_LOOP('',(#2951,#2952,#2953,#2954,#2955,#2956,#2957,#2958,#2959,
#2960,#2961,#2962));
#1186=EDGE_LOOP('',(#2963));
#1187=EDGE_LOOP('',(#2964));
#1188=EDGE_LOOP('',(#2965,#2966,#2967,#2968,#2969,#2970,#2971,#2972,#2973,
#2974,#2975,#2976));
#1189=EDGE_LOOP('',(#2977));
#1190=EDGE_LOOP('',(#2978));
#1191=EDGE_LOOP('',(#2979,#2980,#2981,#2982));
#1192=EDGE_LOOP('',(#2983,#2984,#2985,#2986));
#1193=EDGE_LOOP('',(#2987,#2988,#2989,#2990));
#1194=EDGE_LOOP('',(#2991,#2992,#2993,#2994));
#1195=EDGE_LOOP('',(#2995,#2996,#2997,#2998));
#1196=EDGE_LOOP('',(#2999,#3000,#3001,#3002));
#1197=EDGE_LOOP('',(#3003,#3004,#3005,#3006));
#1198=EDGE_LOOP('',(#3007));
#1199=EDGE_LOOP('',(#3008));
#1200=EDGE_LOOP('',(#3009));
#1201=EDGE_LOOP('',(#3010));
#1202=EDGE_LOOP('',(#3011,#3012,#3013,#3014));
#1203=EDGE_LOOP('',(#3015,#3016,#3017,#3018,#3019,#3020));
#1204=EDGE_LOOP('',(#3021,#3022,#3023,#3024));
#1205=EDGE_LOOP('',(#3025,#3026,#3027,#3028));
#1206=EDGE_LOOP('',(#3029));
#1207=EDGE_LOOP('',(#3030));
#1208=EDGE_LOOP('',(#3031));
#1209=EDGE_LOOP('',(#3032));
#1210=EDGE_LOOP('',(#3033,#3034,#3035,#3036));
#1211=EDGE_LOOP('',(#3037,#3038,#3039,#3040));
#1212=EDGE_LOOP('',(#3041,#3042,#3043,#3044));
#1213=EDGE_LOOP('',(#3045,#3046,#3047,#3048));
#1214=EDGE_LOOP('',(#3049,#3050,#3051,#3052));
#1215=EDGE_LOOP('',(#3053,#3054,#3055,#3056));
#1216=EDGE_LOOP('',(#3057,#3058,#3059,#3060,#3061,#3062));
#1217=EDGE_LOOP('',(#3063,#3064,#3065,#3066));
#1218=EDGE_LOOP('',(#3067));
#1219=EDGE_LOOP('',(#3068));
#1220=EDGE_LOOP('',(#3069));
#1221=EDGE_LOOP('',(#3070));
#1222=EDGE_LOOP('',(#3071,#3072,#3073,#3074));
#1223=EDGE_LOOP('',(#3075,#3076,#3077,#3078));
#1224=EDGE_LOOP('',(#3079,#3080,#3081,#3082));
#1225=EDGE_LOOP('',(#3083,#3084,#3085,#3086));
#1226=EDGE_LOOP('',(#3087,#3088,#3089,#3090));
#1227=EDGE_LOOP('',(#3091,#3092,#3093,#3094));
#1228=EDGE_LOOP('',(#3095,#3096,#3097,#3098,#3099,#3100));
#1229=EDGE_LOOP('',(#3101,#3102,#3103,#3104));
#1230=EDGE_LOOP('',(#3105));
#1231=EDGE_LOOP('',(#3106));
#1232=EDGE_LOOP('',(#3107));
#1233=EDGE_LOOP('',(#3108));
#1234=EDGE_LOOP('',(#3109,#3110,#3111,#3112));
#1235=EDGE_LOOP('',(#3113,#3114,#3115,#3116));
#1236=EDGE_LOOP('',(#3117,#3118,#3119,#3120));
#1237=EDGE_LOOP('',(#3121,#3122,#3123,#3124));
#1238=EDGE_LOOP('',(#3125,#3126,#3127,#3128));
#1239=EDGE_LOOP('',(#3129,#3130,#3131,#3132));
#1240=EDGE_LOOP('',(#3133,#3134,#3135,#3136,#3137,#3138));
#1241=EDGE_LOOP('',(#3139,#3140,#3141,#3142));
#1242=EDGE_LOOP('',(#3143));
#1243=EDGE_LOOP('',(#3144));
#1244=EDGE_LOOP('',(#3145));
#1245=EDGE_LOOP('',(#3146));
#1246=EDGE_LOOP('',(#3147,#3148,#3149,#3150));
#1247=EDGE_LOOP('',(#3151,#3152,#3153,#3154));
#1248=EDGE_LOOP('',(#3155,#3156,#3157,#3158));
#1249=EDGE_LOOP('',(#3159,#3160,#3161,#3162));
#1250=EDGE_LOOP('',(#3163,#3164,#3165,#3166));
#1251=EDGE_LOOP('',(#3167,#3168,#3169,#3170));
#1252=EDGE_LOOP('',(#3171,#3172,#3173,#3174,#3175,#3176));
#1253=EDGE_LOOP('',(#3177,#3178,#3179,#3180));
#1254=EDGE_LOOP('',(#3181));
#1255=EDGE_LOOP('',(#3182));
#1256=EDGE_LOOP('',(#3183));
#1257=EDGE_LOOP('',(#3184));
#1258=EDGE_LOOP('',(#3185,#3186,#3187,#3188));
#1259=EDGE_LOOP('',(#3189,#3190,#3191,#3192));
#1260=EDGE_LOOP('',(#3193,#3194,#3195,#3196));
#1261=EDGE_LOOP('',(#3197,#3198,#3199,#3200));
#1262=EDGE_LOOP('',(#3201,#3202,#3203,#3204));
#1263=EDGE_LOOP('',(#3205,#3206,#3207,#3208));
#1264=EDGE_LOOP('',(#3209,#3210,#3211,#3212,#3213,#3214));
#1265=EDGE_LOOP('',(#3215,#3216,#3217,#3218));
#1266=EDGE_LOOP('',(#3219));
#1267=EDGE_LOOP('',(#3220));
#1268=EDGE_LOOP('',(#3221));
#1269=EDGE_LOOP('',(#3222));
#1270=EDGE_LOOP('',(#3223,#3224,#3225,#3226));
#1271=EDGE_LOOP('',(#3227,#3228,#3229,#3230));
#1272=EDGE_LOOP('',(#3231,#3232,#3233,#3234));
#1273=EDGE_LOOP('',(#3235,#3236,#3237,#3238));
#1274=EDGE_LOOP('',(#3239,#3240,#3241,#3242));
#1275=EDGE_LOOP('',(#3243,#3244,#3245,#3246,#3247,#3248));
#1276=EDGE_LOOP('',(#3249,#3250,#3251,#3252));
#1277=EDGE_LOOP('',(#3253,#3254,#3255,#3256));
#1278=EDGE_LOOP('',(#3257,#3258,#3259));
#1279=EDGE_LOOP('',(#3260,#3261,#3262,#3263));
#1280=EDGE_LOOP('',(#3264,#3265,#3266,#3267));
#1281=EDGE_LOOP('',(#3268,#3269,#3270,#3271));
#1282=EDGE_LOOP('',(#3272,#3273,#3274,#3275));
#1283=EDGE_LOOP('',(#3276,#3277,#3278,#3279));
#1284=EDGE_LOOP('',(#3280,#3281,#3282,#3283));
#1285=EDGE_LOOP('',(#3284,#3285,#3286,#3287));
#1286=EDGE_LOOP('',(#3288,#3289,#3290,#3291));
#1287=EDGE_LOOP('',(#3292,#3293,#3294,#3295));
#1288=EDGE_LOOP('',(#3296,#3297,#3298,#3299));
#1289=EDGE_LOOP('',(#3300,#3301,#3302,#3303));
#1290=EDGE_LOOP('',(#3304,#3305,#3306,#3307));
#1291=EDGE_LOOP('',(#3308,#3309,#3310,#3311));
#1292=EDGE_LOOP('',(#3312,#3313,#3314,#3315));
#1293=EDGE_LOOP('',(#3316,#3317,#3318,#3319));
#1294=EDGE_LOOP('',(#3320,#3321,#3322,#3323));
#1295=EDGE_LOOP('',(#3324,#3325,#3326,#3327));
#1296=EDGE_LOOP('',(#3328,#3329,#3330,#3331));
#1297=EDGE_LOOP('',(#3332,#3333,#3334,#3335));
#1298=EDGE_LOOP('',(#3336,#3337,#3338,#3339));
#1299=EDGE_LOOP('',(#3340,#3341,#3342,#3343));
#1300=EDGE_LOOP('',(#3344,#3345,#3346,#3347,#3348));
#1301=EDGE_LOOP('',(#3349,#3350,#3351,#3352,#3353));
#1302=EDGE_LOOP('',(#3354,#3355,#3356,#3357,#3358,#3359,#3360,#3361));
#1303=EDGE_LOOP('',(#3362,#3363,#3364,#3365));
#1304=EDGE_LOOP('',(#3366,#3367,#3368,#3369));
#1305=EDGE_LOOP('',(#3370,#3371,#3372,#3373));
#1306=EDGE_LOOP('',(#3374,#3375,#3376,#3377));
#1307=EDGE_LOOP('',(#3378,#3379,#3380,#3381));
#1308=EDGE_LOOP('',(#3382,#3383,#3384,#3385));
#1309=EDGE_LOOP('',(#3386,#3387,#3388,#3389));
#1310=EDGE_LOOP('',(#3390,#3391,#3392,#3393));
#1311=EDGE_LOOP('',(#3394,#3395,#3396,#3397));
#1312=EDGE_LOOP('',(#3398,#3399,#3400,#3401));
#1313=EDGE_LOOP('',(#3402,#3403,#3404,#3405));
#1314=EDGE_LOOP('',(#3406,#3407,#3408,#3409));
#1315=EDGE_LOOP('',(#3410,#3411,#3412,#3413));
#1316=EDGE_LOOP('',(#3414,#3415,#3416,#3417));
#1317=EDGE_LOOP('',(#3418,#3419,#3420,#3421));
#1318=EDGE_LOOP('',(#3422,#3423,#3424,#3425));
#1319=EDGE_LOOP('',(#3426,#3427,#3428,#3429));
#1320=EDGE_LOOP('',(#3430,#3431,#3432,#3433));
#1321=EDGE_LOOP('',(#3434,#3435,#3436,#3437));
#1322=EDGE_LOOP('',(#3438,#3439,#3440,#3441));
#1323=EDGE_LOOP('',(#3442,#3443,#3444,#3445));
#1324=EDGE_LOOP('',(#3446,#3447,#3448,#3449));
#1325=EDGE_LOOP('',(#3450,#3451,#3452,#3453));
#1326=EDGE_LOOP('',(#3454,#3455,#3456,#3457));
#1327=EDGE_LOOP('',(#3458,#3459,#3460));
#1328=EDGE_LOOP('',(#3461,#3462,#3463,#3464,#3465));
#1329=EDGE_LOOP('',(#3466,#3467,#3468,#3469));
#1330=EDGE_LOOP('',(#3470,#3471,#3472,#3473));
#1331=EDGE_LOOP('',(#3474,#3475,#3476,#3477));
#1332=EDGE_LOOP('',(#3478,#3479,#3480,#3481));
#1333=EDGE_LOOP('',(#3482,#3483,#3484,#3485));
#1334=EDGE_LOOP('',(#3486,#3487,#3488,#3489,#3490,#3491,#3492,#3493,#3494,
#3495));
#1335=EDGE_LOOP('',(#3496,#3497,#3498,#3499,#3500,#3501));
#1336=EDGE_LOOP('',(#3502,#3503,#3504,#3505));
#1337=EDGE_LOOP('',(#3506,#3507,#3508,#3509,#3510));
#1338=EDGE_LOOP('',(#3511,#3512,#3513,#3514));
#1339=EDGE_LOOP('',(#3515,#3516,#3517,#3518));
#1340=EDGE_LOOP('',(#3519,#3520,#3521,#3522));
#1341=EDGE_LOOP('',(#3523,#3524,#3525,#3526));
#1342=EDGE_LOOP('',(#3527));
#1343=EDGE_LOOP('',(#3528));
#1344=EDGE_LOOP('',(#3529));
#1345=EDGE_LOOP('',(#3530));
#1346=EDGE_LOOP('',(#3531,#3532,#3533));
#1347=EDGE_LOOP('',(#3534,#3535,#3536,#3537,#3538,#3539,#3540,#3541,#3542,
#3543,#3544,#3545,#3546,#3547,#3548,#3549,#3550,#3551,#3552,#3553,#3554,
#3555,#3556,#3557,#3558,#3559,#3560,#3561,#3562,#3563,#3564,#3565,#3566,
#3567,#3568,#3569,#3570,#3571,#3572,#3573,#3574,#3575,#3576,#3577,#3578,
#3579,#3580,#3581,#3582,#3583,#3584,#3585,#3586,#3587,#3588));
#1348=EDGE_LOOP('',(#3589,#3590,#3591,#3592,#3593,#3594,#3595,#3596,#3597,
#3598,#3599,#3600,#3601,#3602,#3603,#3604,#3605,#3606,#3607,#3608,#3609,
#3610,#3611,#3612,#3613,#3614,#3615,#3616,#3617,#3618,#3619,#3620,#3621,
#3622,#3623,#3624,#3625,#3626,#3627,#3628,#3629,#3630,#3631,#3632,#3633,
#3634,#3635,#3636,#3637,#3638,#3639,#3640,#3641));
#1349=EDGE_LOOP('',(#3642,#3643,#3644,#3645,#3646));
#1350=EDGE_LOOP('',(#3647,#3648,#3649,#3650));
#1351=EDGE_LOOP('',(#3651,#3652,#3653,#3654,#3655,#3656));
#1352=EDGE_LOOP('',(#3657));
#1353=EDGE_LOOP('',(#3658));
#1354=EDGE_LOOP('',(#3659,#3660,#3661,#3662,#3663,#3664,#3665,#3666,#3667,
#3668,#3669,#3670));
#1355=EDGE_LOOP('',(#3671,#3672,#3673,#3674,#3675,#3676,#3677,#3678,#3679,
#3680,#3681));
#1356=EDGE_LOOP('',(#3682,#3683,#3684,#3685,#3686,#3687));
#1357=EDGE_LOOP('',(#3688,#3689,#3690,#3691,#3692,#3693,#3694));
#1358=EDGE_LOOP('',(#3695,#3696,#3697,#3698,#3699,#3700,#3701));
#1359=EDGE_LOOP('',(#3702,#3703,#3704,#3705));
#1360=EDGE_LOOP('',(#3706,#3707,#3708,#3709));
#1361=EDGE_LOOP('',(#3710,#3711,#3712,#3713));
#1362=EDGE_LOOP('',(#3714,#3715,#3716,#3717));
#1363=EDGE_LOOP('',(#3718,#3719,#3720,#3721));
#1364=EDGE_LOOP('',(#3722,#3723,#3724,#3725));
#1365=EDGE_LOOP('',(#3726));
#1366=EDGE_LOOP('',(#3727,#3728,#3729,#3730));
#1367=EDGE_LOOP('',(#3731,#3732,#3733,#3734));
#1368=EDGE_LOOP('',(#3735,#3736,#3737,#3738));
#1369=EDGE_LOOP('',(#3739));
#1370=EDGE_LOOP('',(#3740,#3741,#3742,#3743));
#1371=EDGE_LOOP('',(#3744,#3745,#3746,#3747));
#1372=EDGE_LOOP('',(#3748,#3749,#3750,#3751));
#1373=EDGE_LOOP('',(#3752,#3753,#3754,#3755));
#1374=EDGE_LOOP('',(#3756));
#1375=EDGE_LOOP('',(#3757,#3758,#3759,#3760));
#1376=EDGE_LOOP('',(#3761,#3762,#3763,#3764,#3765,#3766,#3767,#3768,#3769));
#1377=EDGE_LOOP('',(#3770));
#1378=EDGE_LOOP('',(#3771,#3772,#3773,#3774,#3775,#3776,#3777,#3778,#3779));
#1379=EDGE_LOOP('',(#3780,#3781,#3782,#3783));
#1380=EDGE_LOOP('',(#3784,#3785,#3786,#3787));
#1381=EDGE_LOOP('',(#3788));
#1382=EDGE_LOOP('',(#3789,#3790,#3791,#3792));
#1383=EDGE_LOOP('',(#3793,#3794,#3795,#3796,#3797,#3798));
#1384=EDGE_LOOP('',(#3799,#3800,#3801,#3802,#3803,#3804));
#1385=EDGE_LOOP('',(#3805,#3806,#3807,#3808,#3809,#3810));
#1386=EDGE_LOOP('',(#3811,#3812,#3813,#3814));
#1387=EDGE_LOOP('',(#3815,#3816,#3817,#3818,#3819,#3820));
#1388=EDGE_LOOP('',(#3821,#3822,#3823,#3824));
#1389=EDGE_LOOP('',(#3825,#3826,#3827,#3828));
#1390=EDGE_LOOP('',(#3829));
#1391=EDGE_LOOP('',(#3830,#3831,#3832,#3833));
#1392=EDGE_LOOP('',(#3834,#3835,#3836,#3837));
#1393=EDGE_LOOP('',(#3838,#3839,#3840,#3841));
#1394=EDGE_LOOP('',(#3842));
#1395=EDGE_LOOP('',(#3843,#3844,#3845,#3846));
#1396=EDGE_LOOP('',(#3847,#3848,#3849,#3850));
#1397=EDGE_LOOP('',(#3851,#3852,#3853,#3854));
#1398=EDGE_LOOP('',(#3855,#3856,#3857,#3858));
#1399=EDGE_LOOP('',(#3859,#3860,#3861,#3862));
#1400=EDGE_LOOP('',(#3863,#3864,#3865,#3866));
#1401=EDGE_LOOP('',(#3867,#3868,#3869,#3870));
#1402=EDGE_LOOP('',(#3871,#3872,#3873,#3874,#3875,#3876,#3877,#3878));
#1403=EDGE_LOOP('',(#3879));
#1404=EDGE_LOOP('',(#3880));
#1405=EDGE_LOOP('',(#3881,#3882,#3883,#3884));
#1406=EDGE_LOOP('',(#3885,#3886,#3887,#3888));
#1407=EDGE_LOOP('',(#3889));
#1408=EDGE_LOOP('',(#3890));
#1409=CIRCLE('',#4222,6.57692307692307);
#1410=CIRCLE('',#4223,1.90157231151412);
#1411=CIRCLE('',#4224,6.57692307692307);
#1412=CIRCLE('',#4226,4.07688446993853);
#1413=CIRCLE('',#4227,4.07688446993853);
#1414=CIRCLE('',#4228,0.2625);
#1415=CIRCLE('',#4229,4.);
#1416=CIRCLE('',#4230,4.);
#1417=CIRCLE('',#4232,4.);
#1418=CIRCLE('',#4233,4.);
#1419=CIRCLE('',#4234,0.2625);
#1420=CIRCLE('',#4235,4.07688446993853);
#1421=CIRCLE('',#4237,4.34999999999999);
#1422=CIRCLE('',#4240,4.34999999999999);
#1423=CIRCLE('',#4242,6.57692307692308);
#1424=CIRCLE('',#4244,6.57692307692308);
#1425=CIRCLE('',#4248,1.90157231151412);
#1426=CIRCLE('',#4250,1.90157231151412);
#1427=CIRCLE('',#4252,1.90157231151412);
#1428=CIRCLE('',#4254,1.90157231151412);
#1429=CIRCLE('',#4256,1.90157231151412);
#1430=CIRCLE('',#4258,1.90157231151412);
#1431=CIRCLE('',#4260,1.90157231151412);
#1432=CIRCLE('',#4262,8.58057692307691);
#1433=CIRCLE('',#4263,0.0315);
#1434=CIRCLE('',#4264,8.54907692307691);
#1435=CIRCLE('',#4265,8.54907692307691);
#1436=CIRCLE('',#4267,8.42307692307692);
#1437=CIRCLE('',#4268,0.0315);
#1438=CIRCLE('',#4269,8.45457692307692);
#1439=CIRCLE('',#4271,8.58057692307691);
#1440=CIRCLE('',#4272,0.0315);
#1441=CIRCLE('',#4273,8.54907692307691);
#1442=CIRCLE('',#4275,8.42307692307691);
#1443=CIRCLE('',#4276,8.42307692307691);
#1444=CIRCLE('',#4277,0.0315);
#1445=CIRCLE('',#4278,8.45457692307691);
#1446=CIRCLE('',#4280,9.28205128205128);
#1447=CIRCLE('',#4281,9.28205128205128);
#1448=CIRCLE('',#4283,8.54907692307691);
#1449=CIRCLE('',#4285,8.42307692307691);
#1450=CIRCLE('',#4287,1.90157231151412);
#1451=CIRCLE('',#4288,8.42307692307692);
#1452=CIRCLE('',#4291,8.54907692307691);
#1453=CIRCLE('',#4293,9.28205128205128);
#1454=CIRCLE('',#4294,9.28205128205128);
#1455=CIRCLE('',#4296,11.);
#1456=CIRCLE('',#4297,10.65);
#1457=CIRCLE('',#4299,11.);
#1458=CIRCLE('',#4300,10.65);
#1459=CIRCLE('',#4301,11.);
#1460=CIRCLE('',#4310,2.12059268767998);
#1461=CIRCLE('',#4311,0.841105432527515);
#1462=CIRCLE('',#4312,2.12059268767998);
#1463=CIRCLE('',#4316,1.80988935522019);
#1464=CIRCLE('',#4317,1.80988935522019);
#1465=CIRCLE('',#4318,1.90157231151411);
#1466=CIRCLE('',#4319,1.80988935522019);
#1467=CIRCLE('',#4320,1.80988935522019);
#1468=CIRCLE('',#4321,1.80988935522019);
#1469=CIRCLE('',#4322,1.80988935522019);
#1470=CIRCLE('',#4323,1.84471122521598);
#1471=CIRCLE('',#4324,1.84471122521598);
#1472=CIRCLE('',#4326,2.12059268767998);
#1473=CIRCLE('',#4327,0.841105432527515);
#1474=CIRCLE('',#4328,2.12059268767998);
#1475=CIRCLE('',#4332,1.80988935522019);
#1476=CIRCLE('',#4333,1.80988935522019);
#1477=CIRCLE('',#4334,1.90157231151411);
#1478=CIRCLE('',#4335,1.80988935522019);
#1479=CIRCLE('',#4336,1.80988935522019);
#1480=CIRCLE('',#4337,1.80988935522019);
#1481=CIRCLE('',#4338,1.80988935522019);
#1482=CIRCLE('',#4339,1.84471122521598);
#1483=CIRCLE('',#4340,1.84471122521598);
#1484=CIRCLE('',#4342,2.12059268767998);
#1485=CIRCLE('',#4343,0.841105432527515);
#1486=CIRCLE('',#4344,2.12059268767998);
#1487=CIRCLE('',#4350,1.80988935522019);
#1488=CIRCLE('',#4351,1.80988935522019);
#1489=CIRCLE('',#4352,1.90157231151411);
#1490=CIRCLE('',#4353,1.80988935522019);
#1491=CIRCLE('',#4354,1.80988935522019);
#1492=CIRCLE('',#4355,1.80988935522019);
#1493=CIRCLE('',#4356,1.80988935522019);
#1494=CIRCLE('',#4357,1.84471122521598);
#1495=CIRCLE('',#4358,1.84471122521598);
#1496=CIRCLE('',#4360,2.12059268767998);
#1497=CIRCLE('',#4361,0.841105432527515);
#1498=CIRCLE('',#4362,2.12059268767998);
#1499=CIRCLE('',#4366,1.80988935522019);
#1500=CIRCLE('',#4367,1.80988935522019);
#1501=CIRCLE('',#4368,1.90157231151411);
#1502=CIRCLE('',#4369,1.80988935522019);
#1503=CIRCLE('',#4370,1.80988935522019);
#1504=CIRCLE('',#4371,1.80988935522019);
#1505=CIRCLE('',#4372,1.80988935522019);
#1506=CIRCLE('',#4373,1.84471122521598);
#1507=CIRCLE('',#4374,1.84471122521598);
#1508=CIRCLE('',#4376,2.12059268767998);
#1509=CIRCLE('',#4377,0.841105432527515);
#1510=CIRCLE('',#4378,2.12059268767998);
#1511=CIRCLE('',#4384,1.80988935522019);
#1512=CIRCLE('',#4385,1.80988935522019);
#1513=CIRCLE('',#4386,1.90157231151411);
#1514=CIRCLE('',#4387,1.80988935522019);
#1515=CIRCLE('',#4388,1.80988935522019);
#1516=CIRCLE('',#4389,1.80988935522019);
#1517=CIRCLE('',#4390,1.80988935522019);
#1518=CIRCLE('',#4391,1.84471122521598);
#1519=CIRCLE('',#4392,1.84471122521598);
#1520=CIRCLE('',#4394,2.12059268767998);
#1521=CIRCLE('',#4395,0.841105432527515);
#1522=CIRCLE('',#4396,2.12059268767998);
#1523=CIRCLE('',#4402,1.80988935522019);
#1524=CIRCLE('',#4403,1.80988935522019);
#1525=CIRCLE('',#4404,1.90157231151411);
#1526=CIRCLE('',#4405,1.80988935522019);
#1527=CIRCLE('',#4406,1.80988935522019);
#1528=CIRCLE('',#4407,1.80988935522019);
#1529=CIRCLE('',#4408,1.80988935522019);
#1530=CIRCLE('',#4409,1.84471122521598);
#1531=CIRCLE('',#4410,1.84471122521598);
#1532=CIRCLE('',#4412,1.80988935522019);
#1533=CIRCLE('',#4413,1.80988935522019);
#1534=CIRCLE('',#4414,1.90157231151411);
#1535=CIRCLE('',#4415,1.80988935522019);
#1536=CIRCLE('',#4416,1.80988935522019);
#1537=CIRCLE('',#4417,1.80988935522019);
#1538=CIRCLE('',#4418,1.80988935522019);
#1539=CIRCLE('',#4419,1.84471122521598);
#1540=CIRCLE('',#4420,1.84471122521598);
#1541=CIRCLE('',#4422,2.12059268767998);
#1542=CIRCLE('',#4423,0.841105432527515);
#1543=CIRCLE('',#4424,2.12059268767998);
#1544=CIRCLE('',#4430,7.5);
#1545=CIRCLE('',#4431,7.5);
#1546=CIRCLE('',#4433,7.96153846153845);
#1547=CIRCLE('',#4434,7.96153846153845);
#1548=CIRCLE('',#4440,7.5);
#1549=CIRCLE('',#4441,7.96153846153845);
#1550=CIRCLE('',#4443,7.5);
#1551=CIRCLE('',#4444,7.96153846153845);
#1552=CIRCLE('',#4450,7.5);
#1553=CIRCLE('',#4451,7.96153846153845);
#1554=CIRCLE('',#4453,7.5);
#1555=CIRCLE('',#4454,7.96153846153845);
#1556=CIRCLE('',#4458,7.5);
#1557=CIRCLE('',#4459,7.5);
#1558=CIRCLE('',#4461,7.96153846153845);
#1559=CIRCLE('',#4462,7.96153846153845);
#1560=CIRCLE('',#4468,7.5);
#1561=CIRCLE('',#4469,7.96153846153845);
#1562=CIRCLE('',#4471,7.5);
#1563=CIRCLE('',#4472,7.96153846153845);
#1564=CIRCLE('',#4476,7.5);
#1565=CIRCLE('',#4477,7.5);
#1566=CIRCLE('',#4479,7.96153846153845);
#1567=CIRCLE('',#4480,7.96153846153845);
#1568=CIRCLE('',#4486,7.5);
#1569=CIRCLE('',#4487,7.96153846153845);
#1570=CIRCLE('',#4489,7.5);
#1571=CIRCLE('',#4490,7.96153846153845);
#1572=CIRCLE('',#4494,7.5);
#1573=CIRCLE('',#4495,7.5);
#1574=CIRCLE('',#4497,7.96153846153845);
#1575=CIRCLE('',#4498,7.96153846153845);
#1576=CIRCLE('',#4504,7.5);
#1577=CIRCLE('',#4505,7.96153846153845);
#1578=CIRCLE('',#4507,7.5);
#1579=CIRCLE('',#4508,7.96153846153845);
#1580=CIRCLE('',#4512,7.5);
#1581=CIRCLE('',#4513,7.5);
#1582=CIRCLE('',#4515,7.96153846153846);
#1583=CIRCLE('',#4516,7.96153846153846);
#1584=CIRCLE('',#4522,7.5);
#1585=CIRCLE('',#4523,7.96153846153846);
#1586=CIRCLE('',#4525,7.5);
#1587=CIRCLE('',#4526,7.96153846153846);
#1588=CIRCLE('',#4530,7.5);
#1589=CIRCLE('',#4531,7.5);
#1590=CIRCLE('',#4533,7.96153846153846);
#1591=CIRCLE('',#4534,7.96153846153846);
#1592=CIRCLE('',#4540,7.5);
#1593=CIRCLE('',#4541,7.96153846153846);
#1594=CIRCLE('',#4543,7.5);
#1595=CIRCLE('',#4544,7.96153846153846);
#1596=CIRCLE('',#4548,7.5);
#1597=CIRCLE('',#4549,7.96153846153845);
#1598=CIRCLE('',#4551,7.5);
#1599=CIRCLE('',#4552,7.96153846153845);
#1600=CIRCLE('',#4557,3.1881011839521);
#1601=CIRCLE('',#4580,3.18810118395771);
#1602=CIRCLE('',#4582,3.18810118395771);
#1603=CIRCLE('',#4584,4.0508);
#1604=CIRCLE('',#4585,4.);
#1605=CIRCLE('',#4611,3.25);
#1606=CIRCLE('',#4613,3.25);
#1607=CIRCLE('',#4614,4.);
#1608=CIRCLE('',#4618,6.1);
#1609=CIRCLE('',#4619,0.4);
#1610=CIRCLE('',#4620,6.5);
#1611=CIRCLE('',#4622,6.5);
#1612=CIRCLE('',#4624,0.400000000000003);
#1613=CIRCLE('',#4625,6.1);
#1614=CIRCLE('',#4627,3.90341801261479);
#1615=CIRCLE('',#4638,3.30715232825045);
#1616=CIRCLE('',#4639,3.30773536381057);
#1617=CIRCLE('',#4643,12.);
#1618=CIRCLE('',#4644,2.);
#1619=CIRCLE('',#4645,10.);
#1620=CIRCLE('',#4647,10.);
#1621=CIRCLE('',#4649,12.5);
#1622=CIRCLE('',#4652,12.5);
#1623=CIRCLE('',#4653,12.5);
#1624=CIRCLE('',#4654,12.5);
#1625=CIRCLE('',#4656,8.);
#1626=CIRCLE('',#4657,8.);
#1627=CIRCLE('',#4659,8.);
#1628=CIRCLE('',#4660,8.);
#1629=CIRCLE('',#4662,7.5);
#1630=CIRCLE('',#4663,7.5);
#1631=CIRCLE('',#4667,8.);
#1632=CIRCLE('',#4668,8.);
#1633=CIRCLE('',#4669,12.5);
#1634=CIRCLE('',#4670,4.5);
#1635=CIRCLE('',#4673,3.99999999999999);
#1636=CIRCLE('',#4675,3.99999999999999);
#1637=CIRCLE('',#4677,12.5);
#1638=CIRCLE('',#4680,8.);
#1639=CIRCLE('',#4681,8.);
#1640=CIRCLE('',#4682,4.5);
#1641=CIRCLE('',#4683,12.5);
#1642=CIRCLE('',#4686,3.99999999999999);
#1643=CIRCLE('',#4688,3.99999999999999);
#1644=CIRCLE('',#4693,12.5);
#1645=CIRCLE('',#4698,20.);
#1646=CIRCLE('',#4699,20.);
#1647=CIRCLE('',#4702,20.);
#1648=CIRCLE('',#4703,20.);
#1649=CIRCLE('',#4706,11.);
#1650=CIRCLE('',#4707,11.);
#1651=CIRCLE('',#4709,15.);
#1652=CIRCLE('',#4711,15.);
#1653=CIRCLE('',#4716,20.);
#1654=CIRCLE('',#4719,20.);
#1655=CIRCLE('',#4721,20.);
#1656=CIRCLE('',#4724,20.);
#1657=CIRCLE('',#4728,10.);
#1658=CIRCLE('',#4729,8.5);
#1659=CIRCLE('',#4731,8.5);
#1660=CIRCLE('',#4733,10.);
#1661=VERTEX_POINT('',#5937);
#1662=VERTEX_POINT('',#5939);
#1663=VERTEX_POINT('',#5943);
#1664=VERTEX_POINT('',#5944);
#1665=VERTEX_POINT('',#5947);
#1666=VERTEX_POINT('',#5949);
#1667=VERTEX_POINT('',#5953);
#1668=VERTEX_POINT('',#5954);
#1669=VERTEX_POINT('',#5957);
#1670=VERTEX_POINT('',#5961);
#1671=VERTEX_POINT('',#5967);
#1672=VERTEX_POINT('',#5971);
#1673=VERTEX_POINT('',#5975);
#1674=VERTEX_POINT('',#5981);
#1675=VERTEX_POINT('',#5982);
#1676=VERTEX_POINT('',#5985);
#1677=VERTEX_POINT('',#5986);
#1678=VERTEX_POINT('',#5989);
#1679=VERTEX_POINT('',#5990);
#1680=VERTEX_POINT('',#5993);
#1681=VERTEX_POINT('',#5994);
#1682=VERTEX_POINT('',#5997);
#1683=VERTEX_POINT('',#5998);
#1684=VERTEX_POINT('',#6001);
#1685=VERTEX_POINT('',#6002);
#1686=VERTEX_POINT('',#6005);
#1687=VERTEX_POINT('',#6006);
#1688=VERTEX_POINT('',#6009);
#1689=VERTEX_POINT('',#6011);
#1690=VERTEX_POINT('',#6013);
#1691=VERTEX_POINT('',#6017);
#1692=VERTEX_POINT('',#6019);
#1693=VERTEX_POINT('',#6023);
#1694=VERTEX_POINT('',#6025);
#1695=VERTEX_POINT('',#6029);
#1696=VERTEX_POINT('',#6030);
#1697=VERTEX_POINT('',#6033);
#1698=VERTEX_POINT('',#6037);
#1699=VERTEX_POINT('',#6039);
#1700=VERTEX_POINT('',#6043);
#1701=VERTEX_POINT('',#6047);
#1702=VERTEX_POINT('',#6051);
#1703=VERTEX_POINT('',#6057);
#1704=VERTEX_POINT('',#6061);
#1705=VERTEX_POINT('',#6063);
#1706=VERTEX_POINT('',#6067);
#1707=VERTEX_POINT('',#6069);
#1708=VERTEX_POINT('',#6073);
#1709=VERTEX_POINT('',#6074);
#1710=VERTEX_POINT('',#6076);
#1711=VERTEX_POINT('',#6089);
#1712=VERTEX_POINT('',#6091);
#1713=VERTEX_POINT('',#6094);
#1714=VERTEX_POINT('',#6095);
#1715=VERTEX_POINT('',#6102);
#1716=VERTEX_POINT('',#6109);
#1717=VERTEX_POINT('',#6122);
#1718=VERTEX_POINT('',#6123);
#1719=VERTEX_POINT('',#6125);
#1720=VERTEX_POINT('',#6133);
#1721=VERTEX_POINT('',#6143);
#1722=VERTEX_POINT('',#6144);
#1723=VERTEX_POINT('',#6146);
#1724=VERTEX_POINT('',#6153);
#1725=VERTEX_POINT('',#6155);
#1726=VERTEX_POINT('',#6157);
#1727=VERTEX_POINT('',#6159);
#1728=VERTEX_POINT('',#6166);
#1729=VERTEX_POINT('',#6168);
#1730=VERTEX_POINT('',#6176);
#1731=VERTEX_POINT('',#6184);
#1732=VERTEX_POINT('',#6186);
#1733=VERTEX_POINT('',#6189);
#1734=VERTEX_POINT('',#6191);
#1735=VERTEX_POINT('',#6194);
#1736=VERTEX_POINT('',#6195);
#1737=VERTEX_POINT('',#6202);
#1738=VERTEX_POINT('',#6209);
#1739=VERTEX_POINT('',#6222);
#1740=VERTEX_POINT('',#6223);
#1741=VERTEX_POINT('',#6225);
#1742=VERTEX_POINT('',#6233);
#1743=VERTEX_POINT('',#6243);
#1744=VERTEX_POINT('',#6244);
#1745=VERTEX_POINT('',#6246);
#1746=VERTEX_POINT('',#6253);
#1747=VERTEX_POINT('',#6255);
#1748=VERTEX_POINT('',#6257);
#1749=VERTEX_POINT('',#6259);
#1750=VERTEX_POINT('',#6266);
#1751=VERTEX_POINT('',#6268);
#1752=VERTEX_POINT('',#6276);
#1753=VERTEX_POINT('',#6284);
#1754=VERTEX_POINT('',#6286);
#1755=VERTEX_POINT('',#6289);
#1756=VERTEX_POINT('',#6291);
#1757=VERTEX_POINT('',#6294);
#1758=VERTEX_POINT('',#6295);
#1759=VERTEX_POINT('',#6297);
#1760=VERTEX_POINT('',#6305);
#1761=VERTEX_POINT('',#6314);
#1762=VERTEX_POINT('',#6315);
#1763=VERTEX_POINT('',#6317);
#1764=VERTEX_POINT('',#6324);
#1765=VERTEX_POINT('',#6333);
#1766=VERTEX_POINT('',#6334);
#1767=VERTEX_POINT('',#6336);
#1768=VERTEX_POINT('',#6343);
#1769=VERTEX_POINT('',#6345);
#1770=VERTEX_POINT('',#6347);
#1771=VERTEX_POINT('',#6349);
#1772=VERTEX_POINT('',#6356);
#1773=VERTEX_POINT('',#6358);
#1774=VERTEX_POINT('',#6366);
#1775=VERTEX_POINT('',#6374);
#1776=VERTEX_POINT('',#6376);
#1777=VERTEX_POINT('',#6379);
#1778=VERTEX_POINT('',#6381);
#1779=VERTEX_POINT('',#6384);
#1780=VERTEX_POINT('',#6385);
#1781=VERTEX_POINT('',#6392);
#1782=VERTEX_POINT('',#6400);
#1783=VERTEX_POINT('',#6414);
#1784=VERTEX_POINT('',#6415);
#1785=VERTEX_POINT('',#6417);
#1786=VERTEX_POINT('',#6424);
#1787=VERTEX_POINT('',#6433);
#1788=VERTEX_POINT('',#6434);
#1789=VERTEX_POINT('',#6436);
#1790=VERTEX_POINT('',#6443);
#1791=VERTEX_POINT('',#6445);
#1792=VERTEX_POINT('',#6447);
#1793=VERTEX_POINT('',#6449);
#1794=VERTEX_POINT('',#6456);
#1795=VERTEX_POINT('',#6458);
#1796=VERTEX_POINT('',#6466);
#1797=VERTEX_POINT('',#6474);
#1798=VERTEX_POINT('',#6476);
#1799=VERTEX_POINT('',#6479);
#1800=VERTEX_POINT('',#6481);
#1801=VERTEX_POINT('',#6484);
#1802=VERTEX_POINT('',#6485);
#1803=VERTEX_POINT('',#6487);
#1804=VERTEX_POINT('',#6495);
#1805=VERTEX_POINT('',#6504);
#1806=VERTEX_POINT('',#6505);
#1807=VERTEX_POINT('',#6507);
#1808=VERTEX_POINT('',#6514);
#1809=VERTEX_POINT('',#6523);
#1810=VERTEX_POINT('',#6524);
#1811=VERTEX_POINT('',#6526);
#1812=VERTEX_POINT('',#6533);
#1813=VERTEX_POINT('',#6535);
#1814=VERTEX_POINT('',#6537);
#1815=VERTEX_POINT('',#6539);
#1816=VERTEX_POINT('',#6546);
#1817=VERTEX_POINT('',#6548);
#1818=VERTEX_POINT('',#6556);
#1819=VERTEX_POINT('',#6564);
#1820=VERTEX_POINT('',#6566);
#1821=VERTEX_POINT('',#6569);
#1822=VERTEX_POINT('',#6571);
#1823=VERTEX_POINT('',#6574);
#1824=VERTEX_POINT('',#6575);
#1825=VERTEX_POINT('',#6583);
#1826=VERTEX_POINT('',#6585);
#1827=VERTEX_POINT('',#6594);
#1828=VERTEX_POINT('',#6595);
#1829=VERTEX_POINT('',#6597);
#1830=VERTEX_POINT('',#6604);
#1831=VERTEX_POINT('',#6613);
#1832=VERTEX_POINT('',#6614);
#1833=VERTEX_POINT('',#6621);
#1834=VERTEX_POINT('',#6623);
#1835=VERTEX_POINT('',#6630);
#1836=VERTEX_POINT('',#6632);
#1837=VERTEX_POINT('',#6634);
#1838=VERTEX_POINT('',#6636);
#1839=VERTEX_POINT('',#6644);
#1840=VERTEX_POINT('',#6646);
#1841=VERTEX_POINT('',#6656);
#1842=VERTEX_POINT('',#6658);
#1843=VERTEX_POINT('',#6661);
#1844=VERTEX_POINT('',#6662);
#1845=VERTEX_POINT('',#6664);
#1846=VERTEX_POINT('',#6671);
#1847=VERTEX_POINT('',#6673);
#1848=VERTEX_POINT('',#6675);
#1849=VERTEX_POINT('',#6677);
#1850=VERTEX_POINT('',#6685);
#1851=VERTEX_POINT('',#6687);
#1852=VERTEX_POINT('',#6696);
#1853=VERTEX_POINT('',#6704);
#1854=VERTEX_POINT('',#6706);
#1855=VERTEX_POINT('',#6709);
#1856=VERTEX_POINT('',#6711);
#1857=VERTEX_POINT('',#6714);
#1858=VERTEX_POINT('',#6715);
#1859=VERTEX_POINT('',#6717);
#1860=VERTEX_POINT('',#6724);
#1861=VERTEX_POINT('',#6732);
#1862=VERTEX_POINT('',#6733);
#1863=VERTEX_POINT('',#6735);
#1864=VERTEX_POINT('',#6743);
#1865=VERTEX_POINT('',#6880);
#1866=VERTEX_POINT('',#6881);
#1867=VERTEX_POINT('',#6883);
#1868=VERTEX_POINT('',#6889);
#1869=VERTEX_POINT('',#6890);
#1870=VERTEX_POINT('',#6927);
#1871=VERTEX_POINT('',#6928);
#1872=VERTEX_POINT('',#6965);
#1873=VERTEX_POINT('',#6966);
#1874=VERTEX_POINT('',#7003);
#1875=VERTEX_POINT('',#7004);
#1876=VERTEX_POINT('',#7041);
#1877=VERTEX_POINT('',#7042);
#1878=VERTEX_POINT('',#7079);
#1879=VERTEX_POINT('',#7080);
#1880=VERTEX_POINT('',#7117);
#1881=VERTEX_POINT('',#7118);
#1882=VERTEX_POINT('',#7155);
#1883=VERTEX_POINT('',#7156);
#1884=VERTEX_POINT('',#7193);
#1885=VERTEX_POINT('',#7194);
#1886=VERTEX_POINT('',#7231);
#1887=VERTEX_POINT('',#7232);
#1888=VERTEX_POINT('',#7269);
#1889=VERTEX_POINT('',#7270);
#1890=VERTEX_POINT('',#7307);
#1891=VERTEX_POINT('',#7308);
#1892=VERTEX_POINT('',#7345);
#1893=VERTEX_POINT('',#7346);
#1894=VERTEX_POINT('',#7383);
#1895=VERTEX_POINT('',#7384);
#1896=VERTEX_POINT('',#7421);
#1897=VERTEX_POINT('',#7422);
#1898=VERTEX_POINT('',#7459);
#1899=VERTEX_POINT('',#7460);
#1900=VERTEX_POINT('',#7497);
#1901=VERTEX_POINT('',#7498);
#1902=VERTEX_POINT('',#7535);
#1903=VERTEX_POINT('',#7536);
#1904=VERTEX_POINT('',#7573);
#1905=VERTEX_POINT('',#7574);
#1906=VERTEX_POINT('',#7611);
#1907=VERTEX_POINT('',#7612);
#1908=VERTEX_POINT('',#7649);
#1909=VERTEX_POINT('',#7650);
#1910=VERTEX_POINT('',#7687);
#1911=VERTEX_POINT('',#7688);
#1912=VERTEX_POINT('',#7690);
#1913=VERTEX_POINT('',#7727);
#1914=VERTEX_POINT('',#7728);
#1915=VERTEX_POINT('',#7744);
#1916=VERTEX_POINT('',#7755);
#1917=VERTEX_POINT('',#7757);
#1918=VERTEX_POINT('',#7759);
#1919=VERTEX_POINT('',#7764);
#1920=VERTEX_POINT('',#7766);
#1921=VERTEX_POINT('',#7775);
#1922=VERTEX_POINT('',#7814);
#1923=VERTEX_POINT('',#7815);
#1924=VERTEX_POINT('',#7830);
#1925=VERTEX_POINT('',#7831);
#1926=VERTEX_POINT('',#7906);
#1927=VERTEX_POINT('',#7907);
#1928=VERTEX_POINT('',#7982);
#1929=VERTEX_POINT('',#7983);
#1930=VERTEX_POINT('',#8060);
#1931=VERTEX_POINT('',#8061);
#1932=VERTEX_POINT('',#8136);
#1933=VERTEX_POINT('',#8137);
#1934=VERTEX_POINT('',#8212);
#1935=VERTEX_POINT('',#8213);
#1936=VERTEX_POINT('',#8288);
#1937=VERTEX_POINT('',#8289);
#1938=VERTEX_POINT('',#8364);
#1939=VERTEX_POINT('',#8365);
#1940=VERTEX_POINT('',#8440);
#1941=VERTEX_POINT('',#8441);
#1942=VERTEX_POINT('',#8518);
#1943=VERTEX_POINT('',#8519);
#1944=VERTEX_POINT('',#8594);
#1945=VERTEX_POINT('',#8595);
#1946=VERTEX_POINT('',#8670);
#1947=VERTEX_POINT('',#8671);
#1948=VERTEX_POINT('',#8746);
#1949=VERTEX_POINT('',#8747);
#1950=VERTEX_POINT('',#8822);
#1951=VERTEX_POINT('',#8823);
#1952=VERTEX_POINT('',#8898);
#1953=VERTEX_POINT('',#8899);
#1954=VERTEX_POINT('',#8974);
#1955=VERTEX_POINT('',#8975);
#1956=VERTEX_POINT('',#9052);
#1957=VERTEX_POINT('',#9053);
#1958=VERTEX_POINT('',#9128);
#1959=VERTEX_POINT('',#9129);
#1960=VERTEX_POINT('',#9204);
#1961=VERTEX_POINT('',#9205);
#1962=VERTEX_POINT('',#9280);
#1963=VERTEX_POINT('',#9281);
#1964=VERTEX_POINT('',#9356);
#1965=VERTEX_POINT('',#9357);
#1966=VERTEX_POINT('',#9434);
#1967=VERTEX_POINT('',#9435);
#1968=VERTEX_POINT('',#9510);
#1969=VERTEX_POINT('',#9511);
#1970=VERTEX_POINT('',#9586);
#1971=VERTEX_POINT('',#9587);
#1972=VERTEX_POINT('',#9589);
#1973=VERTEX_POINT('',#9622);
#1974=VERTEX_POINT('',#9624);
#1975=VERTEX_POINT('',#9637);
#1976=VERTEX_POINT('',#9750);
#1977=VERTEX_POINT('',#9752);
#1978=VERTEX_POINT('',#9756);
#1979=VERTEX_POINT('',#9760);
#1980=VERTEX_POINT('',#9764);
#1981=VERTEX_POINT('',#9765);
#1982=VERTEX_POINT('',#9769);
#1983=VERTEX_POINT('',#9773);
#1984=VERTEX_POINT('',#9777);
#1985=VERTEX_POINT('',#9781);
#1986=VERTEX_POINT('',#9784);
#1987=VERTEX_POINT('',#9788);
#1988=VERTEX_POINT('',#9796);
#1989=VERTEX_POINT('',#9797);
#1990=VERTEX_POINT('',#9799);
#1991=VERTEX_POINT('',#9801);
#1992=VERTEX_POINT('',#9803);
#1993=VERTEX_POINT('',#9805);
#1994=VERTEX_POINT('',#11435);
#1995=VERTEX_POINT('',#11437);
#1996=VERTEX_POINT('',#11441);
#1997=VERTEX_POINT('',#11443);
#1998=VERTEX_POINT('',#11450);
#1999=VERTEX_POINT('',#11459);
#2000=VERTEX_POINT('',#11462);
#2001=VERTEX_POINT('',#11463);
#2002=VERTEX_POINT('',#11482);
#2003=VERTEX_POINT('',#11493);
#2004=VERTEX_POINT('',#11495);
#2005=VERTEX_POINT('',#11505);
#2006=VERTEX_POINT('',#11507);
#2007=VERTEX_POINT('',#11546);
#2008=VERTEX_POINT('',#11548);
#2009=VERTEX_POINT('',#11550);
#2010=VERTEX_POINT('',#11554);
#2011=VERTEX_POINT('',#11556);
#2012=VERTEX_POINT('',#11558);
#2013=VERTEX_POINT('',#11560);
#2014=VERTEX_POINT('',#11564);
#2015=VERTEX_POINT('',#11566);
#2016=VERTEX_POINT('',#11568);
#2017=VERTEX_POINT('',#11570);
#2018=VERTEX_POINT('',#11574);
#2019=VERTEX_POINT('',#11580);
#2020=VERTEX_POINT('',#11581);
#2021=VERTEX_POINT('',#11583);
#2022=VERTEX_POINT('',#11585);
#2023=VERTEX_POINT('',#11589);
#2024=VERTEX_POINT('',#11591);
#2025=VERTEX_POINT('',#11609);
#2026=VERTEX_POINT('',#11610);
#2027=VERTEX_POINT('',#11618);
#2028=VERTEX_POINT('',#11621);
#2029=VERTEX_POINT('',#11625);
#2030=VERTEX_POINT('',#11627);
#2031=VERTEX_POINT('',#11634);
#2032=VERTEX_POINT('',#11636);
#2033=VERTEX_POINT('',#11654);
#2034=VERTEX_POINT('',#11655);
#2035=VERTEX_POINT('',#11663);
#2036=VERTEX_POINT('',#11666);
#2037=VERTEX_POINT('',#11670);
#2038=VERTEX_POINT('',#11675);
#2039=VERTEX_POINT('',#11683);
#2040=VERTEX_POINT('',#11684);
#2041=VERTEX_POINT('',#11686);
#2042=VERTEX_POINT('',#11688);
#2043=VERTEX_POINT('',#11692);
#2044=VERTEX_POINT('',#11694);
#2045=VERTEX_POINT('',#11696);
#2046=VERTEX_POINT('',#11698);
#2047=VERTEX_POINT('',#11702);
#2048=VERTEX_POINT('',#11704);
#2049=VERTEX_POINT('',#11706);
#2050=VERTEX_POINT('',#11710);
#2051=VERTEX_POINT('',#11712);
#2052=VERTEX_POINT('',#11714);
#2053=VERTEX_POINT('',#11717);
#2054=VERTEX_POINT('',#11718);
#2055=VERTEX_POINT('',#11720);
#2056=VERTEX_POINT('',#11722);
#2057=VERTEX_POINT('',#11726);
#2058=VERTEX_POINT('',#11728);
#2059=VERTEX_POINT('',#11732);
#2060=VERTEX_POINT('',#11734);
#2061=VERTEX_POINT('',#11738);
#2062=VERTEX_POINT('',#11739);
#2063=VERTEX_POINT('',#11744);
#2064=VERTEX_POINT('',#11746);
#2065=VERTEX_POINT('',#11755);
#2066=VERTEX_POINT('',#11759);
#2067=VERTEX_POINT('',#11765);
#2068=VERTEX_POINT('',#11769);
#2069=VERTEX_POINT('',#11777);
#2070=VERTEX_POINT('',#11779);
#2071=VERTEX_POINT('',#11782);
#2072=VERTEX_POINT('',#11786);
#2073=EDGE_CURVE('',#1661,#1661,#1409,.T.);
#2074=EDGE_CURVE('',#1661,#1662,#1410,.T.);
#2075=EDGE_CURVE('',#1662,#1662,#1411,.T.);
#2076=EDGE_CURVE('',#1663,#1664,#1412,.T.);
#2077=EDGE_CURVE('',#1664,#1663,#1413,.T.);
#2078=EDGE_CURVE('',#1664,#1665,#1414,.T.);
#2079=EDGE_CURVE('',#1666,#1665,#1415,.T.);
#2080=EDGE_CURVE('',#1665,#1666,#1416,.T.);
#2081=EDGE_CURVE('',#1667,#1668,#1417,.T.);
#2082=EDGE_CURVE('',#1668,#1667,#1418,.T.);
#2083=EDGE_CURVE('',#1668,#1669,#1419,.T.);
#2084=EDGE_CURVE('',#1669,#1669,#1420,.T.);
#2085=EDGE_CURVE('',#1663,#1670,#559,.T.);
#2086=EDGE_CURVE('',#1670,#1670,#1421,.T.);
#2087=EDGE_CURVE('',#1667,#1666,#560,.T.);
#2088=EDGE_CURVE('',#1669,#1671,#561,.T.);
#2089=EDGE_CURVE('',#1671,#1671,#1422,.T.);
#2090=EDGE_CURVE('',#1662,#1672,#562,.T.);
#2091=EDGE_CURVE('',#1672,#1672,#1423,.T.);
#2092=EDGE_CURVE('',#1673,#1673,#1424,.T.);
#2093=EDGE_CURVE('',#1673,#1661,#563,.T.);
#2094=EDGE_CURVE('',#1674,#1675,#1425,.T.);
#2095=EDGE_CURVE('',#1676,#1677,#1426,.T.);
#2096=EDGE_CURVE('',#1678,#1679,#1427,.T.);
#2097=EDGE_CURVE('',#1680,#1681,#1428,.T.);
#2098=EDGE_CURVE('',#1682,#1683,#1429,.T.);
#2099=EDGE_CURVE('',#1684,#1685,#1430,.T.);
#2100=EDGE_CURVE('',#1686,#1687,#1431,.T.);
#2101=EDGE_CURVE('',#1688,#1688,#1432,.T.);
#2102=EDGE_CURVE('',#1688,#1689,#1433,.T.);
#2103=EDGE_CURVE('',#1690,#1689,#1434,.T.);
#2104=EDGE_CURVE('',#1689,#1690,#1435,.T.);
#2105=EDGE_CURVE('',#1691,#1691,#1436,.T.);
#2106=EDGE_CURVE('',#1691,#1692,#1437,.T.);
#2107=EDGE_CURVE('',#1692,#1692,#1438,.T.);
#2108=EDGE_CURVE('',#1693,#1693,#1439,.T.);
#2109=EDGE_CURVE('',#1693,#1694,#1440,.T.);
#2110=EDGE_CURVE('',#1694,#1694,#1441,.T.);
#2111=EDGE_CURVE('',#1695,#1696,#1442,.T.);
#2112=EDGE_CURVE('',#1696,#1695,#1443,.T.);
#2113=EDGE_CURVE('',#1696,#1697,#1444,.T.);
#2114=EDGE_CURVE('',#1697,#1697,#1445,.T.);
#2115=EDGE_CURVE('',#1698,#1698,#1446,.T.);
#2116=EDGE_CURVE('',#1698,#1699,#564,.T.);
#2117=EDGE_CURVE('',#1699,#1699,#1447,.T.);
#2118=EDGE_CURVE('',#1700,#1700,#1448,.T.);
#2119=EDGE_CURVE('',#1700,#1690,#565,.T.);
#2120=EDGE_CURVE('',#1695,#1701,#566,.T.);
#2121=EDGE_CURVE('',#1701,#1701,#1449,.T.);
#2122=EDGE_CURVE('',#1701,#1702,#1450,.T.);
#2123=EDGE_CURVE('',#1702,#1702,#1451,.T.);
#2124=EDGE_CURVE('',#1702,#1691,#567,.T.);
#2125=EDGE_CURVE('',#1694,#1703,#568,.T.);
#2126=EDGE_CURVE('',#1703,#1703,#1452,.T.);
#2127=EDGE_CURVE('',#1704,#1704,#1453,.T.);
#2128=EDGE_CURVE('',#1704,#1705,#569,.T.);
#2129=EDGE_CURVE('',#1705,#1705,#1454,.T.);
#2130=EDGE_CURVE('',#1706,#1706,#1455,.T.);
#2131=EDGE_CURVE('',#1706,#1707,#570,.T.);
#2132=EDGE_CURVE('',#1707,#1707,#1456,.T.);
#2133=EDGE_CURVE('',#1708,#1709,#1457,.T.);
#2134=EDGE_CURVE('',#1709,#1710,#571,.T.);
#2135=EDGE_CURVE('',#1710,#1710,#1458,.T.);
#2136=EDGE_CURVE('',#1709,#1708,#1459,.T.);
#2137=EDGE_CURVE('',#1708,#1706,#572,.T.);
#2138=EDGE_CURVE('',#1711,#1711,#1460,.T.);
#2139=EDGE_CURVE('',#1711,#1712,#1461,.T.);
#2140=EDGE_CURVE('',#1712,#1712,#1462,.T.);
#2141=EDGE_CURVE('',#1713,#1714,#123,.T.);
#2142=EDGE_CURVE('',#1713,#1715,#124,.T.);
#2143=EDGE_CURVE('',#1715,#1716,#125,.T.);
#2144=EDGE_CURVE('',#1716,#1714,#126,.T.);
#2145=EDGE_CURVE('',#1717,#1718,#101,.T.);
#2146=EDGE_CURVE('',#1717,#1719,#127,.T.);
#2147=EDGE_CURVE('',#1719,#1720,#102,.T.);
#2148=EDGE_CURVE('',#1720,#1718,#128,.T.);
#2149=EDGE_CURVE('',#1721,#1722,#1463,.T.);
#2150=EDGE_CURVE('',#1721,#1723,#129,.T.);
#2151=EDGE_CURVE('',#1723,#1724,#1464,.T.);
#2152=EDGE_CURVE('',#1724,#1725,#1465,.T.);
#2153=EDGE_CURVE('',#1725,#1726,#1466,.T.);
#2154=EDGE_CURVE('',#1726,#1727,#130,.T.);
#2155=EDGE_CURVE('',#1728,#1727,#1467,.T.);
#2156=EDGE_CURVE('',#1728,#1729,#131,.T.);
#2157=EDGE_CURVE('',#1729,#1725,#1468,.T.);
#2158=EDGE_CURVE('',#1724,#1730,#1469,.T.);
#2159=EDGE_CURVE('',#1730,#1722,#132,.T.);
#2160=EDGE_CURVE('',#1731,#1731,#1470,.T.);
#2161=EDGE_CURVE('',#1732,#1732,#1471,.T.);
#2162=EDGE_CURVE('',#1733,#1733,#1472,.T.);
#2163=EDGE_CURVE('',#1733,#1734,#1473,.T.);
#2164=EDGE_CURVE('',#1734,#1734,#1474,.T.);
#2165=EDGE_CURVE('',#1735,#1736,#133,.T.);
#2166=EDGE_CURVE('',#1735,#1737,#134,.T.);
#2167=EDGE_CURVE('',#1737,#1738,#135,.T.);
#2168=EDGE_CURVE('',#1738,#1736,#136,.T.);
#2169=EDGE_CURVE('',#1739,#1740,#103,.T.);
#2170=EDGE_CURVE('',#1739,#1741,#137,.T.);
#2171=EDGE_CURVE('',#1741,#1742,#104,.T.);
#2172=EDGE_CURVE('',#1742,#1740,#138,.T.);
#2173=EDGE_CURVE('',#1743,#1744,#1475,.T.);
#2174=EDGE_CURVE('',#1743,#1745,#139,.T.);
#2175=EDGE_CURVE('',#1745,#1746,#1476,.T.);
#2176=EDGE_CURVE('',#1746,#1747,#1477,.T.);
#2177=EDGE_CURVE('',#1747,#1748,#1478,.T.);
#2178=EDGE_CURVE('',#1748,#1749,#140,.T.);
#2179=EDGE_CURVE('',#1750,#1749,#1479,.T.);
#2180=EDGE_CURVE('',#1750,#1751,#141,.T.);
#2181=EDGE_CURVE('',#1751,#1747,#1480,.T.);
#2182=EDGE_CURVE('',#1746,#1752,#1481,.T.);
#2183=EDGE_CURVE('',#1752,#1744,#142,.T.);
#2184=EDGE_CURVE('',#1753,#1753,#1482,.T.);
#2185=EDGE_CURVE('',#1754,#1754,#1483,.T.);
#2186=EDGE_CURVE('',#1755,#1755,#1484,.T.);
#2187=EDGE_CURVE('',#1755,#1756,#1485,.T.);
#2188=EDGE_CURVE('',#1756,#1756,#1486,.T.);
#2189=EDGE_CURVE('',#1757,#1758,#105,.T.);
#2190=EDGE_CURVE('',#1757,#1759,#143,.T.);
#2191=EDGE_CURVE('',#1759,#1760,#106,.T.);
#2192=EDGE_CURVE('',#1760,#1758,#144,.T.);
#2193=EDGE_CURVE('',#1761,#1762,#107,.T.);
#2194=EDGE_CURVE('',#1761,#1763,#145,.T.);
#2195=EDGE_CURVE('',#1763,#1764,#108,.T.);
#2196=EDGE_CURVE('',#1764,#1762,#146,.T.);
#2197=EDGE_CURVE('',#1765,#1766,#1487,.T.);
#2198=EDGE_CURVE('',#1765,#1767,#147,.T.);
#2199=EDGE_CURVE('',#1767,#1768,#1488,.T.);
#2200=EDGE_CURVE('',#1768,#1769,#1489,.T.);
#2201=EDGE_CURVE('',#1769,#1770,#1490,.T.);
#2202=EDGE_CURVE('',#1770,#1771,#148,.T.);
#2203=EDGE_CURVE('',#1772,#1771,#1491,.T.);
#2204=EDGE_CURVE('',#1772,#1773,#149,.T.);
#2205=EDGE_CURVE('',#1773,#1769,#1492,.T.);
#2206=EDGE_CURVE('',#1768,#1774,#1493,.T.);
#2207=EDGE_CURVE('',#1774,#1766,#150,.T.);
#2208=EDGE_CURVE('',#1775,#1775,#1494,.T.);
#2209=EDGE_CURVE('',#1776,#1776,#1495,.T.);
#2210=EDGE_CURVE('',#1777,#1777,#1496,.T.);
#2211=EDGE_CURVE('',#1777,#1778,#1497,.T.);
#2212=EDGE_CURVE('',#1778,#1778,#1498,.T.);
#2213=EDGE_CURVE('',#1779,#1780,#151,.T.);
#2214=EDGE_CURVE('',#1779,#1781,#152,.T.);
#2215=EDGE_CURVE('',#1781,#1782,#153,.T.);
#2216=EDGE_CURVE('',#1782,#1780,#154,.T.);
#2217=EDGE_CURVE('',#1783,#1784,#109,.T.);
#2218=EDGE_CURVE('',#1783,#1785,#155,.T.);
#2219=EDGE_CURVE('',#1785,#1786,#110,.T.);
#2220=EDGE_CURVE('',#1786,#1784,#156,.T.);
#2221=EDGE_CURVE('',#1787,#1788,#1499,.T.);
#2222=EDGE_CURVE('',#1787,#1789,#157,.T.);
#2223=EDGE_CURVE('',#1789,#1790,#1500,.T.);
#2224=EDGE_CURVE('',#1790,#1791,#1501,.T.);
#2225=EDGE_CURVE('',#1791,#1792,#1502,.T.);
#2226=EDGE_CURVE('',#1792,#1793,#158,.T.);
#2227=EDGE_CURVE('',#1794,#1793,#1503,.T.);
#2228=EDGE_CURVE('',#1794,#1795,#159,.T.);
#2229=EDGE_CURVE('',#1795,#1791,#1504,.T.);
#2230=EDGE_CURVE('',#1790,#1796,#1505,.T.);
#2231=EDGE_CURVE('',#1796,#1788,#160,.T.);
#2232=EDGE_CURVE('',#1797,#1797,#1506,.T.);
#2233=EDGE_CURVE('',#1798,#1798,#1507,.T.);
#2234=EDGE_CURVE('',#1799,#1799,#1508,.T.);
#2235=EDGE_CURVE('',#1799,#1800,#1509,.T.);
#2236=EDGE_CURVE('',#1800,#1800,#1510,.T.);
#2237=EDGE_CURVE('',#1801,#1802,#111,.T.);
#2238=EDGE_CURVE('',#1801,#1803,#161,.T.);
#2239=EDGE_CURVE('',#1803,#1804,#112,.T.);
#2240=EDGE_CURVE('',#1804,#1802,#162,.T.);
#2241=EDGE_CURVE('',#1805,#1806,#113,.T.);
#2242=EDGE_CURVE('',#1805,#1807,#163,.T.);
#2243=EDGE_CURVE('',#1807,#1808,#114,.T.);
#2244=EDGE_CURVE('',#1808,#1806,#164,.T.);
#2245=EDGE_CURVE('',#1809,#1810,#1511,.T.);
#2246=EDGE_CURVE('',#1809,#1811,#165,.T.);
#2247=EDGE_CURVE('',#1811,#1812,#1512,.T.);
#2248=EDGE_CURVE('',#1812,#1813,#1513,.T.);
#2249=EDGE_CURVE('',#1813,#1814,#1514,.T.);
#2250=EDGE_CURVE('',#1814,#1815,#166,.T.);
#2251=EDGE_CURVE('',#1816,#1815,#1515,.T.);
#2252=EDGE_CURVE('',#1816,#1817,#167,.T.);
#2253=EDGE_CURVE('',#1817,#1813,#1516,.T.);
#2254=EDGE_CURVE('',#1812,#1818,#1517,.T.);
#2255=EDGE_CURVE('',#1818,#1810,#168,.T.);
#2256=EDGE_CURVE('',#1819,#1819,#1518,.T.);
#2257=EDGE_CURVE('',#1820,#1820,#1519,.T.);
#2258=EDGE_CURVE('',#1821,#1821,#1520,.T.);
#2259=EDGE_CURVE('',#1821,#1822,#1521,.T.);
#2260=EDGE_CURVE('',#1822,#1822,#1522,.T.);
#2261=EDGE_CURVE('',#1823,#1824,#169,.T.);
#2262=EDGE_CURVE('',#1823,#1825,#115,.T.);
#2263=EDGE_CURVE('',#1826,#1825,#170,.T.);
#2264=EDGE_CURVE('',#1824,#1826,#116,.T.);
#2265=EDGE_CURVE('',#1827,#1828,#117,.T.);
#2266=EDGE_CURVE('',#1827,#1829,#171,.T.);
#2267=EDGE_CURVE('',#1829,#1830,#118,.T.);
#2268=EDGE_CURVE('',#1830,#1828,#172,.T.);
#2269=EDGE_CURVE('',#1831,#1832,#173,.T.);
#2270=EDGE_CURVE('',#1831,#1833,#1523,.T.);
#2271=EDGE_CURVE('',#1834,#1833,#174,.T.);
#2272=EDGE_CURVE('',#1835,#1834,#1524,.T.);
#2273=EDGE_CURVE('',#1835,#1836,#1525,.T.);
#2274=EDGE_CURVE('',#1836,#1837,#1526,.T.);
#2275=EDGE_CURVE('',#1837,#1838,#175,.T.);
#2276=EDGE_CURVE('',#1839,#1838,#1527,.T.);
#2277=EDGE_CURVE('',#1839,#1840,#176,.T.);
#2278=EDGE_CURVE('',#1840,#1836,#1528,.T.);
#2279=EDGE_CURVE('',#1832,#1835,#1529,.T.);
#2280=EDGE_CURVE('',#1841,#1841,#1530,.T.);
#2281=EDGE_CURVE('',#1842,#1842,#1531,.T.);
#2282=EDGE_CURVE('',#1843,#1844,#1532,.T.);
#2283=EDGE_CURVE('',#1843,#1845,#177,.T.);
#2284=EDGE_CURVE('',#1845,#1846,#1533,.T.);
#2285=EDGE_CURVE('',#1846,#1847,#1534,.T.);
#2286=EDGE_CURVE('',#1847,#1848,#1535,.T.);
#2287=EDGE_CURVE('',#1848,#1849,#178,.T.);
#2288=EDGE_CURVE('',#1850,#1849,#1536,.T.);
#2289=EDGE_CURVE('',#1850,#1851,#179,.T.);
#2290=EDGE_CURVE('',#1851,#1847,#1537,.T.);
#2291=EDGE_CURVE('',#1846,#1852,#1538,.T.);
#2292=EDGE_CURVE('',#1852,#1844,#180,.T.);
#2293=EDGE_CURVE('',#1853,#1853,#1539,.T.);
#2294=EDGE_CURVE('',#1854,#1854,#1540,.T.);
#2295=EDGE_CURVE('',#1855,#1855,#1541,.T.);
#2296=EDGE_CURVE('',#1855,#1856,#1542,.T.);
#2297=EDGE_CURVE('',#1856,#1856,#1543,.T.);
#2298=EDGE_CURVE('',#1857,#1858,#119,.T.);
#2299=EDGE_CURVE('',#1857,#1859,#181,.T.);
#2300=EDGE_CURVE('',#1859,#1860,#120,.T.);
#2301=EDGE_CURVE('',#1860,#1858,#182,.T.);
#2302=EDGE_CURVE('',#1861,#1862,#121,.T.);
#2303=EDGE_CURVE('',#1861,#1863,#183,.T.);
#2304=EDGE_CURVE('',#1863,#1864,#122,.T.);
#2305=EDGE_CURVE('',#1864,#1862,#184,.T.);
#2306=EDGE_CURVE('',#1864,#1826,#1544,.T.);
#2307=EDGE_CURVE('',#1862,#1825,#1545,.T.);
#2308=EDGE_CURVE('',#1823,#1861,#1546,.T.);
#2309=EDGE_CURVE('',#1824,#1863,#1547,.T.);
#2310=EDGE_CURVE('',#1844,#1850,#1548,.T.);
#2311=EDGE_CURVE('',#1849,#1843,#1549,.T.);
#2312=EDGE_CURVE('',#1852,#1851,#1550,.T.);
#2313=EDGE_CURVE('',#1848,#1845,#1551,.T.);
#2314=EDGE_CURVE('',#1830,#1803,#1552,.T.);
#2315=EDGE_CURVE('',#1804,#1829,#1553,.T.);
#2316=EDGE_CURVE('',#1828,#1801,#1554,.T.);
#2317=EDGE_CURVE('',#1802,#1827,#1555,.T.);
#2318=EDGE_CURVE('',#1810,#1816,#1556,.T.);
#2319=EDGE_CURVE('',#1818,#1817,#1557,.T.);
#2320=EDGE_CURVE('',#1814,#1811,#1558,.T.);
#2321=EDGE_CURVE('',#1815,#1809,#1559,.T.);
#2322=EDGE_CURVE('',#1808,#1781,#1560,.T.);
#2323=EDGE_CURVE('',#1782,#1807,#1561,.T.);
#2324=EDGE_CURVE('',#1806,#1779,#1562,.T.);
#2325=EDGE_CURVE('',#1780,#1805,#1563,.T.);
#2326=EDGE_CURVE('',#1788,#1794,#1564,.T.);
#2327=EDGE_CURVE('',#1796,#1795,#1565,.T.);
#2328=EDGE_CURVE('',#1792,#1789,#1566,.T.);
#2329=EDGE_CURVE('',#1793,#1787,#1567,.T.);
#2330=EDGE_CURVE('',#1786,#1759,#1568,.T.);
#2331=EDGE_CURVE('',#1760,#1785,#1569,.T.);
#2332=EDGE_CURVE('',#1784,#1757,#1570,.T.);
#2333=EDGE_CURVE('',#1758,#1783,#1571,.T.);
#2334=EDGE_CURVE('',#1766,#1772,#1572,.T.);
#2335=EDGE_CURVE('',#1774,#1773,#1573,.T.);
#2336=EDGE_CURVE('',#1770,#1767,#1574,.T.);
#2337=EDGE_CURVE('',#1771,#1765,#1575,.T.);
#2338=EDGE_CURVE('',#1764,#1737,#1576,.T.);
#2339=EDGE_CURVE('',#1738,#1763,#1577,.T.);
#2340=EDGE_CURVE('',#1762,#1735,#1578,.T.);
#2341=EDGE_CURVE('',#1736,#1761,#1579,.T.);
#2342=EDGE_CURVE('',#1744,#1750,#1580,.T.);
#2343=EDGE_CURVE('',#1752,#1751,#1581,.T.);
#2344=EDGE_CURVE('',#1748,#1745,#1582,.T.);
#2345=EDGE_CURVE('',#1749,#1743,#1583,.T.);
#2346=EDGE_CURVE('',#1742,#1715,#1584,.T.);
#2347=EDGE_CURVE('',#1716,#1741,#1585,.T.);
#2348=EDGE_CURVE('',#1740,#1713,#1586,.T.);
#2349=EDGE_CURVE('',#1714,#1739,#1587,.T.);
#2350=EDGE_CURVE('',#1722,#1728,#1588,.T.);
#2351=EDGE_CURVE('',#1730,#1729,#1589,.T.);
#2352=EDGE_CURVE('',#1726,#1723,#1590,.T.);
#2353=EDGE_CURVE('',#1727,#1721,#1591,.T.);
#2354=EDGE_CURVE('',#1720,#1859,#1592,.T.);
#2355=EDGE_CURVE('',#1860,#1719,#1593,.T.);
#2356=EDGE_CURVE('',#1718,#1857,#1594,.T.);
#2357=EDGE_CURVE('',#1858,#1717,#1595,.T.);
#2358=EDGE_CURVE('',#1831,#1839,#1596,.T.);
#2359=EDGE_CURVE('',#1838,#1833,#1597,.T.);
#2360=EDGE_CURVE('',#1832,#1840,#1598,.T.);
#2361=EDGE_CURVE('',#1837,#1834,#1599,.T.);
#2362=EDGE_CURVE('',#1865,#1866,#573,.T.);
#2363=EDGE_CURVE('',#1867,#1865,#38,.T.);
#2364=EDGE_CURVE('',#1866,#1867,#1600,.T.);
#2365=EDGE_CURVE('',#1868,#1869,#574,.T.);
#2366=EDGE_CURVE('',#1865,#1868,#39,.T.);
#2367=EDGE_CURVE('',#1866,#1869,#40,.T.);
#2368=EDGE_CURVE('',#1870,#1871,#575,.T.);
#2369=EDGE_CURVE('',#1868,#1870,#41,.T.);
#2370=EDGE_CURVE('',#1869,#1871,#42,.T.);
#2371=EDGE_CURVE('',#1872,#1873,#576,.T.);
#2372=EDGE_CURVE('',#1870,#1872,#43,.T.);
#2373=EDGE_CURVE('',#1871,#1873,#44,.T.);
#2374=EDGE_CURVE('',#1874,#1875,#577,.T.);
#2375=EDGE_CURVE('',#1872,#1874,#45,.T.);
#2376=EDGE_CURVE('',#1873,#1875,#46,.T.);
#2377=EDGE_CURVE('',#1876,#1877,#578,.T.);
#2378=EDGE_CURVE('',#1874,#1876,#47,.T.);
#2379=EDGE_CURVE('',#1875,#1877,#48,.T.);
#2380=EDGE_CURVE('',#1878,#1879,#579,.T.);
#2381=EDGE_CURVE('',#1876,#1878,#49,.T.);
#2382=EDGE_CURVE('',#1877,#1879,#50,.T.);
#2383=EDGE_CURVE('',#1880,#1881,#580,.T.);
#2384=EDGE_CURVE('',#1878,#1880,#51,.T.);
#2385=EDGE_CURVE('',#1879,#1881,#52,.T.);
#2386=EDGE_CURVE('',#1882,#1883,#581,.T.);
#2387=EDGE_CURVE('',#1880,#1882,#53,.T.);
#2388=EDGE_CURVE('',#1881,#1883,#54,.T.);
#2389=EDGE_CURVE('',#1884,#1885,#582,.T.);
#2390=EDGE_CURVE('',#1882,#1884,#55,.T.);
#2391=EDGE_CURVE('',#1883,#1885,#56,.T.);
#2392=EDGE_CURVE('',#1886,#1887,#583,.T.);
#2393=EDGE_CURVE('',#1884,#1886,#57,.T.);
#2394=EDGE_CURVE('',#1885,#1887,#58,.T.);
#2395=EDGE_CURVE('',#1888,#1889,#584,.T.);
#2396=EDGE_CURVE('',#1886,#1888,#59,.T.);
#2397=EDGE_CURVE('',#1887,#1889,#60,.T.);
#2398=EDGE_CURVE('',#1890,#1891,#585,.T.);
#2399=EDGE_CURVE('',#1888,#1890,#61,.T.);
#2400=EDGE_CURVE('',#1889,#1891,#62,.T.);
#2401=EDGE_CURVE('',#1892,#1893,#586,.T.);
#2402=EDGE_CURVE('',#1890,#1892,#63,.T.);
#2403=EDGE_CURVE('',#1891,#1893,#64,.T.);
#2404=EDGE_CURVE('',#1894,#1895,#587,.T.);
#2405=EDGE_CURVE('',#1892,#1894,#65,.T.);
#2406=EDGE_CURVE('',#1893,#1895,#66,.T.);
#2407=EDGE_CURVE('',#1896,#1897,#588,.T.);
#2408=EDGE_CURVE('',#1894,#1896,#67,.T.);
#2409=EDGE_CURVE('',#1895,#1897,#68,.T.);
#2410=EDGE_CURVE('',#1898,#1899,#589,.T.);
#2411=EDGE_CURVE('',#1896,#1898,#69,.T.);
#2412=EDGE_CURVE('',#1897,#1899,#70,.T.);
#2413=EDGE_CURVE('',#1900,#1901,#590,.T.);
#2414=EDGE_CURVE('',#1898,#1900,#71,.T.);
#2415=EDGE_CURVE('',#1899,#1901,#72,.T.);
#2416=EDGE_CURVE('',#1902,#1903,#591,.T.);
#2417=EDGE_CURVE('',#1900,#1902,#73,.T.);
#2418=EDGE_CURVE('',#1901,#1903,#74,.T.);
#2419=EDGE_CURVE('',#1904,#1905,#592,.T.);
#2420=EDGE_CURVE('',#1902,#1904,#75,.T.);
#2421=EDGE_CURVE('',#1903,#1905,#76,.T.);
#2422=EDGE_CURVE('',#1906,#1907,#593,.T.);
#2423=EDGE_CURVE('',#1904,#1906,#77,.T.);
#2424=EDGE_CURVE('',#1905,#1907,#78,.T.);
#2425=EDGE_CURVE('',#1908,#1909,#594,.T.);
#2426=EDGE_CURVE('',#1906,#1908,#79,.T.);
#2427=EDGE_CURVE('',#1907,#1909,#80,.T.);
#2428=EDGE_CURVE('',#1910,#1911,#595,.T.);
#2429=EDGE_CURVE('',#1912,#1910,#1601,.T.);
#2430=EDGE_CURVE('',#1908,#1912,#81,.T.);
#2431=EDGE_CURVE('',#1909,#1911,#82,.T.);
#2432=EDGE_CURVE('',#1913,#1914,#596,.T.);
#2433=EDGE_CURVE('',#1913,#1912,#185,.T.);
#2434=EDGE_CURVE('',#1910,#1915,#1602,.T.);
#2435=EDGE_CURVE('',#1915,#1914,#186,.T.);
#2436=EDGE_CURVE('',#1916,#1916,#1603,.T.);
#2437=EDGE_CURVE('',#1916,#1917,#597,.T.);
#2438=EDGE_CURVE('',#1917,#1918,#187,.T.);
#2439=EDGE_CURVE('',#1918,#1919,#1604,.T.);
#2440=EDGE_CURVE('',#1919,#1920,#188,.T.);
#2441=EDGE_CURVE('',#1920,#1921,#598,.T.);
#2442=EDGE_CURVE('',#1921,#1917,#189,.T.);
#2443=EDGE_CURVE('',#1922,#1923,#599,.T.);
#2444=EDGE_CURVE('',#1922,#1919,#190,.T.);
#2445=EDGE_CURVE('',#1918,#1923,#191,.T.);
#2446=EDGE_CURVE('',#1924,#1925,#600,.T.);
#2447=EDGE_CURVE('',#1924,#1922,#192,.T.);
#2448=EDGE_CURVE('',#1923,#1925,#193,.T.);
#2449=EDGE_CURVE('',#1926,#1927,#601,.T.);
#2450=EDGE_CURVE('',#1926,#1924,#194,.T.);
#2451=EDGE_CURVE('',#1925,#1927,#195,.T.);
#2452=EDGE_CURVE('',#1928,#1929,#602,.T.);
#2453=EDGE_CURVE('',#1928,#1926,#196,.T.);
#2454=EDGE_CURVE('',#1927,#1929,#197,.T.);
#2455=EDGE_CURVE('',#1930,#1931,#603,.T.);
#2456=EDGE_CURVE('',#1930,#1928,#198,.T.);
#2457=EDGE_CURVE('',#1929,#1931,#199,.T.);
#2458=EDGE_CURVE('',#1932,#1933,#604,.T.);
#2459=EDGE_CURVE('',#1932,#1930,#200,.T.);
#2460=EDGE_CURVE('',#1931,#1933,#201,.T.);
#2461=EDGE_CURVE('',#1934,#1935,#605,.T.);
#2462=EDGE_CURVE('',#1934,#1932,#202,.T.);
#2463=EDGE_CURVE('',#1933,#1935,#203,.T.);
#2464=EDGE_CURVE('',#1936,#1937,#606,.T.);
#2465=EDGE_CURVE('',#1936,#1934,#204,.T.);
#2466=EDGE_CURVE('',#1935,#1937,#205,.T.);
#2467=EDGE_CURVE('',#1938,#1939,#607,.T.);
#2468=EDGE_CURVE('',#1938,#1936,#206,.T.);
#2469=EDGE_CURVE('',#1937,#1939,#207,.T.);
#2470=EDGE_CURVE('',#1940,#1941,#608,.T.);
#2471=EDGE_CURVE('',#1940,#1938,#208,.T.);
#2472=EDGE_CURVE('',#1939,#1941,#209,.T.);
#2473=EDGE_CURVE('',#1942,#1943,#609,.T.);
#2474=EDGE_CURVE('',#1942,#1940,#210,.T.);
#2475=EDGE_CURVE('',#1941,#1943,#211,.T.);
#2476=EDGE_CURVE('',#1944,#1945,#610,.T.);
#2477=EDGE_CURVE('',#1944,#1942,#212,.T.);
#2478=EDGE_CURVE('',#1943,#1945,#213,.T.);
#2479=EDGE_CURVE('',#1946,#1947,#611,.T.);
#2480=EDGE_CURVE('',#1946,#1944,#214,.T.);
#2481=EDGE_CURVE('',#1945,#1947,#215,.T.);
#2482=EDGE_CURVE('',#1948,#1949,#612,.T.);
#2483=EDGE_CURVE('',#1948,#1946,#216,.T.);
#2484=EDGE_CURVE('',#1947,#1949,#217,.T.);
#2485=EDGE_CURVE('',#1950,#1951,#613,.T.);
#2486=EDGE_CURVE('',#1950,#1948,#218,.T.);
#2487=EDGE_CURVE('',#1949,#1951,#219,.T.);
#2488=EDGE_CURVE('',#1952,#1953,#614,.T.);
#2489=EDGE_CURVE('',#1952,#1950,#220,.T.);
#2490=EDGE_CURVE('',#1951,#1953,#221,.T.);
#2491=EDGE_CURVE('',#1954,#1955,#615,.T.);
#2492=EDGE_CURVE('',#1954,#1952,#222,.T.);
#2493=EDGE_CURVE('',#1953,#1955,#223,.T.);
#2494=EDGE_CURVE('',#1956,#1957,#616,.T.);
#2495=EDGE_CURVE('',#1956,#1954,#224,.T.);
#2496=EDGE_CURVE('',#1955,#1957,#225,.T.);
#2497=EDGE_CURVE('',#1958,#1959,#617,.T.);
#2498=EDGE_CURVE('',#1958,#1956,#226,.T.);
#2499=EDGE_CURVE('',#1957,#1959,#227,.T.);
#2500=EDGE_CURVE('',#1960,#1961,#618,.T.);
#2501=EDGE_CURVE('',#1960,#1958,#228,.T.);
#2502=EDGE_CURVE('',#1959,#1961,#229,.T.);
#2503=EDGE_CURVE('',#1962,#1963,#619,.T.);
#2504=EDGE_CURVE('',#1962,#1960,#230,.T.);
#2505=EDGE_CURVE('',#1961,#1963,#231,.T.);
#2506=EDGE_CURVE('',#1964,#1965,#620,.T.);
#2507=EDGE_CURVE('',#1964,#1962,#232,.T.);
#2508=EDGE_CURVE('',#1963,#1965,#233,.T.);
#2509=EDGE_CURVE('',#1966,#1967,#621,.T.);
#2510=EDGE_CURVE('',#1966,#1964,#234,.T.);
#2511=EDGE_CURVE('',#1965,#1967,#235,.T.);
#2512=EDGE_CURVE('',#1968,#1969,#622,.T.);
#2513=EDGE_CURVE('',#1968,#1966,#236,.T.);
#2514=EDGE_CURVE('',#1967,#1969,#237,.T.);
#2515=EDGE_CURVE('',#1970,#1971,#623,.T.);
#2516=EDGE_CURVE('',#1970,#1972,#238,.T.);
#2517=EDGE_CURVE('',#1971,#1972,#1605,.T.);
#2518=EDGE_CURVE('',#1973,#1971,#1606,.T.);
#2519=EDGE_CURVE('',#1973,#1974,#239,.T.);
#2520=EDGE_CURVE('',#1974,#1975,#1607,.T.);
#2521=EDGE_CURVE('',#1975,#1970,#240,.T.);
#2522=EDGE_CURVE('',#1969,#1975,#241,.T.);
#2523=EDGE_CURVE('',#1974,#1968,#242,.T.);
#2524=EDGE_CURVE('',#1920,#1913,#243,.T.);
#2525=EDGE_CURVE('',#1914,#1921,#244,.T.);
#2526=EDGE_CURVE('',#1976,#1976,#1608,.T.);
#2527=EDGE_CURVE('',#1976,#1977,#1609,.T.);
#2528=EDGE_CURVE('',#1977,#1977,#1610,.T.);
#2529=EDGE_CURVE('',#1977,#1978,#624,.T.);
#2530=EDGE_CURVE('',#1978,#1978,#1611,.T.);
#2531=EDGE_CURVE('',#1978,#1979,#1612,.T.);
#2532=EDGE_CURVE('',#1979,#1979,#1613,.T.);
#2533=EDGE_CURVE('',#1980,#1981,#83,.T.);
#2534=EDGE_CURVE('',#1982,#1980,#84,.T.);
#2535=EDGE_CURVE('',#1983,#1982,#85,.T.);
#2536=EDGE_CURVE('',#1984,#1983,#86,.F.);
#2537=EDGE_CURVE('',#1984,#1985,#625,.T.);
#2538=EDGE_CURVE('',#1985,#1985,#1614,.T.);
#2539=EDGE_CURVE('',#1986,#1984,#87,.F.);
#2540=EDGE_CURVE('',#1987,#1986,#88,.T.);
#2541=EDGE_CURVE('',#1981,#1987,#89,.T.);
#2542=EDGE_CURVE('',#1988,#1989,#626,.T.);
#2543=EDGE_CURVE('',#1989,#1990,#627,.T.);
#2544=EDGE_CURVE('',#1990,#1991,#628,.T.);
#2545=EDGE_CURVE('',#1991,#1992,#629,.T.);
#2546=EDGE_CURVE('',#1992,#1993,#630,.T.);
#2547=EDGE_CURVE('',#1993,#1988,#631,.T.);
#2548=EDGE_CURVE('',#1988,#1987,#632,.T.);
#2549=EDGE_CURVE('',#1989,#1986,#633,.T.);
#2550=EDGE_CURVE('',#1990,#1983,#634,.T.);
#2551=EDGE_CURVE('',#1991,#1982,#635,.T.);
#2552=EDGE_CURVE('',#1992,#1980,#636,.T.);
#2553=EDGE_CURVE('',#1993,#1981,#637,.T.);
#2554=EDGE_CURVE('',#1911,#1915,#90,.T.);
#2555=EDGE_CURVE('',#1972,#1866,#1615,.T.);
#2556=EDGE_CURVE('',#1867,#1973,#1616,.T.);
#2557=EDGE_CURVE('',#1994,#1994,#1617,.T.);
#2558=EDGE_CURVE('',#1994,#1995,#1618,.T.);
#2559=EDGE_CURVE('',#1995,#1995,#1619,.T.);
#2560=EDGE_CURVE('',#1995,#1996,#638,.T.);
#2561=EDGE_CURVE('',#1996,#1997,#245,.T.);
#2562=EDGE_CURVE('',#1998,#1997,#1620,.T.);
#2563=EDGE_CURVE('',#1998,#1996,#246,.T.);
#2564=EDGE_CURVE('',#1999,#1999,#1621,.T.);
#2565=EDGE_CURVE('',#2000,#2001,#247,.T.);
#2566=EDGE_CURVE('',#2002,#2000,#248,.T.);
#2567=EDGE_CURVE('',#2002,#2003,#639,.T.);
#2568=EDGE_CURVE('',#2004,#2003,#249,.T.);
#2569=EDGE_CURVE('',#1997,#2004,#640,.T.);
#2570=EDGE_CURVE('',#2005,#1998,#641,.T.);
#2571=EDGE_CURVE('',#2006,#2005,#250,.T.);
#2572=EDGE_CURVE('',#2003,#2006,#251,.T.);
#2573=EDGE_CURVE('',#2001,#2002,#252,.T.);
#2574=EDGE_CURVE('',#1999,#2000,#642,.T.);
#2575=EDGE_CURVE('',#2001,#2007,#643,.T.);
#2576=EDGE_CURVE('',#2008,#2007,#1622,.T.);
#2577=EDGE_CURVE('',#2009,#2008,#1623,.T.);
#2578=EDGE_CURVE('',#2007,#2009,#1624,.T.);
#2579=EDGE_CURVE('',#2010,#2008,#644,.T.);
#2580=EDGE_CURVE('',#2010,#2011,#1625,.T.);
#2581=EDGE_CURVE('',#2011,#2012,#645,.T.);
#2582=EDGE_CURVE('',#2012,#2013,#1626,.T.);
#2583=EDGE_CURVE('',#2013,#2009,#646,.T.);
#2584=EDGE_CURVE('',#2009,#2014,#647,.T.);
#2585=EDGE_CURVE('',#2015,#2014,#1627,.T.);
#2586=EDGE_CURVE('',#2016,#2015,#648,.T.);
#2587=EDGE_CURVE('',#2017,#2016,#1628,.T.);
#2588=EDGE_CURVE('',#2008,#2017,#649,.T.);
#2589=EDGE_CURVE('',#2006,#2018,#650,.T.);
#2590=EDGE_CURVE('',#2018,#2018,#1629,.T.);
#2591=EDGE_CURVE('',#2004,#2005,#1630,.T.);
#2592=EDGE_CURVE('',#2019,#2020,#651,.T.);
#2593=EDGE_CURVE('',#2019,#2021,#652,.T.);
#2594=EDGE_CURVE('',#2022,#2021,#653,.T.);
#2595=EDGE_CURVE('',#2020,#2022,#654,.T.);
#2596=EDGE_CURVE('',#2023,#2012,#655,.T.);
#2597=EDGE_CURVE('',#2024,#2023,#1631,.T.);
#2598=EDGE_CURVE('',#2013,#2024,#656,.T.);
#2599=EDGE_CURVE('',#2025,#2026,#1632,.T.);
#2600=EDGE_CURVE('',#2024,#2025,#1633,.T.);
#2601=EDGE_CURVE('',#2026,#2023,#1634,.T.);
#2602=EDGE_CURVE('',#2025,#2010,#657,.T.);
#2603=EDGE_CURVE('',#2011,#2026,#658,.T.);
#2604=EDGE_CURVE('',#2027,#2027,#1635,.T.);
#2605=EDGE_CURVE('',#2027,#2028,#659,.T.);
#2606=EDGE_CURVE('',#2028,#2028,#1636,.T.);
#2607=EDGE_CURVE('',#2029,#2025,#660,.T.);
#2608=EDGE_CURVE('',#2030,#2029,#1637,.T.);
#2609=EDGE_CURVE('',#2030,#2024,#661,.T.);
#2610=EDGE_CURVE('',#2020,#2030,#662,.T.);
#2611=EDGE_CURVE('',#2029,#2019,#663,.T.);
#2612=EDGE_CURVE('',#2014,#2031,#664,.T.);
#2613=EDGE_CURVE('',#2031,#2032,#1638,.T.);
#2614=EDGE_CURVE('',#2032,#2015,#665,.T.);
#2615=EDGE_CURVE('',#2033,#2034,#1639,.T.);
#2616=EDGE_CURVE('',#2034,#2032,#1640,.T.);
#2617=EDGE_CURVE('',#2031,#2033,#1641,.T.);
#2618=EDGE_CURVE('',#2016,#2034,#666,.T.);
#2619=EDGE_CURVE('',#2033,#2017,#667,.T.);
#2620=EDGE_CURVE('',#2035,#2035,#1642,.T.);
#2621=EDGE_CURVE('',#2035,#2036,#668,.T.);
#2622=EDGE_CURVE('',#2036,#2036,#1643,.T.);
#2623=EDGE_CURVE('',#2022,#2037,#669,.T.);
#2624=EDGE_CURVE('',#2037,#2031,#670,.T.);
#2625=EDGE_CURVE('',#2038,#2033,#671,.T.);
#2626=EDGE_CURVE('',#2038,#2021,#672,.T.);
#2627=EDGE_CURVE('',#2037,#2038,#1644,.T.);
#2628=EDGE_CURVE('',#2039,#2040,#673,.T.);
#2629=EDGE_CURVE('',#2041,#2039,#674,.T.);
#2630=EDGE_CURVE('',#2041,#2042,#675,.T.);
#2631=EDGE_CURVE('',#2040,#2042,#676,.T.);
#2632=EDGE_CURVE('',#2043,#2041,#677,.T.);
#2633=EDGE_CURVE('',#2044,#2043,#1645,.T.);
#2634=EDGE_CURVE('',#2045,#2044,#678,.T.);
#2635=EDGE_CURVE('',#2046,#2045,#1646,.T.);
#2636=EDGE_CURVE('',#2042,#2046,#679,.T.);
#2637=EDGE_CURVE('',#2047,#2039,#680,.T.);
#2638=EDGE_CURVE('',#2048,#2047,#681,.T.);
#2639=EDGE_CURVE('',#2049,#2048,#682,.T.);
#2640=EDGE_CURVE('',#2049,#2043,#683,.T.);
#2641=EDGE_CURVE('',#2040,#2050,#684,.T.);
#2642=EDGE_CURVE('',#2050,#2051,#1647,.T.);
#2643=EDGE_CURVE('',#2051,#2052,#685,.T.);
#2644=EDGE_CURVE('',#2052,#2047,#1648,.T.);
#2645=EDGE_CURVE('',#2053,#2054,#686,.T.);
#2646=EDGE_CURVE('',#2054,#2055,#687,.T.);
#2647=EDGE_CURVE('',#2055,#2056,#688,.T.);
#2648=EDGE_CURVE('',#2056,#2053,#689,.T.);
#2649=EDGE_CURVE('',#2057,#2046,#690,.T.);
#2650=EDGE_CURVE('',#2058,#2057,#691,.T.);
#2651=EDGE_CURVE('',#2058,#2050,#692,.T.);
#2652=EDGE_CURVE('',#2059,#2059,#1649,.T.);
#2653=EDGE_CURVE('',#2059,#2060,#693,.T.);
#2654=EDGE_CURVE('',#2060,#2060,#1650,.T.);
#2655=EDGE_CURVE('',#2061,#2062,#1651,.T.);
#2656=EDGE_CURVE('',#2054,#2061,#694,.T.);
#2657=EDGE_CURVE('',#2053,#2062,#695,.T.);
#2658=EDGE_CURVE('',#2062,#2063,#696,.T.);
#2659=EDGE_CURVE('',#2063,#2064,#1652,.T.);
#2660=EDGE_CURVE('',#2064,#2061,#697,.T.);
#2661=EDGE_CURVE('',#2055,#2064,#698,.T.);
#2662=EDGE_CURVE('',#2056,#2063,#699,.T.);
#2663=EDGE_CURVE('',#2065,#2045,#700,.T.);
#2664=EDGE_CURVE('',#2065,#2057,#1653,.T.);
#2665=EDGE_CURVE('',#2066,#2044,#701,.T.);
#2666=EDGE_CURVE('',#2065,#2066,#702,.T.);
#2667=EDGE_CURVE('',#2049,#2066,#1654,.T.);
#2668=EDGE_CURVE('',#2067,#2048,#1655,.T.);
#2669=EDGE_CURVE('',#2067,#2052,#703,.T.);
#2670=EDGE_CURVE('',#2067,#2068,#704,.T.);
#2671=EDGE_CURVE('',#2068,#2051,#705,.T.);
#2672=EDGE_CURVE('',#2058,#2068,#1656,.T.);
#2673=EDGE_CURVE('',#2069,#2069,#1657,.T.);
#2674=EDGE_CURVE('',#2070,#2070,#1658,.T.);
#2675=EDGE_CURVE('',#2070,#2071,#706,.T.);
#2676=EDGE_CURVE('',#2071,#2071,#1659,.T.);
#2677=EDGE_CURVE('',#2069,#2072,#707,.T.);
#2678=EDGE_CURVE('',#2072,#2072,#1660,.T.);
#2679=ORIENTED_EDGE('',*,*,#2073,.F.);
#2680=ORIENTED_EDGE('',*,*,#2074,.T.);
#2681=ORIENTED_EDGE('',*,*,#2075,.T.);
#2682=ORIENTED_EDGE('',*,*,#2074,.F.);
#2683=ORIENTED_EDGE('',*,*,#2076,.F.);
#2684=ORIENTED_EDGE('',*,*,#2077,.F.);
#2685=ORIENTED_EDGE('',*,*,#2078,.T.);
#2686=ORIENTED_EDGE('',*,*,#2079,.F.);
#2687=ORIENTED_EDGE('',*,*,#2080,.F.);
#2688=ORIENTED_EDGE('',*,*,#2078,.F.);
#2689=ORIENTED_EDGE('',*,*,#2081,.F.);
#2690=ORIENTED_EDGE('',*,*,#2082,.F.);
#2691=ORIENTED_EDGE('',*,*,#2083,.T.);
#2692=ORIENTED_EDGE('',*,*,#2084,.F.);
#2693=ORIENTED_EDGE('',*,*,#2083,.F.);
#2694=ORIENTED_EDGE('',*,*,#2076,.T.);
#2695=ORIENTED_EDGE('',*,*,#2077,.T.);
#2696=ORIENTED_EDGE('',*,*,#2085,.T.);
#2697=ORIENTED_EDGE('',*,*,#2086,.T.);
#2698=ORIENTED_EDGE('',*,*,#2085,.F.);
#2699=ORIENTED_EDGE('',*,*,#2081,.T.);
#2700=ORIENTED_EDGE('',*,*,#2082,.T.);
#2701=ORIENTED_EDGE('',*,*,#2087,.T.);
#2702=ORIENTED_EDGE('',*,*,#2079,.T.);
#2703=ORIENTED_EDGE('',*,*,#2080,.T.);
#2704=ORIENTED_EDGE('',*,*,#2087,.F.);
#2705=ORIENTED_EDGE('',*,*,#2084,.T.);
#2706=ORIENTED_EDGE('',*,*,#2088,.T.);
#2707=ORIENTED_EDGE('',*,*,#2089,.F.);
#2708=ORIENTED_EDGE('',*,*,#2088,.F.);
#2709=ORIENTED_EDGE('',*,*,#2075,.F.);
#2710=ORIENTED_EDGE('',*,*,#2090,.T.);
#2711=ORIENTED_EDGE('',*,*,#2091,.T.);
#2712=ORIENTED_EDGE('',*,*,#2090,.F.);
#2713=ORIENTED_EDGE('',*,*,#2092,.F.);
#2714=ORIENTED_EDGE('',*,*,#2093,.T.);
#2715=ORIENTED_EDGE('',*,*,#2073,.T.);
#2716=ORIENTED_EDGE('',*,*,#2093,.F.);
#2717=ORIENTED_EDGE('',*,*,#2092,.T.);
#2718=ORIENTED_EDGE('',*,*,#2086,.F.);
#2719=ORIENTED_EDGE('',*,*,#2091,.F.);
#2720=ORIENTED_EDGE('',*,*,#2089,.T.);
#2721=ORIENTED_EDGE('',*,*,#2094,.T.);
#2722=ORIENTED_EDGE('',*,*,#2094,.F.);
#2723=ORIENTED_EDGE('',*,*,#2095,.T.);
#2724=ORIENTED_EDGE('',*,*,#2095,.F.);
#2725=ORIENTED_EDGE('',*,*,#2096,.T.);
#2726=ORIENTED_EDGE('',*,*,#2096,.F.);
#2727=ORIENTED_EDGE('',*,*,#2097,.T.);
#2728=ORIENTED_EDGE('',*,*,#2097,.F.);
#2729=ORIENTED_EDGE('',*,*,#2098,.T.);
#2730=ORIENTED_EDGE('',*,*,#2098,.F.);
#2731=ORIENTED_EDGE('',*,*,#2099,.T.);
#2732=ORIENTED_EDGE('',*,*,#2099,.F.);
#2733=ORIENTED_EDGE('',*,*,#2100,.T.);
#2734=ORIENTED_EDGE('',*,*,#2100,.F.);
#2735=ORIENTED_EDGE('',*,*,#2101,.F.);
#2736=ORIENTED_EDGE('',*,*,#2102,.T.);
#2737=ORIENTED_EDGE('',*,*,#2103,.F.);
#2738=ORIENTED_EDGE('',*,*,#2104,.F.);
#2739=ORIENTED_EDGE('',*,*,#2102,.F.);
#2740=ORIENTED_EDGE('',*,*,#2105,.F.);
#2741=ORIENTED_EDGE('',*,*,#2106,.T.);
#2742=ORIENTED_EDGE('',*,*,#2107,.F.);
#2743=ORIENTED_EDGE('',*,*,#2106,.F.);
#2744=ORIENTED_EDGE('',*,*,#2108,.F.);
#2745=ORIENTED_EDGE('',*,*,#2109,.T.);
#2746=ORIENTED_EDGE('',*,*,#2110,.F.);
#2747=ORIENTED_EDGE('',*,*,#2109,.F.);
#2748=ORIENTED_EDGE('',*,*,#2111,.F.);
#2749=ORIENTED_EDGE('',*,*,#2112,.F.);
#2750=ORIENTED_EDGE('',*,*,#2113,.T.);
#2751=ORIENTED_EDGE('',*,*,#2114,.F.);
#2752=ORIENTED_EDGE('',*,*,#2113,.F.);
#2753=ORIENTED_EDGE('',*,*,#2115,.F.);
#2754=ORIENTED_EDGE('',*,*,#2116,.T.);
#2755=ORIENTED_EDGE('',*,*,#2117,.T.);
#2756=ORIENTED_EDGE('',*,*,#2116,.F.);
#2757=ORIENTED_EDGE('',*,*,#2118,.F.);
#2758=ORIENTED_EDGE('',*,*,#2119,.T.);
#2759=ORIENTED_EDGE('',*,*,#2103,.T.);
#2760=ORIENTED_EDGE('',*,*,#2104,.T.);
#2761=ORIENTED_EDGE('',*,*,#2119,.F.);
#2762=ORIENTED_EDGE('',*,*,#2111,.T.);
#2763=ORIENTED_EDGE('',*,*,#2112,.T.);
#2764=ORIENTED_EDGE('',*,*,#2120,.T.);
#2765=ORIENTED_EDGE('',*,*,#2121,.T.);
#2766=ORIENTED_EDGE('',*,*,#2120,.F.);
#2767=ORIENTED_EDGE('',*,*,#2121,.F.);
#2768=ORIENTED_EDGE('',*,*,#2122,.T.);
#2769=ORIENTED_EDGE('',*,*,#2123,.T.);
#2770=ORIENTED_EDGE('',*,*,#2122,.F.);
#2771=ORIENTED_EDGE('',*,*,#2123,.F.);
#2772=ORIENTED_EDGE('',*,*,#2124,.T.);
#2773=ORIENTED_EDGE('',*,*,#2105,.T.);
#2774=ORIENTED_EDGE('',*,*,#2124,.F.);
#2775=ORIENTED_EDGE('',*,*,#2110,.T.);
#2776=ORIENTED_EDGE('',*,*,#2125,.T.);
#2777=ORIENTED_EDGE('',*,*,#2126,.T.);
#2778=ORIENTED_EDGE('',*,*,#2125,.F.);
#2779=ORIENTED_EDGE('',*,*,#2127,.F.);
#2780=ORIENTED_EDGE('',*,*,#2128,.T.);
#2781=ORIENTED_EDGE('',*,*,#2129,.T.);
#2782=ORIENTED_EDGE('',*,*,#2128,.F.);
#2783=ORIENTED_EDGE('',*,*,#2130,.F.);
#2784=ORIENTED_EDGE('',*,*,#2131,.T.);
#2785=ORIENTED_EDGE('',*,*,#2132,.T.);
#2786=ORIENTED_EDGE('',*,*,#2131,.F.);
#2787=ORIENTED_EDGE('',*,*,#2133,.T.);
#2788=ORIENTED_EDGE('',*,*,#2134,.T.);
#2789=ORIENTED_EDGE('',*,*,#2135,.F.);
#2790=ORIENTED_EDGE('',*,*,#2134,.F.);
#2791=ORIENTED_EDGE('',*,*,#2136,.T.);
#2792=ORIENTED_EDGE('',*,*,#2133,.F.);
#2793=ORIENTED_EDGE('',*,*,#2137,.T.);
#2794=ORIENTED_EDGE('',*,*,#2130,.T.);
#2795=ORIENTED_EDGE('',*,*,#2137,.F.);
#2796=ORIENTED_EDGE('',*,*,#2136,.F.);
#2797=ORIENTED_EDGE('',*,*,#2135,.T.);
#2798=ORIENTED_EDGE('',*,*,#2101,.T.);
#2799=ORIENTED_EDGE('',*,*,#2132,.F.);
#2800=ORIENTED_EDGE('',*,*,#2108,.T.);
#2801=ORIENTED_EDGE('',*,*,#2129,.F.);
#2802=ORIENTED_EDGE('',*,*,#2114,.T.);
#2803=ORIENTED_EDGE('',*,*,#2127,.T.);
#2804=ORIENTED_EDGE('',*,*,#2126,.F.);
#2805=ORIENTED_EDGE('',*,*,#2117,.F.);
#2806=ORIENTED_EDGE('',*,*,#2118,.T.);
#2807=ORIENTED_EDGE('',*,*,#2115,.T.);
#2808=ORIENTED_EDGE('',*,*,#2107,.T.);
#2809=ORIENTED_EDGE('',*,*,#2138,.F.);
#2810=ORIENTED_EDGE('',*,*,#2139,.T.);
#2811=ORIENTED_EDGE('',*,*,#2140,.T.);
#2812=ORIENTED_EDGE('',*,*,#2139,.F.);
#2813=ORIENTED_EDGE('',*,*,#2141,.F.);
#2814=ORIENTED_EDGE('',*,*,#2142,.T.);
#2815=ORIENTED_EDGE('',*,*,#2143,.T.);
#2816=ORIENTED_EDGE('',*,*,#2144,.T.);
#2817=ORIENTED_EDGE('',*,*,#2145,.F.);
#2818=ORIENTED_EDGE('',*,*,#2146,.T.);
#2819=ORIENTED_EDGE('',*,*,#2147,.T.);
#2820=ORIENTED_EDGE('',*,*,#2148,.T.);
#2821=ORIENTED_EDGE('',*,*,#2149,.F.);
#2822=ORIENTED_EDGE('',*,*,#2150,.T.);
#2823=ORIENTED_EDGE('',*,*,#2151,.T.);
#2824=ORIENTED_EDGE('',*,*,#2152,.T.);
#2825=ORIENTED_EDGE('',*,*,#2153,.T.);
#2826=ORIENTED_EDGE('',*,*,#2154,.T.);
#2827=ORIENTED_EDGE('',*,*,#2155,.F.);
#2828=ORIENTED_EDGE('',*,*,#2156,.T.);
#2829=ORIENTED_EDGE('',*,*,#2157,.T.);
#2830=ORIENTED_EDGE('',*,*,#2152,.F.);
#2831=ORIENTED_EDGE('',*,*,#2158,.T.);
#2832=ORIENTED_EDGE('',*,*,#2159,.T.);
#2833=ORIENTED_EDGE('',*,*,#2160,.F.);
#2834=ORIENTED_EDGE('',*,*,#2161,.T.);
#2835=ORIENTED_EDGE('',*,*,#2162,.F.);
#2836=ORIENTED_EDGE('',*,*,#2163,.T.);
#2837=ORIENTED_EDGE('',*,*,#2164,.T.);
#2838=ORIENTED_EDGE('',*,*,#2163,.F.);
#2839=ORIENTED_EDGE('',*,*,#2165,.F.);
#2840=ORIENTED_EDGE('',*,*,#2166,.T.);
#2841=ORIENTED_EDGE('',*,*,#2167,.T.);
#2842=ORIENTED_EDGE('',*,*,#2168,.T.);
#2843=ORIENTED_EDGE('',*,*,#2169,.F.);
#2844=ORIENTED_EDGE('',*,*,#2170,.T.);
#2845=ORIENTED_EDGE('',*,*,#2171,.T.);
#2846=ORIENTED_EDGE('',*,*,#2172,.T.);
#2847=ORIENTED_EDGE('',*,*,#2173,.F.);
#2848=ORIENTED_EDGE('',*,*,#2174,.T.);
#2849=ORIENTED_EDGE('',*,*,#2175,.T.);
#2850=ORIENTED_EDGE('',*,*,#2176,.T.);
#2851=ORIENTED_EDGE('',*,*,#2177,.T.);
#2852=ORIENTED_EDGE('',*,*,#2178,.T.);
#2853=ORIENTED_EDGE('',*,*,#2179,.F.);
#2854=ORIENTED_EDGE('',*,*,#2180,.T.);
#2855=ORIENTED_EDGE('',*,*,#2181,.T.);
#2856=ORIENTED_EDGE('',*,*,#2176,.F.);
#2857=ORIENTED_EDGE('',*,*,#2182,.T.);
#2858=ORIENTED_EDGE('',*,*,#2183,.T.);
#2859=ORIENTED_EDGE('',*,*,#2184,.F.);
#2860=ORIENTED_EDGE('',*,*,#2185,.T.);
#2861=ORIENTED_EDGE('',*,*,#2186,.F.);
#2862=ORIENTED_EDGE('',*,*,#2187,.T.);
#2863=ORIENTED_EDGE('',*,*,#2188,.T.);
#2864=ORIENTED_EDGE('',*,*,#2187,.F.);
#2865=ORIENTED_EDGE('',*,*,#2189,.F.);
#2866=ORIENTED_EDGE('',*,*,#2190,.T.);
#2867=ORIENTED_EDGE('',*,*,#2191,.T.);
#2868=ORIENTED_EDGE('',*,*,#2192,.T.);
#2869=ORIENTED_EDGE('',*,*,#2193,.F.);
#2870=ORIENTED_EDGE('',*,*,#2194,.T.);
#2871=ORIENTED_EDGE('',*,*,#2195,.T.);
#2872=ORIENTED_EDGE('',*,*,#2196,.T.);
#2873=ORIENTED_EDGE('',*,*,#2197,.F.);
#2874=ORIENTED_EDGE('',*,*,#2198,.T.);
#2875=ORIENTED_EDGE('',*,*,#2199,.T.);
#2876=ORIENTED_EDGE('',*,*,#2200,.T.);
#2877=ORIENTED_EDGE('',*,*,#2201,.T.);
#2878=ORIENTED_EDGE('',*,*,#2202,.T.);
#2879=ORIENTED_EDGE('',*,*,#2203,.F.);
#2880=ORIENTED_EDGE('',*,*,#2204,.T.);
#2881=ORIENTED_EDGE('',*,*,#2205,.T.);
#2882=ORIENTED_EDGE('',*,*,#2200,.F.);
#2883=ORIENTED_EDGE('',*,*,#2206,.T.);
#2884=ORIENTED_EDGE('',*,*,#2207,.T.);
#2885=ORIENTED_EDGE('',*,*,#2208,.F.);
#2886=ORIENTED_EDGE('',*,*,#2209,.T.);
#2887=ORIENTED_EDGE('',*,*,#2210,.F.);
#2888=ORIENTED_EDGE('',*,*,#2211,.T.);
#2889=ORIENTED_EDGE('',*,*,#2212,.T.);
#2890=ORIENTED_EDGE('',*,*,#2211,.F.);
#2891=ORIENTED_EDGE('',*,*,#2213,.F.);
#2892=ORIENTED_EDGE('',*,*,#2214,.T.);
#2893=ORIENTED_EDGE('',*,*,#2215,.T.);
#2894=ORIENTED_EDGE('',*,*,#2216,.T.);
#2895=ORIENTED_EDGE('',*,*,#2217,.F.);
#2896=ORIENTED_EDGE('',*,*,#2218,.T.);
#2897=ORIENTED_EDGE('',*,*,#2219,.T.);
#2898=ORIENTED_EDGE('',*,*,#2220,.T.);
#2899=ORIENTED_EDGE('',*,*,#2221,.F.);
#2900=ORIENTED_EDGE('',*,*,#2222,.T.);
#2901=ORIENTED_EDGE('',*,*,#2223,.T.);
#2902=ORIENTED_EDGE('',*,*,#2224,.T.);
#2903=ORIENTED_EDGE('',*,*,#2225,.T.);
#2904=ORIENTED_EDGE('',*,*,#2226,.T.);
#2905=ORIENTED_EDGE('',*,*,#2227,.F.);
#2906=ORIENTED_EDGE('',*,*,#2228,.T.);
#2907=ORIENTED_EDGE('',*,*,#2229,.T.);
#2908=ORIENTED_EDGE('',*,*,#2224,.F.);
#2909=ORIENTED_EDGE('',*,*,#2230,.T.);
#2910=ORIENTED_EDGE('',*,*,#2231,.T.);
#2911=ORIENTED_EDGE('',*,*,#2232,.F.);
#2912=ORIENTED_EDGE('',*,*,#2233,.T.);
#2913=ORIENTED_EDGE('',*,*,#2234,.F.);
#2914=ORIENTED_EDGE('',*,*,#2235,.T.);
#2915=ORIENTED_EDGE('',*,*,#2236,.T.);
#2916=ORIENTED_EDGE('',*,*,#2235,.F.);
#2917=ORIENTED_EDGE('',*,*,#2237,.F.);
#2918=ORIENTED_EDGE('',*,*,#2238,.T.);
#2919=ORIENTED_EDGE('',*,*,#2239,.T.);
#2920=ORIENTED_EDGE('',*,*,#2240,.T.);
#2921=ORIENTED_EDGE('',*,*,#2241,.F.);
#2922=ORIENTED_EDGE('',*,*,#2242,.T.);
#2923=ORIENTED_EDGE('',*,*,#2243,.T.);
#2924=ORIENTED_EDGE('',*,*,#2244,.T.);
#2925=ORIENTED_EDGE('',*,*,#2245,.F.);
#2926=ORIENTED_EDGE('',*,*,#2246,.T.);
#2927=ORIENTED_EDGE('',*,*,#2247,.T.);
#2928=ORIENTED_EDGE('',*,*,#2248,.T.);
#2929=ORIENTED_EDGE('',*,*,#2249,.T.);
#2930=ORIENTED_EDGE('',*,*,#2250,.T.);
#2931=ORIENTED_EDGE('',*,*,#2251,.F.);
#2932=ORIENTED_EDGE('',*,*,#2252,.T.);
#2933=ORIENTED_EDGE('',*,*,#2253,.T.);
#2934=ORIENTED_EDGE('',*,*,#2248,.F.);
#2935=ORIENTED_EDGE('',*,*,#2254,.T.);
#2936=ORIENTED_EDGE('',*,*,#2255,.T.);
#2937=ORIENTED_EDGE('',*,*,#2256,.F.);
#2938=ORIENTED_EDGE('',*,*,#2257,.T.);
#2939=ORIENTED_EDGE('',*,*,#2258,.F.);
#2940=ORIENTED_EDGE('',*,*,#2259,.T.);
#2941=ORIENTED_EDGE('',*,*,#2260,.T.);
#2942=ORIENTED_EDGE('',*,*,#2259,.F.);
#2943=ORIENTED_EDGE('',*,*,#2261,.F.);
#2944=ORIENTED_EDGE('',*,*,#2262,.T.);
#2945=ORIENTED_EDGE('',*,*,#2263,.F.);
#2946=ORIENTED_EDGE('',*,*,#2264,.F.);
#2947=ORIENTED_EDGE('',*,*,#2265,.F.);
#2948=ORIENTED_EDGE('',*,*,#2266,.T.);
#2949=ORIENTED_EDGE('',*,*,#2267,.T.);
#2950=ORIENTED_EDGE('',*,*,#2268,.T.);
#2951=ORIENTED_EDGE('',*,*,#2269,.F.);
#2952=ORIENTED_EDGE('',*,*,#2270,.T.);
#2953=ORIENTED_EDGE('',*,*,#2271,.F.);
#2954=ORIENTED_EDGE('',*,*,#2272,.F.);
#2955=ORIENTED_EDGE('',*,*,#2273,.T.);
#2956=ORIENTED_EDGE('',*,*,#2274,.T.);
#2957=ORIENTED_EDGE('',*,*,#2275,.T.);
#2958=ORIENTED_EDGE('',*,*,#2276,.F.);
#2959=ORIENTED_EDGE('',*,*,#2277,.T.);
#2960=ORIENTED_EDGE('',*,*,#2278,.T.);
#2961=ORIENTED_EDGE('',*,*,#2273,.F.);
#2962=ORIENTED_EDGE('',*,*,#2279,.F.);
#2963=ORIENTED_EDGE('',*,*,#2280,.F.);
#2964=ORIENTED_EDGE('',*,*,#2281,.T.);
#2965=ORIENTED_EDGE('',*,*,#2282,.F.);
#2966=ORIENTED_EDGE('',*,*,#2283,.T.);
#2967=ORIENTED_EDGE('',*,*,#2284,.T.);
#2968=ORIENTED_EDGE('',*,*,#2285,.T.);
#2969=ORIENTED_EDGE('',*,*,#2286,.T.);
#2970=ORIENTED_EDGE('',*,*,#2287,.T.);
#2971=ORIENTED_EDGE('',*,*,#2288,.F.);
#2972=ORIENTED_EDGE('',*,*,#2289,.T.);
#2973=ORIENTED_EDGE('',*,*,#2290,.T.);
#2974=ORIENTED_EDGE('',*,*,#2285,.F.);
#2975=ORIENTED_EDGE('',*,*,#2291,.T.);
#2976=ORIENTED_EDGE('',*,*,#2292,.T.);
#2977=ORIENTED_EDGE('',*,*,#2293,.F.);
#2978=ORIENTED_EDGE('',*,*,#2294,.T.);
#2979=ORIENTED_EDGE('',*,*,#2295,.F.);
#2980=ORIENTED_EDGE('',*,*,#2296,.T.);
#2981=ORIENTED_EDGE('',*,*,#2297,.T.);
#2982=ORIENTED_EDGE('',*,*,#2296,.F.);
#2983=ORIENTED_EDGE('',*,*,#2298,.F.);
#2984=ORIENTED_EDGE('',*,*,#2299,.T.);
#2985=ORIENTED_EDGE('',*,*,#2300,.T.);
#2986=ORIENTED_EDGE('',*,*,#2301,.T.);
#2987=ORIENTED_EDGE('',*,*,#2302,.F.);
#2988=ORIENTED_EDGE('',*,*,#2303,.T.);
#2989=ORIENTED_EDGE('',*,*,#2304,.T.);
#2990=ORIENTED_EDGE('',*,*,#2305,.T.);
#2991=ORIENTED_EDGE('',*,*,#2306,.T.);
#2992=ORIENTED_EDGE('',*,*,#2263,.T.);
#2993=ORIENTED_EDGE('',*,*,#2307,.F.);
#2994=ORIENTED_EDGE('',*,*,#2305,.F.);
#2995=ORIENTED_EDGE('',*,*,#2308,.F.);
#2996=ORIENTED_EDGE('',*,*,#2261,.T.);
#2997=ORIENTED_EDGE('',*,*,#2309,.T.);
#2998=ORIENTED_EDGE('',*,*,#2303,.F.);
#2999=ORIENTED_EDGE('',*,*,#2262,.F.);
#3000=ORIENTED_EDGE('',*,*,#2308,.T.);
#3001=ORIENTED_EDGE('',*,*,#2302,.T.);
#3002=ORIENTED_EDGE('',*,*,#2307,.T.);
#3003=ORIENTED_EDGE('',*,*,#2309,.F.);
#3004=ORIENTED_EDGE('',*,*,#2264,.T.);
#3005=ORIENTED_EDGE('',*,*,#2306,.F.);
#3006=ORIENTED_EDGE('',*,*,#2304,.F.);
#3007=ORIENTED_EDGE('',*,*,#2295,.T.);
#3008=ORIENTED_EDGE('',*,*,#2294,.F.);
#3009=ORIENTED_EDGE('',*,*,#2297,.F.);
#3010=ORIENTED_EDGE('',*,*,#2293,.T.);
#3011=ORIENTED_EDGE('',*,*,#2310,.T.);
#3012=ORIENTED_EDGE('',*,*,#2288,.T.);
#3013=ORIENTED_EDGE('',*,*,#2311,.T.);
#3014=ORIENTED_EDGE('',*,*,#2282,.T.);
#3015=ORIENTED_EDGE('',*,*,#2290,.F.);
#3016=ORIENTED_EDGE('',*,*,#2312,.F.);
#3017=ORIENTED_EDGE('',*,*,#2291,.F.);
#3018=ORIENTED_EDGE('',*,*,#2284,.F.);
#3019=ORIENTED_EDGE('',*,*,#2313,.F.);
#3020=ORIENTED_EDGE('',*,*,#2286,.F.);
#3021=ORIENTED_EDGE('',*,*,#2287,.F.);
#3022=ORIENTED_EDGE('',*,*,#2313,.T.);
#3023=ORIENTED_EDGE('',*,*,#2283,.F.);
#3024=ORIENTED_EDGE('',*,*,#2311,.F.);
#3025=ORIENTED_EDGE('',*,*,#2289,.F.);
#3026=ORIENTED_EDGE('',*,*,#2310,.F.);
#3027=ORIENTED_EDGE('',*,*,#2292,.F.);
#3028=ORIENTED_EDGE('',*,*,#2312,.T.);
#3029=ORIENTED_EDGE('',*,*,#2260,.F.);
#3030=ORIENTED_EDGE('',*,*,#2280,.T.);
#3031=ORIENTED_EDGE('',*,*,#2258,.T.);
#3032=ORIENTED_EDGE('',*,*,#2281,.F.);
#3033=ORIENTED_EDGE('',*,*,#2239,.F.);
#3034=ORIENTED_EDGE('',*,*,#2314,.F.);
#3035=ORIENTED_EDGE('',*,*,#2267,.F.);
#3036=ORIENTED_EDGE('',*,*,#2315,.F.);
#3037=ORIENTED_EDGE('',*,*,#2316,.T.);
#3038=ORIENTED_EDGE('',*,*,#2237,.T.);
#3039=ORIENTED_EDGE('',*,*,#2317,.T.);
#3040=ORIENTED_EDGE('',*,*,#2265,.T.);
#3041=ORIENTED_EDGE('',*,*,#2240,.F.);
#3042=ORIENTED_EDGE('',*,*,#2315,.T.);
#3043=ORIENTED_EDGE('',*,*,#2266,.F.);
#3044=ORIENTED_EDGE('',*,*,#2317,.F.);
#3045=ORIENTED_EDGE('',*,*,#2238,.F.);
#3046=ORIENTED_EDGE('',*,*,#2316,.F.);
#3047=ORIENTED_EDGE('',*,*,#2268,.F.);
#3048=ORIENTED_EDGE('',*,*,#2314,.T.);
#3049=ORIENTED_EDGE('',*,*,#2252,.F.);
#3050=ORIENTED_EDGE('',*,*,#2318,.F.);
#3051=ORIENTED_EDGE('',*,*,#2255,.F.);
#3052=ORIENTED_EDGE('',*,*,#2319,.T.);
#3053=ORIENTED_EDGE('',*,*,#2250,.F.);
#3054=ORIENTED_EDGE('',*,*,#2320,.T.);
#3055=ORIENTED_EDGE('',*,*,#2246,.F.);
#3056=ORIENTED_EDGE('',*,*,#2321,.F.);
#3057=ORIENTED_EDGE('',*,*,#2253,.F.);
#3058=ORIENTED_EDGE('',*,*,#2319,.F.);
#3059=ORIENTED_EDGE('',*,*,#2254,.F.);
#3060=ORIENTED_EDGE('',*,*,#2247,.F.);
#3061=ORIENTED_EDGE('',*,*,#2320,.F.);
#3062=ORIENTED_EDGE('',*,*,#2249,.F.);
#3063=ORIENTED_EDGE('',*,*,#2318,.T.);
#3064=ORIENTED_EDGE('',*,*,#2251,.T.);
#3065=ORIENTED_EDGE('',*,*,#2321,.T.);
#3066=ORIENTED_EDGE('',*,*,#2245,.T.);
#3067=ORIENTED_EDGE('',*,*,#2236,.F.);
#3068=ORIENTED_EDGE('',*,*,#2256,.T.);
#3069=ORIENTED_EDGE('',*,*,#2234,.T.);
#3070=ORIENTED_EDGE('',*,*,#2257,.F.);
#3071=ORIENTED_EDGE('',*,*,#2215,.F.);
#3072=ORIENTED_EDGE('',*,*,#2322,.F.);
#3073=ORIENTED_EDGE('',*,*,#2243,.F.);
#3074=ORIENTED_EDGE('',*,*,#2323,.F.);
#3075=ORIENTED_EDGE('',*,*,#2324,.T.);
#3076=ORIENTED_EDGE('',*,*,#2213,.T.);
#3077=ORIENTED_EDGE('',*,*,#2325,.T.);
#3078=ORIENTED_EDGE('',*,*,#2241,.T.);
#3079=ORIENTED_EDGE('',*,*,#2216,.F.);
#3080=ORIENTED_EDGE('',*,*,#2323,.T.);
#3081=ORIENTED_EDGE('',*,*,#2242,.F.);
#3082=ORIENTED_EDGE('',*,*,#2325,.F.);
#3083=ORIENTED_EDGE('',*,*,#2214,.F.);
#3084=ORIENTED_EDGE('',*,*,#2324,.F.);
#3085=ORIENTED_EDGE('',*,*,#2244,.F.);
#3086=ORIENTED_EDGE('',*,*,#2322,.T.);
#3087=ORIENTED_EDGE('',*,*,#2228,.F.);
#3088=ORIENTED_EDGE('',*,*,#2326,.F.);
#3089=ORIENTED_EDGE('',*,*,#2231,.F.);
#3090=ORIENTED_EDGE('',*,*,#2327,.T.);
#3091=ORIENTED_EDGE('',*,*,#2226,.F.);
#3092=ORIENTED_EDGE('',*,*,#2328,.T.);
#3093=ORIENTED_EDGE('',*,*,#2222,.F.);
#3094=ORIENTED_EDGE('',*,*,#2329,.F.);
#3095=ORIENTED_EDGE('',*,*,#2229,.F.);
#3096=ORIENTED_EDGE('',*,*,#2327,.F.);
#3097=ORIENTED_EDGE('',*,*,#2230,.F.);
#3098=ORIENTED_EDGE('',*,*,#2223,.F.);
#3099=ORIENTED_EDGE('',*,*,#2328,.F.);
#3100=ORIENTED_EDGE('',*,*,#2225,.F.);
#3101=ORIENTED_EDGE('',*,*,#2326,.T.);
#3102=ORIENTED_EDGE('',*,*,#2227,.T.);
#3103=ORIENTED_EDGE('',*,*,#2329,.T.);
#3104=ORIENTED_EDGE('',*,*,#2221,.T.);
#3105=ORIENTED_EDGE('',*,*,#2212,.F.);
#3106=ORIENTED_EDGE('',*,*,#2232,.T.);
#3107=ORIENTED_EDGE('',*,*,#2210,.T.);
#3108=ORIENTED_EDGE('',*,*,#2233,.F.);
#3109=ORIENTED_EDGE('',*,*,#2191,.F.);
#3110=ORIENTED_EDGE('',*,*,#2330,.F.);
#3111=ORIENTED_EDGE('',*,*,#2219,.F.);
#3112=ORIENTED_EDGE('',*,*,#2331,.F.);
#3113=ORIENTED_EDGE('',*,*,#2332,.T.);
#3114=ORIENTED_EDGE('',*,*,#2189,.T.);
#3115=ORIENTED_EDGE('',*,*,#2333,.T.);
#3116=ORIENTED_EDGE('',*,*,#2217,.T.);
#3117=ORIENTED_EDGE('',*,*,#2192,.F.);
#3118=ORIENTED_EDGE('',*,*,#2331,.T.);
#3119=ORIENTED_EDGE('',*,*,#2218,.F.);
#3120=ORIENTED_EDGE('',*,*,#2333,.F.);
#3121=ORIENTED_EDGE('',*,*,#2190,.F.);
#3122=ORIENTED_EDGE('',*,*,#2332,.F.);
#3123=ORIENTED_EDGE('',*,*,#2220,.F.);
#3124=ORIENTED_EDGE('',*,*,#2330,.T.);
#3125=ORIENTED_EDGE('',*,*,#2204,.F.);
#3126=ORIENTED_EDGE('',*,*,#2334,.F.);
#3127=ORIENTED_EDGE('',*,*,#2207,.F.);
#3128=ORIENTED_EDGE('',*,*,#2335,.T.);
#3129=ORIENTED_EDGE('',*,*,#2202,.F.);
#3130=ORIENTED_EDGE('',*,*,#2336,.T.);
#3131=ORIENTED_EDGE('',*,*,#2198,.F.);
#3132=ORIENTED_EDGE('',*,*,#2337,.F.);
#3133=ORIENTED_EDGE('',*,*,#2205,.F.);
#3134=ORIENTED_EDGE('',*,*,#2335,.F.);
#3135=ORIENTED_EDGE('',*,*,#2206,.F.);
#3136=ORIENTED_EDGE('',*,*,#2199,.F.);
#3137=ORIENTED_EDGE('',*,*,#2336,.F.);
#3138=ORIENTED_EDGE('',*,*,#2201,.F.);
#3139=ORIENTED_EDGE('',*,*,#2334,.T.);
#3140=ORIENTED_EDGE('',*,*,#2203,.T.);
#3141=ORIENTED_EDGE('',*,*,#2337,.T.);
#3142=ORIENTED_EDGE('',*,*,#2197,.T.);
#3143=ORIENTED_EDGE('',*,*,#2188,.F.);
#3144=ORIENTED_EDGE('',*,*,#2208,.T.);
#3145=ORIENTED_EDGE('',*,*,#2186,.T.);
#3146=ORIENTED_EDGE('',*,*,#2209,.F.);
#3147=ORIENTED_EDGE('',*,*,#2167,.F.);
#3148=ORIENTED_EDGE('',*,*,#2338,.F.);
#3149=ORIENTED_EDGE('',*,*,#2195,.F.);
#3150=ORIENTED_EDGE('',*,*,#2339,.F.);
#3151=ORIENTED_EDGE('',*,*,#2340,.T.);
#3152=ORIENTED_EDGE('',*,*,#2165,.T.);
#3153=ORIENTED_EDGE('',*,*,#2341,.T.);
#3154=ORIENTED_EDGE('',*,*,#2193,.T.);
#3155=ORIENTED_EDGE('',*,*,#2168,.F.);
#3156=ORIENTED_EDGE('',*,*,#2339,.T.);
#3157=ORIENTED_EDGE('',*,*,#2194,.F.);
#3158=ORIENTED_EDGE('',*,*,#2341,.F.);
#3159=ORIENTED_EDGE('',*,*,#2166,.F.);
#3160=ORIENTED_EDGE('',*,*,#2340,.F.);
#3161=ORIENTED_EDGE('',*,*,#2196,.F.);
#3162=ORIENTED_EDGE('',*,*,#2338,.T.);
#3163=ORIENTED_EDGE('',*,*,#2180,.F.);
#3164=ORIENTED_EDGE('',*,*,#2342,.F.);
#3165=ORIENTED_EDGE('',*,*,#2183,.F.);
#3166=ORIENTED_EDGE('',*,*,#2343,.T.);
#3167=ORIENTED_EDGE('',*,*,#2178,.F.);
#3168=ORIENTED_EDGE('',*,*,#2344,.T.);
#3169=ORIENTED_EDGE('',*,*,#2174,.F.);
#3170=ORIENTED_EDGE('',*,*,#2345,.F.);
#3171=ORIENTED_EDGE('',*,*,#2181,.F.);
#3172=ORIENTED_EDGE('',*,*,#2343,.F.);
#3173=ORIENTED_EDGE('',*,*,#2182,.F.);
#3174=ORIENTED_EDGE('',*,*,#2175,.F.);
#3175=ORIENTED_EDGE('',*,*,#2344,.F.);
#3176=ORIENTED_EDGE('',*,*,#2177,.F.);
#3177=ORIENTED_EDGE('',*,*,#2342,.T.);
#3178=ORIENTED_EDGE('',*,*,#2179,.T.);
#3179=ORIENTED_EDGE('',*,*,#2345,.T.);
#3180=ORIENTED_EDGE('',*,*,#2173,.T.);
#3181=ORIENTED_EDGE('',*,*,#2164,.F.);
#3182=ORIENTED_EDGE('',*,*,#2184,.T.);
#3183=ORIENTED_EDGE('',*,*,#2162,.T.);
#3184=ORIENTED_EDGE('',*,*,#2185,.F.);
#3185=ORIENTED_EDGE('',*,*,#2143,.F.);
#3186=ORIENTED_EDGE('',*,*,#2346,.F.);
#3187=ORIENTED_EDGE('',*,*,#2171,.F.);
#3188=ORIENTED_EDGE('',*,*,#2347,.F.);
#3189=ORIENTED_EDGE('',*,*,#2348,.T.);
#3190=ORIENTED_EDGE('',*,*,#2141,.T.);
#3191=ORIENTED_EDGE('',*,*,#2349,.T.);
#3192=ORIENTED_EDGE('',*,*,#2169,.T.);
#3193=ORIENTED_EDGE('',*,*,#2144,.F.);
#3194=ORIENTED_EDGE('',*,*,#2347,.T.);
#3195=ORIENTED_EDGE('',*,*,#2170,.F.);
#3196=ORIENTED_EDGE('',*,*,#2349,.F.);
#3197=ORIENTED_EDGE('',*,*,#2142,.F.);
#3198=ORIENTED_EDGE('',*,*,#2348,.F.);
#3199=ORIENTED_EDGE('',*,*,#2172,.F.);
#3200=ORIENTED_EDGE('',*,*,#2346,.T.);
#3201=ORIENTED_EDGE('',*,*,#2156,.F.);
#3202=ORIENTED_EDGE('',*,*,#2350,.F.);
#3203=ORIENTED_EDGE('',*,*,#2159,.F.);
#3204=ORIENTED_EDGE('',*,*,#2351,.T.);
#3205=ORIENTED_EDGE('',*,*,#2154,.F.);
#3206=ORIENTED_EDGE('',*,*,#2352,.T.);
#3207=ORIENTED_EDGE('',*,*,#2150,.F.);
#3208=ORIENTED_EDGE('',*,*,#2353,.F.);
#3209=ORIENTED_EDGE('',*,*,#2157,.F.);
#3210=ORIENTED_EDGE('',*,*,#2351,.F.);
#3211=ORIENTED_EDGE('',*,*,#2158,.F.);
#3212=ORIENTED_EDGE('',*,*,#2151,.F.);
#3213=ORIENTED_EDGE('',*,*,#2352,.F.);
#3214=ORIENTED_EDGE('',*,*,#2153,.F.);
#3215=ORIENTED_EDGE('',*,*,#2350,.T.);
#3216=ORIENTED_EDGE('',*,*,#2155,.T.);
#3217=ORIENTED_EDGE('',*,*,#2353,.T.);
#3218=ORIENTED_EDGE('',*,*,#2149,.T.);
#3219=ORIENTED_EDGE('',*,*,#2140,.F.);
#3220=ORIENTED_EDGE('',*,*,#2160,.T.);
#3221=ORIENTED_EDGE('',*,*,#2138,.T.);
#3222=ORIENTED_EDGE('',*,*,#2161,.F.);
#3223=ORIENTED_EDGE('',*,*,#2300,.F.);
#3224=ORIENTED_EDGE('',*,*,#2354,.F.);
#3225=ORIENTED_EDGE('',*,*,#2147,.F.);
#3226=ORIENTED_EDGE('',*,*,#2355,.F.);
#3227=ORIENTED_EDGE('',*,*,#2356,.T.);
#3228=ORIENTED_EDGE('',*,*,#2298,.T.);
#3229=ORIENTED_EDGE('',*,*,#2357,.T.);
#3230=ORIENTED_EDGE('',*,*,#2145,.T.);
#3231=ORIENTED_EDGE('',*,*,#2301,.F.);
#3232=ORIENTED_EDGE('',*,*,#2355,.T.);
#3233=ORIENTED_EDGE('',*,*,#2146,.F.);
#3234=ORIENTED_EDGE('',*,*,#2357,.F.);
#3235=ORIENTED_EDGE('',*,*,#2299,.F.);
#3236=ORIENTED_EDGE('',*,*,#2356,.F.);
#3237=ORIENTED_EDGE('',*,*,#2148,.F.);
#3238=ORIENTED_EDGE('',*,*,#2354,.T.);
#3239=ORIENTED_EDGE('',*,*,#2270,.F.);
#3240=ORIENTED_EDGE('',*,*,#2358,.T.);
#3241=ORIENTED_EDGE('',*,*,#2276,.T.);
#3242=ORIENTED_EDGE('',*,*,#2359,.T.);
#3243=ORIENTED_EDGE('',*,*,#2360,.F.);
#3244=ORIENTED_EDGE('',*,*,#2279,.T.);
#3245=ORIENTED_EDGE('',*,*,#2272,.T.);
#3246=ORIENTED_EDGE('',*,*,#2361,.F.);
#3247=ORIENTED_EDGE('',*,*,#2274,.F.);
#3248=ORIENTED_EDGE('',*,*,#2278,.F.);
#3249=ORIENTED_EDGE('',*,*,#2361,.T.);
#3250=ORIENTED_EDGE('',*,*,#2271,.T.);
#3251=ORIENTED_EDGE('',*,*,#2359,.F.);
#3252=ORIENTED_EDGE('',*,*,#2275,.F.);
#3253=ORIENTED_EDGE('',*,*,#2358,.F.);
#3254=ORIENTED_EDGE('',*,*,#2269,.T.);
#3255=ORIENTED_EDGE('',*,*,#2360,.T.);
#3256=ORIENTED_EDGE('',*,*,#2277,.F.);
#3257=ORIENTED_EDGE('',*,*,#2362,.F.);
#3258=ORIENTED_EDGE('',*,*,#2363,.F.);
#3259=ORIENTED_EDGE('',*,*,#2364,.F.);
#3260=ORIENTED_EDGE('',*,*,#2365,.F.);
#3261=ORIENTED_EDGE('',*,*,#2366,.F.);
#3262=ORIENTED_EDGE('',*,*,#2362,.T.);
#3263=ORIENTED_EDGE('',*,*,#2367,.T.);
#3264=ORIENTED_EDGE('',*,*,#2368,.F.);
#3265=ORIENTED_EDGE('',*,*,#2369,.F.);
#3266=ORIENTED_EDGE('',*,*,#2365,.T.);
#3267=ORIENTED_EDGE('',*,*,#2370,.T.);
#3268=ORIENTED_EDGE('',*,*,#2371,.F.);
#3269=ORIENTED_EDGE('',*,*,#2372,.F.);
#3270=ORIENTED_EDGE('',*,*,#2368,.T.);
#3271=ORIENTED_EDGE('',*,*,#2373,.T.);
#3272=ORIENTED_EDGE('',*,*,#2374,.F.);
#3273=ORIENTED_EDGE('',*,*,#2375,.F.);
#3274=ORIENTED_EDGE('',*,*,#2371,.T.);
#3275=ORIENTED_EDGE('',*,*,#2376,.T.);
#3276=ORIENTED_EDGE('',*,*,#2377,.F.);
#3277=ORIENTED_EDGE('',*,*,#2378,.F.);
#3278=ORIENTED_EDGE('',*,*,#2374,.T.);
#3279=ORIENTED_EDGE('',*,*,#2379,.T.);
#3280=ORIENTED_EDGE('',*,*,#2380,.F.);
#3281=ORIENTED_EDGE('',*,*,#2381,.F.);
#3282=ORIENTED_EDGE('',*,*,#2377,.T.);
#3283=ORIENTED_EDGE('',*,*,#2382,.T.);
#3284=ORIENTED_EDGE('',*,*,#2383,.F.);
#3285=ORIENTED_EDGE('',*,*,#2384,.F.);
#3286=ORIENTED_EDGE('',*,*,#2380,.T.);
#3287=ORIENTED_EDGE('',*,*,#2385,.T.);
#3288=ORIENTED_EDGE('',*,*,#2386,.F.);
#3289=ORIENTED_EDGE('',*,*,#2387,.F.);
#3290=ORIENTED_EDGE('',*,*,#2383,.T.);
#3291=ORIENTED_EDGE('',*,*,#2388,.T.);
#3292=ORIENTED_EDGE('',*,*,#2389,.F.);
#3293=ORIENTED_EDGE('',*,*,#2390,.F.);
#3294=ORIENTED_EDGE('',*,*,#2386,.T.);
#3295=ORIENTED_EDGE('',*,*,#2391,.T.);
#3296=ORIENTED_EDGE('',*,*,#2392,.F.);
#3297=ORIENTED_EDGE('',*,*,#2393,.F.);
#3298=ORIENTED_EDGE('',*,*,#2389,.T.);
#3299=ORIENTED_EDGE('',*,*,#2394,.T.);
#3300=ORIENTED_EDGE('',*,*,#2395,.F.);
#3301=ORIENTED_EDGE('',*,*,#2396,.F.);
#3302=ORIENTED_EDGE('',*,*,#2392,.T.);
#3303=ORIENTED_EDGE('',*,*,#2397,.T.);
#3304=ORIENTED_EDGE('',*,*,#2398,.F.);
#3305=ORIENTED_EDGE('',*,*,#2399,.F.);
#3306=ORIENTED_EDGE('',*,*,#2395,.T.);
#3307=ORIENTED_EDGE('',*,*,#2400,.T.);
#3308=ORIENTED_EDGE('',*,*,#2401,.F.);
#3309=ORIENTED_EDGE('',*,*,#2402,.F.);
#3310=ORIENTED_EDGE('',*,*,#2398,.T.);
#3311=ORIENTED_EDGE('',*,*,#2403,.T.);
#3312=ORIENTED_EDGE('',*,*,#2404,.F.);
#3313=ORIENTED_EDGE('',*,*,#2405,.F.);
#3314=ORIENTED_EDGE('',*,*,#2401,.T.);
#3315=ORIENTED_EDGE('',*,*,#2406,.T.);
#3316=ORIENTED_EDGE('',*,*,#2407,.F.);
#3317=ORIENTED_EDGE('',*,*,#2408,.F.);
#3318=ORIENTED_EDGE('',*,*,#2404,.T.);
#3319=ORIENTED_EDGE('',*,*,#2409,.T.);
#3320=ORIENTED_EDGE('',*,*,#2410,.F.);
#3321=ORIENTED_EDGE('',*,*,#2411,.F.);
#3322=ORIENTED_EDGE('',*,*,#2407,.T.);
#3323=ORIENTED_EDGE('',*,*,#2412,.T.);
#3324=ORIENTED_EDGE('',*,*,#2413,.F.);
#3325=ORIENTED_EDGE('',*,*,#2414,.F.);
#3326=ORIENTED_EDGE('',*,*,#2410,.T.);
#3327=ORIENTED_EDGE('',*,*,#2415,.T.);
#3328=ORIENTED_EDGE('',*,*,#2416,.F.);
#3329=ORIENTED_EDGE('',*,*,#2417,.F.);
#3330=ORIENTED_EDGE('',*,*,#2413,.T.);
#3331=ORIENTED_EDGE('',*,*,#2418,.T.);
#3332=ORIENTED_EDGE('',*,*,#2419,.F.);
#3333=ORIENTED_EDGE('',*,*,#2420,.F.);
#3334=ORIENTED_EDGE('',*,*,#2416,.T.);
#3335=ORIENTED_EDGE('',*,*,#2421,.T.);
#3336=ORIENTED_EDGE('',*,*,#2422,.F.);
#3337=ORIENTED_EDGE('',*,*,#2423,.F.);
#3338=ORIENTED_EDGE('',*,*,#2419,.T.);
#3339=ORIENTED_EDGE('',*,*,#2424,.T.);
#3340=ORIENTED_EDGE('',*,*,#2425,.F.);
#3341=ORIENTED_EDGE('',*,*,#2426,.F.);
#3342=ORIENTED_EDGE('',*,*,#2422,.T.);
#3343=ORIENTED_EDGE('',*,*,#2427,.T.);
#3344=ORIENTED_EDGE('',*,*,#2428,.F.);
#3345=ORIENTED_EDGE('',*,*,#2429,.F.);
#3346=ORIENTED_EDGE('',*,*,#2430,.F.);
#3347=ORIENTED_EDGE('',*,*,#2425,.T.);
#3348=ORIENTED_EDGE('',*,*,#2431,.T.);
#3349=ORIENTED_EDGE('',*,*,#2432,.F.);
#3350=ORIENTED_EDGE('',*,*,#2433,.T.);
#3351=ORIENTED_EDGE('',*,*,#2429,.T.);
#3352=ORIENTED_EDGE('',*,*,#2434,.T.);
#3353=ORIENTED_EDGE('',*,*,#2435,.T.);
#3354=ORIENTED_EDGE('',*,*,#2436,.T.);
#3355=ORIENTED_EDGE('',*,*,#2437,.T.);
#3356=ORIENTED_EDGE('',*,*,#2438,.T.);
#3357=ORIENTED_EDGE('',*,*,#2439,.T.);
#3358=ORIENTED_EDGE('',*,*,#2440,.T.);
#3359=ORIENTED_EDGE('',*,*,#2441,.T.);
#3360=ORIENTED_EDGE('',*,*,#2442,.T.);
#3361=ORIENTED_EDGE('',*,*,#2437,.F.);
#3362=ORIENTED_EDGE('',*,*,#2443,.F.);
#3363=ORIENTED_EDGE('',*,*,#2444,.T.);
#3364=ORIENTED_EDGE('',*,*,#2439,.F.);
#3365=ORIENTED_EDGE('',*,*,#2445,.T.);
#3366=ORIENTED_EDGE('',*,*,#2446,.F.);
#3367=ORIENTED_EDGE('',*,*,#2447,.T.);
#3368=ORIENTED_EDGE('',*,*,#2443,.T.);
#3369=ORIENTED_EDGE('',*,*,#2448,.T.);
#3370=ORIENTED_EDGE('',*,*,#2449,.F.);
#3371=ORIENTED_EDGE('',*,*,#2450,.T.);
#3372=ORIENTED_EDGE('',*,*,#2446,.T.);
#3373=ORIENTED_EDGE('',*,*,#2451,.T.);
#3374=ORIENTED_EDGE('',*,*,#2452,.F.);
#3375=ORIENTED_EDGE('',*,*,#2453,.T.);
#3376=ORIENTED_EDGE('',*,*,#2449,.T.);
#3377=ORIENTED_EDGE('',*,*,#2454,.T.);
#3378=ORIENTED_EDGE('',*,*,#2455,.F.);
#3379=ORIENTED_EDGE('',*,*,#2456,.T.);
#3380=ORIENTED_EDGE('',*,*,#2452,.T.);
#3381=ORIENTED_EDGE('',*,*,#2457,.T.);
#3382=ORIENTED_EDGE('',*,*,#2458,.F.);
#3383=ORIENTED_EDGE('',*,*,#2459,.T.);
#3384=ORIENTED_EDGE('',*,*,#2455,.T.);
#3385=ORIENTED_EDGE('',*,*,#2460,.T.);
#3386=ORIENTED_EDGE('',*,*,#2461,.F.);
#3387=ORIENTED_EDGE('',*,*,#2462,.T.);
#3388=ORIENTED_EDGE('',*,*,#2458,.T.);
#3389=ORIENTED_EDGE('',*,*,#2463,.T.);
#3390=ORIENTED_EDGE('',*,*,#2464,.F.);
#3391=ORIENTED_EDGE('',*,*,#2465,.T.);
#3392=ORIENTED_EDGE('',*,*,#2461,.T.);
#3393=ORIENTED_EDGE('',*,*,#2466,.T.);
#3394=ORIENTED_EDGE('',*,*,#2467,.F.);
#3395=ORIENTED_EDGE('',*,*,#2468,.T.);
#3396=ORIENTED_EDGE('',*,*,#2464,.T.);
#3397=ORIENTED_EDGE('',*,*,#2469,.T.);
#3398=ORIENTED_EDGE('',*,*,#2470,.F.);
#3399=ORIENTED_EDGE('',*,*,#2471,.T.);
#3400=ORIENTED_EDGE('',*,*,#2467,.T.);
#3401=ORIENTED_EDGE('',*,*,#2472,.T.);
#3402=ORIENTED_EDGE('',*,*,#2473,.F.);
#3403=ORIENTED_EDGE('',*,*,#2474,.T.);
#3404=ORIENTED_EDGE('',*,*,#2470,.T.);
#3405=ORIENTED_EDGE('',*,*,#2475,.T.);
#3406=ORIENTED_EDGE('',*,*,#2476,.F.);
#3407=ORIENTED_EDGE('',*,*,#2477,.T.);
#3408=ORIENTED_EDGE('',*,*,#2473,.T.);
#3409=ORIENTED_EDGE('',*,*,#2478,.T.);
#3410=ORIENTED_EDGE('',*,*,#2479,.F.);
#3411=ORIENTED_EDGE('',*,*,#2480,.T.);
#3412=ORIENTED_EDGE('',*,*,#2476,.T.);
#3413=ORIENTED_EDGE('',*,*,#2481,.T.);
#3414=ORIENTED_EDGE('',*,*,#2482,.F.);
#3415=ORIENTED_EDGE('',*,*,#2483,.T.);
#3416=ORIENTED_EDGE('',*,*,#2479,.T.);
#3417=ORIENTED_EDGE('',*,*,#2484,.T.);
#3418=ORIENTED_EDGE('',*,*,#2485,.F.);
#3419=ORIENTED_EDGE('',*,*,#2486,.T.);
#3420=ORIENTED_EDGE('',*,*,#2482,.T.);
#3421=ORIENTED_EDGE('',*,*,#2487,.T.);
#3422=ORIENTED_EDGE('',*,*,#2488,.F.);
#3423=ORIENTED_EDGE('',*,*,#2489,.T.);
#3424=ORIENTED_EDGE('',*,*,#2485,.T.);
#3425=ORIENTED_EDGE('',*,*,#2490,.T.);
#3426=ORIENTED_EDGE('',*,*,#2491,.F.);
#3427=ORIENTED_EDGE('',*,*,#2492,.T.);
#3428=ORIENTED_EDGE('',*,*,#2488,.T.);
#3429=ORIENTED_EDGE('',*,*,#2493,.T.);
#3430=ORIENTED_EDGE('',*,*,#2494,.F.);
#3431=ORIENTED_EDGE('',*,*,#2495,.T.);
#3432=ORIENTED_EDGE('',*,*,#2491,.T.);
#3433=ORIENTED_EDGE('',*,*,#2496,.T.);
#3434=ORIENTED_EDGE('',*,*,#2497,.F.);
#3435=ORIENTED_EDGE('',*,*,#2498,.T.);
#3436=ORIENTED_EDGE('',*,*,#2494,.T.);
#3437=ORIENTED_EDGE('',*,*,#2499,.T.);
#3438=ORIENTED_EDGE('',*,*,#2500,.F.);
#3439=ORIENTED_EDGE('',*,*,#2501,.T.);
#3440=ORIENTED_EDGE('',*,*,#2497,.T.);
#3441=ORIENTED_EDGE('',*,*,#2502,.T.);
#3442=ORIENTED_EDGE('',*,*,#2503,.F.);
#3443=ORIENTED_EDGE('',*,*,#2504,.T.);
#3444=ORIENTED_EDGE('',*,*,#2500,.T.);
#3445=ORIENTED_EDGE('',*,*,#2505,.T.);
#3446=ORIENTED_EDGE('',*,*,#2506,.F.);
#3447=ORIENTED_EDGE('',*,*,#2507,.T.);
#3448=ORIENTED_EDGE('',*,*,#2503,.T.);
#3449=ORIENTED_EDGE('',*,*,#2508,.T.);
#3450=ORIENTED_EDGE('',*,*,#2509,.F.);
#3451=ORIENTED_EDGE('',*,*,#2510,.T.);
#3452=ORIENTED_EDGE('',*,*,#2506,.T.);
#3453=ORIENTED_EDGE('',*,*,#2511,.T.);
#3454=ORIENTED_EDGE('',*,*,#2512,.F.);
#3455=ORIENTED_EDGE('',*,*,#2513,.T.);
#3456=ORIENTED_EDGE('',*,*,#2509,.T.);
#3457=ORIENTED_EDGE('',*,*,#2514,.T.);
#3458=ORIENTED_EDGE('',*,*,#2515,.F.);
#3459=ORIENTED_EDGE('',*,*,#2516,.T.);
#3460=ORIENTED_EDGE('',*,*,#2517,.F.);
#3461=ORIENTED_EDGE('',*,*,#2515,.T.);
#3462=ORIENTED_EDGE('',*,*,#2518,.F.);
#3463=ORIENTED_EDGE('',*,*,#2519,.T.);
#3464=ORIENTED_EDGE('',*,*,#2520,.T.);
#3465=ORIENTED_EDGE('',*,*,#2521,.T.);
#3466=ORIENTED_EDGE('',*,*,#2512,.T.);
#3467=ORIENTED_EDGE('',*,*,#2522,.T.);
#3468=ORIENTED_EDGE('',*,*,#2520,.F.);
#3469=ORIENTED_EDGE('',*,*,#2523,.T.);
#3470=ORIENTED_EDGE('',*,*,#2441,.F.);
#3471=ORIENTED_EDGE('',*,*,#2524,.T.);
#3472=ORIENTED_EDGE('',*,*,#2432,.T.);
#3473=ORIENTED_EDGE('',*,*,#2525,.T.);
#3474=ORIENTED_EDGE('',*,*,#2526,.F.);
#3475=ORIENTED_EDGE('',*,*,#2527,.T.);
#3476=ORIENTED_EDGE('',*,*,#2528,.T.);
#3477=ORIENTED_EDGE('',*,*,#2527,.F.);
#3478=ORIENTED_EDGE('',*,*,#2528,.F.);
#3479=ORIENTED_EDGE('',*,*,#2529,.T.);
#3480=ORIENTED_EDGE('',*,*,#2530,.T.);
#3481=ORIENTED_EDGE('',*,*,#2529,.F.);
#3482=ORIENTED_EDGE('',*,*,#2530,.F.);
#3483=ORIENTED_EDGE('',*,*,#2531,.T.);
#3484=ORIENTED_EDGE('',*,*,#2532,.T.);
#3485=ORIENTED_EDGE('',*,*,#2531,.F.);
#3486=ORIENTED_EDGE('',*,*,#2533,.F.);
#3487=ORIENTED_EDGE('',*,*,#2534,.F.);
#3488=ORIENTED_EDGE('',*,*,#2535,.F.);
#3489=ORIENTED_EDGE('',*,*,#2536,.F.);
#3490=ORIENTED_EDGE('',*,*,#2537,.T.);
#3491=ORIENTED_EDGE('',*,*,#2538,.T.);
#3492=ORIENTED_EDGE('',*,*,#2537,.F.);
#3493=ORIENTED_EDGE('',*,*,#2539,.F.);
#3494=ORIENTED_EDGE('',*,*,#2540,.F.);
#3495=ORIENTED_EDGE('',*,*,#2541,.F.);
#3496=ORIENTED_EDGE('',*,*,#2542,.T.);
#3497=ORIENTED_EDGE('',*,*,#2543,.T.);
#3498=ORIENTED_EDGE('',*,*,#2544,.T.);
#3499=ORIENTED_EDGE('',*,*,#2545,.T.);
#3500=ORIENTED_EDGE('',*,*,#2546,.T.);
#3501=ORIENTED_EDGE('',*,*,#2547,.T.);
#3502=ORIENTED_EDGE('',*,*,#2548,.T.);
#3503=ORIENTED_EDGE('',*,*,#2540,.T.);
#3504=ORIENTED_EDGE('',*,*,#2549,.F.);
#3505=ORIENTED_EDGE('',*,*,#2542,.F.);
#3506=ORIENTED_EDGE('',*,*,#2549,.T.);
#3507=ORIENTED_EDGE('',*,*,#2539,.T.);
#3508=ORIENTED_EDGE('',*,*,#2536,.T.);
#3509=ORIENTED_EDGE('',*,*,#2550,.F.);
#3510=ORIENTED_EDGE('',*,*,#2543,.F.);
#3511=ORIENTED_EDGE('',*,*,#2550,.T.);
#3512=ORIENTED_EDGE('',*,*,#2535,.T.);
#3513=ORIENTED_EDGE('',*,*,#2551,.F.);
#3514=ORIENTED_EDGE('',*,*,#2544,.F.);
#3515=ORIENTED_EDGE('',*,*,#2551,.T.);
#3516=ORIENTED_EDGE('',*,*,#2534,.T.);
#3517=ORIENTED_EDGE('',*,*,#2552,.F.);
#3518=ORIENTED_EDGE('',*,*,#2545,.F.);
#3519=ORIENTED_EDGE('',*,*,#2552,.T.);
#3520=ORIENTED_EDGE('',*,*,#2533,.T.);
#3521=ORIENTED_EDGE('',*,*,#2553,.F.);
#3522=ORIENTED_EDGE('',*,*,#2546,.F.);
#3523=ORIENTED_EDGE('',*,*,#2553,.T.);
#3524=ORIENTED_EDGE('',*,*,#2541,.T.);
#3525=ORIENTED_EDGE('',*,*,#2548,.F.);
#3526=ORIENTED_EDGE('',*,*,#2547,.F.);
#3527=ORIENTED_EDGE('',*,*,#2532,.F.);
#3528=ORIENTED_EDGE('',*,*,#2538,.F.);
#3529=ORIENTED_EDGE('',*,*,#2526,.T.);
#3530=ORIENTED_EDGE('',*,*,#2436,.F.);
#3531=ORIENTED_EDGE('',*,*,#2428,.T.);
#3532=ORIENTED_EDGE('',*,*,#2554,.T.);
#3533=ORIENTED_EDGE('',*,*,#2434,.F.);
#3534=ORIENTED_EDGE('',*,*,#2435,.F.);
#3535=ORIENTED_EDGE('',*,*,#2554,.F.);
#3536=ORIENTED_EDGE('',*,*,#2431,.F.);
#3537=ORIENTED_EDGE('',*,*,#2427,.F.);
#3538=ORIENTED_EDGE('',*,*,#2424,.F.);
#3539=ORIENTED_EDGE('',*,*,#2421,.F.);
#3540=ORIENTED_EDGE('',*,*,#2418,.F.);
#3541=ORIENTED_EDGE('',*,*,#2415,.F.);
#3542=ORIENTED_EDGE('',*,*,#2412,.F.);
#3543=ORIENTED_EDGE('',*,*,#2409,.F.);
#3544=ORIENTED_EDGE('',*,*,#2406,.F.);
#3545=ORIENTED_EDGE('',*,*,#2403,.F.);
#3546=ORIENTED_EDGE('',*,*,#2400,.F.);
#3547=ORIENTED_EDGE('',*,*,#2397,.F.);
#3548=ORIENTED_EDGE('',*,*,#2394,.F.);
#3549=ORIENTED_EDGE('',*,*,#2391,.F.);
#3550=ORIENTED_EDGE('',*,*,#2388,.F.);
#3551=ORIENTED_EDGE('',*,*,#2385,.F.);
#3552=ORIENTED_EDGE('',*,*,#2382,.F.);
#3553=ORIENTED_EDGE('',*,*,#2379,.F.);
#3554=ORIENTED_EDGE('',*,*,#2376,.F.);
#3555=ORIENTED_EDGE('',*,*,#2373,.F.);
#3556=ORIENTED_EDGE('',*,*,#2370,.F.);
#3557=ORIENTED_EDGE('',*,*,#2367,.F.);
#3558=ORIENTED_EDGE('',*,*,#2555,.F.);
#3559=ORIENTED_EDGE('',*,*,#2516,.F.);
#3560=ORIENTED_EDGE('',*,*,#2521,.F.);
#3561=ORIENTED_EDGE('',*,*,#2522,.F.);
#3562=ORIENTED_EDGE('',*,*,#2514,.F.);
#3563=ORIENTED_EDGE('',*,*,#2511,.F.);
#3564=ORIENTED_EDGE('',*,*,#2508,.F.);
#3565=ORIENTED_EDGE('',*,*,#2505,.F.);
#3566=ORIENTED_EDGE('',*,*,#2502,.F.);
#3567=ORIENTED_EDGE('',*,*,#2499,.F.);
#3568=ORIENTED_EDGE('',*,*,#2496,.F.);
#3569=ORIENTED_EDGE('',*,*,#2493,.F.);
#3570=ORIENTED_EDGE('',*,*,#2490,.F.);
#3571=ORIENTED_EDGE('',*,*,#2487,.F.);
#3572=ORIENTED_EDGE('',*,*,#2484,.F.);
#3573=ORIENTED_EDGE('',*,*,#2481,.F.);
#3574=ORIENTED_EDGE('',*,*,#2478,.F.);
#3575=ORIENTED_EDGE('',*,*,#2475,.F.);
#3576=ORIENTED_EDGE('',*,*,#2472,.F.);
#3577=ORIENTED_EDGE('',*,*,#2469,.F.);
#3578=ORIENTED_EDGE('',*,*,#2466,.F.);
#3579=ORIENTED_EDGE('',*,*,#2463,.F.);
#3580=ORIENTED_EDGE('',*,*,#2460,.F.);
#3581=ORIENTED_EDGE('',*,*,#2457,.F.);
#3582=ORIENTED_EDGE('',*,*,#2454,.F.);
#3583=ORIENTED_EDGE('',*,*,#2451,.F.);
#3584=ORIENTED_EDGE('',*,*,#2448,.F.);
#3585=ORIENTED_EDGE('',*,*,#2445,.F.);
#3586=ORIENTED_EDGE('',*,*,#2438,.F.);
#3587=ORIENTED_EDGE('',*,*,#2442,.F.);
#3588=ORIENTED_EDGE('',*,*,#2525,.F.);
#3589=ORIENTED_EDGE('',*,*,#2440,.F.);
#3590=ORIENTED_EDGE('',*,*,#2444,.F.);
#3591=ORIENTED_EDGE('',*,*,#2447,.F.);
#3592=ORIENTED_EDGE('',*,*,#2450,.F.);
#3593=ORIENTED_EDGE('',*,*,#2453,.F.);
#3594=ORIENTED_EDGE('',*,*,#2456,.F.);
#3595=ORIENTED_EDGE('',*,*,#2459,.F.);
#3596=ORIENTED_EDGE('',*,*,#2462,.F.);
#3597=ORIENTED_EDGE('',*,*,#2465,.F.);
#3598=ORIENTED_EDGE('',*,*,#2468,.F.);
#3599=ORIENTED_EDGE('',*,*,#2471,.F.);
#3600=ORIENTED_EDGE('',*,*,#2474,.F.);
#3601=ORIENTED_EDGE('',*,*,#2477,.F.);
#3602=ORIENTED_EDGE('',*,*,#2480,.F.);
#3603=ORIENTED_EDGE('',*,*,#2483,.F.);
#3604=ORIENTED_EDGE('',*,*,#2486,.F.);
#3605=ORIENTED_EDGE('',*,*,#2489,.F.);
#3606=ORIENTED_EDGE('',*,*,#2492,.F.);
#3607=ORIENTED_EDGE('',*,*,#2495,.F.);
#3608=ORIENTED_EDGE('',*,*,#2498,.F.);
#3609=ORIENTED_EDGE('',*,*,#2501,.F.);
#3610=ORIENTED_EDGE('',*,*,#2504,.F.);
#3611=ORIENTED_EDGE('',*,*,#2507,.F.);
#3612=ORIENTED_EDGE('',*,*,#2510,.F.);
#3613=ORIENTED_EDGE('',*,*,#2513,.F.);
#3614=ORIENTED_EDGE('',*,*,#2523,.F.);
#3615=ORIENTED_EDGE('',*,*,#2519,.F.);
#3616=ORIENTED_EDGE('',*,*,#2556,.F.);
#3617=ORIENTED_EDGE('',*,*,#2363,.T.);
#3618=ORIENTED_EDGE('',*,*,#2366,.T.);
#3619=ORIENTED_EDGE('',*,*,#2369,.T.);
#3620=ORIENTED_EDGE('',*,*,#2372,.T.);
#3621=ORIENTED_EDGE('',*,*,#2375,.T.);
#3622=ORIENTED_EDGE('',*,*,#2378,.T.);
#3623=ORIENTED_EDGE('',*,*,#2381,.T.);
#3624=ORIENTED_EDGE('',*,*,#2384,.T.);
#3625=ORIENTED_EDGE('',*,*,#2387,.T.);
#3626=ORIENTED_EDGE('',*,*,#2390,.T.);
#3627=ORIENTED_EDGE('',*,*,#2393,.T.);
#3628=ORIENTED_EDGE('',*,*,#2396,.T.);
#3629=ORIENTED_EDGE('',*,*,#2399,.T.);
#3630=ORIENTED_EDGE('',*,*,#2402,.T.);
#3631=ORIENTED_EDGE('',*,*,#2405,.T.);
#3632=ORIENTED_EDGE('',*,*,#2408,.T.);
#3633=ORIENTED_EDGE('',*,*,#2411,.T.);
#3634=ORIENTED_EDGE('',*,*,#2414,.T.);
#3635=ORIENTED_EDGE('',*,*,#2417,.T.);
#3636=ORIENTED_EDGE('',*,*,#2420,.T.);
#3637=ORIENTED_EDGE('',*,*,#2423,.T.);
#3638=ORIENTED_EDGE('',*,*,#2426,.T.);
#3639=ORIENTED_EDGE('',*,*,#2430,.T.);
#3640=ORIENTED_EDGE('',*,*,#2433,.F.);
#3641=ORIENTED_EDGE('',*,*,#2524,.F.);
#3642=ORIENTED_EDGE('',*,*,#2518,.T.);
#3643=ORIENTED_EDGE('',*,*,#2517,.T.);
#3644=ORIENTED_EDGE('',*,*,#2555,.T.);
#3645=ORIENTED_EDGE('',*,*,#2364,.T.);
#3646=ORIENTED_EDGE('',*,*,#2556,.T.);
#3647=ORIENTED_EDGE('',*,*,#2557,.T.);
#3648=ORIENTED_EDGE('',*,*,#2558,.T.);
#3649=ORIENTED_EDGE('',*,*,#2559,.T.);
#3650=ORIENTED_EDGE('',*,*,#2558,.F.);
#3651=ORIENTED_EDGE('',*,*,#2559,.F.);
#3652=ORIENTED_EDGE('',*,*,#2560,.T.);
#3653=ORIENTED_EDGE('',*,*,#2561,.T.);
#3654=ORIENTED_EDGE('',*,*,#2562,.F.);
#3655=ORIENTED_EDGE('',*,*,#2563,.T.);
#3656=ORIENTED_EDGE('',*,*,#2560,.F.);
#3657=ORIENTED_EDGE('',*,*,#2564,.T.);
#3658=ORIENTED_EDGE('',*,*,#2557,.F.);
#3659=ORIENTED_EDGE('',*,*,#2565,.F.);
#3660=ORIENTED_EDGE('',*,*,#2566,.F.);
#3661=ORIENTED_EDGE('',*,*,#2567,.T.);
#3662=ORIENTED_EDGE('',*,*,#2568,.F.);
#3663=ORIENTED_EDGE('',*,*,#2569,.F.);
#3664=ORIENTED_EDGE('',*,*,#2561,.F.);
#3665=ORIENTED_EDGE('',*,*,#2563,.F.);
#3666=ORIENTED_EDGE('',*,*,#2570,.F.);
#3667=ORIENTED_EDGE('',*,*,#2571,.F.);
#3668=ORIENTED_EDGE('',*,*,#2572,.F.);
#3669=ORIENTED_EDGE('',*,*,#2567,.F.);
#3670=ORIENTED_EDGE('',*,*,#2573,.F.);
#3671=ORIENTED_EDGE('',*,*,#2564,.F.);
#3672=ORIENTED_EDGE('',*,*,#2574,.T.);
#3673=ORIENTED_EDGE('',*,*,#2565,.T.);
#3674=ORIENTED_EDGE('',*,*,#2575,.T.);
#3675=ORIENTED_EDGE('',*,*,#2576,.F.);
#3676=ORIENTED_EDGE('',*,*,#2577,.F.);
#3677=ORIENTED_EDGE('',*,*,#2578,.F.);
#3678=ORIENTED_EDGE('',*,*,#2575,.F.);
#3679=ORIENTED_EDGE('',*,*,#2573,.T.);
#3680=ORIENTED_EDGE('',*,*,#2566,.T.);
#3681=ORIENTED_EDGE('',*,*,#2574,.F.);
#3682=ORIENTED_EDGE('',*,*,#2577,.T.);
#3683=ORIENTED_EDGE('',*,*,#2579,.F.);
#3684=ORIENTED_EDGE('',*,*,#2580,.T.);
#3685=ORIENTED_EDGE('',*,*,#2581,.T.);
#3686=ORIENTED_EDGE('',*,*,#2582,.T.);
#3687=ORIENTED_EDGE('',*,*,#2583,.T.);
#3688=ORIENTED_EDGE('',*,*,#2576,.T.);
#3689=ORIENTED_EDGE('',*,*,#2578,.T.);
#3690=ORIENTED_EDGE('',*,*,#2584,.T.);
#3691=ORIENTED_EDGE('',*,*,#2585,.F.);
#3692=ORIENTED_EDGE('',*,*,#2586,.F.);
#3693=ORIENTED_EDGE('',*,*,#2587,.F.);
#3694=ORIENTED_EDGE('',*,*,#2588,.F.);
#3695=ORIENTED_EDGE('',*,*,#2568,.T.);
#3696=ORIENTED_EDGE('',*,*,#2572,.T.);
#3697=ORIENTED_EDGE('',*,*,#2589,.T.);
#3698=ORIENTED_EDGE('',*,*,#2590,.F.);
#3699=ORIENTED_EDGE('',*,*,#2589,.F.);
#3700=ORIENTED_EDGE('',*,*,#2571,.T.);
#3701=ORIENTED_EDGE('',*,*,#2591,.F.);
#3702=ORIENTED_EDGE('',*,*,#2570,.T.);
#3703=ORIENTED_EDGE('',*,*,#2562,.T.);
#3704=ORIENTED_EDGE('',*,*,#2569,.T.);
#3705=ORIENTED_EDGE('',*,*,#2591,.T.);
#3706=ORIENTED_EDGE('',*,*,#2592,.F.);
#3707=ORIENTED_EDGE('',*,*,#2593,.T.);
#3708=ORIENTED_EDGE('',*,*,#2594,.F.);
#3709=ORIENTED_EDGE('',*,*,#2595,.F.);
#3710=ORIENTED_EDGE('',*,*,#2582,.F.);
#3711=ORIENTED_EDGE('',*,*,#2596,.F.);
#3712=ORIENTED_EDGE('',*,*,#2597,.F.);
#3713=ORIENTED_EDGE('',*,*,#2598,.F.);
#3714=ORIENTED_EDGE('',*,*,#2599,.F.);
#3715=ORIENTED_EDGE('',*,*,#2600,.F.);
#3716=ORIENTED_EDGE('',*,*,#2597,.T.);
#3717=ORIENTED_EDGE('',*,*,#2601,.F.);
#3718=ORIENTED_EDGE('',*,*,#2580,.F.);
#3719=ORIENTED_EDGE('',*,*,#2602,.F.);
#3720=ORIENTED_EDGE('',*,*,#2599,.T.);
#3721=ORIENTED_EDGE('',*,*,#2603,.F.);
#3722=ORIENTED_EDGE('',*,*,#2596,.T.);
#3723=ORIENTED_EDGE('',*,*,#2581,.F.);
#3724=ORIENTED_EDGE('',*,*,#2603,.T.);
#3725=ORIENTED_EDGE('',*,*,#2601,.T.);
#3726=ORIENTED_EDGE('',*,*,#2604,.F.);
#3727=ORIENTED_EDGE('',*,*,#2604,.T.);
#3728=ORIENTED_EDGE('',*,*,#2605,.T.);
#3729=ORIENTED_EDGE('',*,*,#2606,.F.);
#3730=ORIENTED_EDGE('',*,*,#2605,.F.);
#3731=ORIENTED_EDGE('',*,*,#2600,.T.);
#3732=ORIENTED_EDGE('',*,*,#2607,.F.);
#3733=ORIENTED_EDGE('',*,*,#2608,.F.);
#3734=ORIENTED_EDGE('',*,*,#2609,.T.);
#3735=ORIENTED_EDGE('',*,*,#2592,.T.);
#3736=ORIENTED_EDGE('',*,*,#2610,.T.);
#3737=ORIENTED_EDGE('',*,*,#2608,.T.);
#3738=ORIENTED_EDGE('',*,*,#2611,.T.);
#3739=ORIENTED_EDGE('',*,*,#2606,.T.);
#3740=ORIENTED_EDGE('',*,*,#2585,.T.);
#3741=ORIENTED_EDGE('',*,*,#2612,.T.);
#3742=ORIENTED_EDGE('',*,*,#2613,.T.);
#3743=ORIENTED_EDGE('',*,*,#2614,.T.);
#3744=ORIENTED_EDGE('',*,*,#2615,.T.);
#3745=ORIENTED_EDGE('',*,*,#2616,.T.);
#3746=ORIENTED_EDGE('',*,*,#2613,.F.);
#3747=ORIENTED_EDGE('',*,*,#2617,.T.);
#3748=ORIENTED_EDGE('',*,*,#2587,.T.);
#3749=ORIENTED_EDGE('',*,*,#2618,.T.);
#3750=ORIENTED_EDGE('',*,*,#2615,.F.);
#3751=ORIENTED_EDGE('',*,*,#2619,.T.);
#3752=ORIENTED_EDGE('',*,*,#2614,.F.);
#3753=ORIENTED_EDGE('',*,*,#2616,.F.);
#3754=ORIENTED_EDGE('',*,*,#2618,.F.);
#3755=ORIENTED_EDGE('',*,*,#2586,.T.);
#3756=ORIENTED_EDGE('',*,*,#2620,.T.);
#3757=ORIENTED_EDGE('',*,*,#2620,.F.);
#3758=ORIENTED_EDGE('',*,*,#2621,.T.);
#3759=ORIENTED_EDGE('',*,*,#2622,.T.);
#3760=ORIENTED_EDGE('',*,*,#2621,.F.);
#3761=ORIENTED_EDGE('',*,*,#2612,.F.);
#3762=ORIENTED_EDGE('',*,*,#2584,.F.);
#3763=ORIENTED_EDGE('',*,*,#2583,.F.);
#3764=ORIENTED_EDGE('',*,*,#2598,.T.);
#3765=ORIENTED_EDGE('',*,*,#2609,.F.);
#3766=ORIENTED_EDGE('',*,*,#2610,.F.);
#3767=ORIENTED_EDGE('',*,*,#2595,.T.);
#3768=ORIENTED_EDGE('',*,*,#2623,.T.);
#3769=ORIENTED_EDGE('',*,*,#2624,.T.);
#3770=ORIENTED_EDGE('',*,*,#2590,.T.);
#3771=ORIENTED_EDGE('',*,*,#2619,.F.);
#3772=ORIENTED_EDGE('',*,*,#2625,.F.);
#3773=ORIENTED_EDGE('',*,*,#2626,.T.);
#3774=ORIENTED_EDGE('',*,*,#2593,.F.);
#3775=ORIENTED_EDGE('',*,*,#2611,.F.);
#3776=ORIENTED_EDGE('',*,*,#2607,.T.);
#3777=ORIENTED_EDGE('',*,*,#2602,.T.);
#3778=ORIENTED_EDGE('',*,*,#2579,.T.);
#3779=ORIENTED_EDGE('',*,*,#2588,.T.);
#3780=ORIENTED_EDGE('',*,*,#2617,.F.);
#3781=ORIENTED_EDGE('',*,*,#2624,.F.);
#3782=ORIENTED_EDGE('',*,*,#2627,.T.);
#3783=ORIENTED_EDGE('',*,*,#2625,.T.);
#3784=ORIENTED_EDGE('',*,*,#2594,.T.);
#3785=ORIENTED_EDGE('',*,*,#2626,.F.);
#3786=ORIENTED_EDGE('',*,*,#2627,.F.);
#3787=ORIENTED_EDGE('',*,*,#2623,.F.);
#3788=ORIENTED_EDGE('',*,*,#2622,.F.);
#3789=ORIENTED_EDGE('',*,*,#2628,.F.);
#3790=ORIENTED_EDGE('',*,*,#2629,.F.);
#3791=ORIENTED_EDGE('',*,*,#2630,.T.);
#3792=ORIENTED_EDGE('',*,*,#2631,.F.);
#3793=ORIENTED_EDGE('',*,*,#2630,.F.);
#3794=ORIENTED_EDGE('',*,*,#2632,.F.);
#3795=ORIENTED_EDGE('',*,*,#2633,.F.);
#3796=ORIENTED_EDGE('',*,*,#2634,.F.);
#3797=ORIENTED_EDGE('',*,*,#2635,.F.);
#3798=ORIENTED_EDGE('',*,*,#2636,.F.);
#3799=ORIENTED_EDGE('',*,*,#2632,.T.);
#3800=ORIENTED_EDGE('',*,*,#2629,.T.);
#3801=ORIENTED_EDGE('',*,*,#2637,.F.);
#3802=ORIENTED_EDGE('',*,*,#2638,.F.);
#3803=ORIENTED_EDGE('',*,*,#2639,.F.);
#3804=ORIENTED_EDGE('',*,*,#2640,.T.);
#3805=ORIENTED_EDGE('',*,*,#2628,.T.);
#3806=ORIENTED_EDGE('',*,*,#2641,.T.);
#3807=ORIENTED_EDGE('',*,*,#2642,.T.);
#3808=ORIENTED_EDGE('',*,*,#2643,.T.);
#3809=ORIENTED_EDGE('',*,*,#2644,.T.);
#3810=ORIENTED_EDGE('',*,*,#2637,.T.);
#3811=ORIENTED_EDGE('',*,*,#2645,.T.);
#3812=ORIENTED_EDGE('',*,*,#2646,.T.);
#3813=ORIENTED_EDGE('',*,*,#2647,.T.);
#3814=ORIENTED_EDGE('',*,*,#2648,.T.);
#3815=ORIENTED_EDGE('',*,*,#2631,.T.);
#3816=ORIENTED_EDGE('',*,*,#2636,.T.);
#3817=ORIENTED_EDGE('',*,*,#2649,.F.);
#3818=ORIENTED_EDGE('',*,*,#2650,.F.);
#3819=ORIENTED_EDGE('',*,*,#2651,.T.);
#3820=ORIENTED_EDGE('',*,*,#2641,.F.);
#3821=ORIENTED_EDGE('',*,*,#2652,.F.);
#3822=ORIENTED_EDGE('',*,*,#2653,.T.);
#3823=ORIENTED_EDGE('',*,*,#2654,.F.);
#3824=ORIENTED_EDGE('',*,*,#2653,.F.);
#3825=ORIENTED_EDGE('',*,*,#2655,.F.);
#3826=ORIENTED_EDGE('',*,*,#2656,.F.);
#3827=ORIENTED_EDGE('',*,*,#2645,.F.);
#3828=ORIENTED_EDGE('',*,*,#2657,.T.);
#3829=ORIENTED_EDGE('',*,*,#2652,.T.);
#3830=ORIENTED_EDGE('',*,*,#2655,.T.);
#3831=ORIENTED_EDGE('',*,*,#2658,.T.);
#3832=ORIENTED_EDGE('',*,*,#2659,.T.);
#3833=ORIENTED_EDGE('',*,*,#2660,.T.);
#3834=ORIENTED_EDGE('',*,*,#2660,.F.);
#3835=ORIENTED_EDGE('',*,*,#2661,.F.);
#3836=ORIENTED_EDGE('',*,*,#2646,.F.);
#3837=ORIENTED_EDGE('',*,*,#2656,.T.);
#3838=ORIENTED_EDGE('',*,*,#2659,.F.);
#3839=ORIENTED_EDGE('',*,*,#2662,.F.);
#3840=ORIENTED_EDGE('',*,*,#2647,.F.);
#3841=ORIENTED_EDGE('',*,*,#2661,.T.);
#3842=ORIENTED_EDGE('',*,*,#2654,.T.);
#3843=ORIENTED_EDGE('',*,*,#2658,.F.);
#3844=ORIENTED_EDGE('',*,*,#2657,.F.);
#3845=ORIENTED_EDGE('',*,*,#2648,.F.);
#3846=ORIENTED_EDGE('',*,*,#2662,.T.);
#3847=ORIENTED_EDGE('',*,*,#2635,.T.);
#3848=ORIENTED_EDGE('',*,*,#2663,.F.);
#3849=ORIENTED_EDGE('',*,*,#2664,.T.);
#3850=ORIENTED_EDGE('',*,*,#2649,.T.);
#3851=ORIENTED_EDGE('',*,*,#2634,.T.);
#3852=ORIENTED_EDGE('',*,*,#2665,.F.);
#3853=ORIENTED_EDGE('',*,*,#2666,.F.);
#3854=ORIENTED_EDGE('',*,*,#2663,.T.);
#3855=ORIENTED_EDGE('',*,*,#2633,.T.);
#3856=ORIENTED_EDGE('',*,*,#2640,.F.);
#3857=ORIENTED_EDGE('',*,*,#2667,.T.);
#3858=ORIENTED_EDGE('',*,*,#2665,.T.);
#3859=ORIENTED_EDGE('',*,*,#2668,.T.);
#3860=ORIENTED_EDGE('',*,*,#2638,.T.);
#3861=ORIENTED_EDGE('',*,*,#2644,.F.);
#3862=ORIENTED_EDGE('',*,*,#2669,.F.);
#3863=ORIENTED_EDGE('',*,*,#2670,.F.);
#3864=ORIENTED_EDGE('',*,*,#2669,.T.);
#3865=ORIENTED_EDGE('',*,*,#2643,.F.);
#3866=ORIENTED_EDGE('',*,*,#2671,.F.);
#3867=ORIENTED_EDGE('',*,*,#2672,.T.);
#3868=ORIENTED_EDGE('',*,*,#2671,.T.);
#3869=ORIENTED_EDGE('',*,*,#2642,.F.);
#3870=ORIENTED_EDGE('',*,*,#2651,.F.);
#3871=ORIENTED_EDGE('',*,*,#2672,.F.);
#3872=ORIENTED_EDGE('',*,*,#2650,.T.);
#3873=ORIENTED_EDGE('',*,*,#2664,.F.);
#3874=ORIENTED_EDGE('',*,*,#2666,.T.);
#3875=ORIENTED_EDGE('',*,*,#2667,.F.);
#3876=ORIENTED_EDGE('',*,*,#2639,.T.);
#3877=ORIENTED_EDGE('',*,*,#2668,.F.);
#3878=ORIENTED_EDGE('',*,*,#2670,.T.);
#3879=ORIENTED_EDGE('',*,*,#2673,.F.);
#3880=ORIENTED_EDGE('',*,*,#2674,.F.);
#3881=ORIENTED_EDGE('',*,*,#2674,.T.);
#3882=ORIENTED_EDGE('',*,*,#2675,.T.);
#3883=ORIENTED_EDGE('',*,*,#2676,.F.);
#3884=ORIENTED_EDGE('',*,*,#2675,.F.);
#3885=ORIENTED_EDGE('',*,*,#2673,.T.);
#3886=ORIENTED_EDGE('',*,*,#2677,.T.);
#3887=ORIENTED_EDGE('',*,*,#2678,.F.);
#3888=ORIENTED_EDGE('',*,*,#2677,.F.);
#3889=ORIENTED_EDGE('',*,*,#2678,.T.);
#3890=ORIENTED_EDGE('',*,*,#2676,.T.);
#3891=TOROIDAL_SURFACE('',#4221,7.5,1.90157231151412);
#3892=TOROIDAL_SURFACE('',#4225,4.2625,0.2625);
#3893=TOROIDAL_SURFACE('',#4231,4.2625,0.2625);
#3894=TOROIDAL_SURFACE('',#4261,8.58057692307691,0.0315);
#3895=TOROIDAL_SURFACE('',#4266,8.45457692307692,0.0315);
#3896=TOROIDAL_SURFACE('',#4270,8.58057692307691,0.0315);
#3897=TOROIDAL_SURFACE('',#4274,8.45457692307691,0.0315);
#3898=TOROIDAL_SURFACE('',#4286,7.5,1.90157231151412);
#3899=TOROIDAL_SURFACE('',#4309,1.41742798638446,0.841105432527515);
#3900=TOROIDAL_SURFACE('',#4325,1.41742798638446,0.841105432527515);
#3901=TOROIDAL_SURFACE('',#4341,1.41742798638446,0.841105432527515);
#3902=TOROIDAL_SURFACE('',#4359,1.41742798638446,0.841105432527515);
#3903=TOROIDAL_SURFACE('',#4375,1.41742798638446,0.841105432527515);
#3904=TOROIDAL_SURFACE('',#4393,1.41742798638446,0.841105432527515);
#3905=TOROIDAL_SURFACE('',#4421,1.41742798638446,0.841105432527515);
#3906=TOROIDAL_SURFACE('',#4617,6.1,0.4);
#3907=TOROIDAL_SURFACE('',#4623,6.1,0.400000000000003);
#3908=TOROIDAL_SURFACE('',#4642,12.,2.);
#3909=ADVANCED_FACE('',(#867),#3891,.F.);
#3910=ADVANCED_FACE('',(#868),#3892,.T.);
#3911=ADVANCED_FACE('',(#869),#3893,.T.);
#3912=ADVANCED_FACE('',(#870),#857,.F.);
#3913=ADVANCED_FACE('',(#871),#451,.F.);
#3914=ADVANCED_FACE('',(#872),#858,.F.);
#3915=ADVANCED_FACE('',(#873),#452,.T.);
#3916=ADVANCED_FACE('',(#874),#453,.T.);
#3917=ADVANCED_FACE('',(#875,#303),#365,.F.);
#3918=ADVANCED_FACE('',(#876,#304),#366,.F.);
#3919=ADVANCED_FACE('',(#877),#253,.T.);
#3920=ADVANCED_FACE('',(#878),#254,.T.);
#3921=ADVANCED_FACE('',(#879),#255,.T.);
#3922=ADVANCED_FACE('',(#880),#256,.T.);
#3923=ADVANCED_FACE('',(#881),#257,.T.);
#3924=ADVANCED_FACE('',(#882),#258,.T.);
#3925=ADVANCED_FACE('',(#883),#259,.T.);
#3926=ADVANCED_FACE('',(#884),#3894,.T.);
#3927=ADVANCED_FACE('',(#885),#3895,.T.);
#3928=ADVANCED_FACE('',(#886),#3896,.T.);
#3929=ADVANCED_FACE('',(#887),#3897,.T.);
#3930=ADVANCED_FACE('',(#888),#454,.F.);
#3931=ADVANCED_FACE('',(#889),#455,.F.);
#3932=ADVANCED_FACE('',(#890),#456,.F.);
#3933=ADVANCED_FACE('',(#891),#3898,.F.);
#3934=ADVANCED_FACE('',(#892),#457,.F.);
#3935=ADVANCED_FACE('',(#893),#458,.F.);
#3936=ADVANCED_FACE('',(#894),#459,.F.);
#3937=ADVANCED_FACE('',(#895),#859,.T.);
#3938=ADVANCED_FACE('',(#896),#860,.T.);
#3939=ADVANCED_FACE('',(#897),#460,.T.);
#3940=ADVANCED_FACE('',(#898,#305),#367,.F.);
#3941=ADVANCED_FACE('',(#899,#306),#368,.F.);
#3942=ADVANCED_FACE('',(#900,#307),#369,.T.);
#3943=ADVANCED_FACE('',(#901,#308),#370,.T.);
#3944=ADVANCED_FACE('',(#902,#309),#371,.T.);
#3945=ADVANCED_FACE('',(#903,#310),#372,.T.);
#3946=ADVANCED_FACE('',(#904,#311,#312),#3899,.T.);
#3947=ADVANCED_FACE('',(#905,#313,#314),#260,.F.);
#3948=ADVANCED_FACE('',(#906,#315,#316),#3900,.T.);
#3949=ADVANCED_FACE('',(#907,#317,#318),#261,.F.);
#3950=ADVANCED_FACE('',(#908,#319,#320),#3901,.T.);
#3951=ADVANCED_FACE('',(#909,#321,#322),#262,.F.);
#3952=ADVANCED_FACE('',(#910,#323,#324),#3902,.T.);
#3953=ADVANCED_FACE('',(#911,#325,#326),#263,.F.);
#3954=ADVANCED_FACE('',(#912,#327,#328),#3903,.T.);
#3955=ADVANCED_FACE('',(#913,#329,#330),#264,.F.);
#3956=ADVANCED_FACE('',(#914,#331,#332),#3904,.T.);
#3957=ADVANCED_FACE('',(#915,#333,#334),#265,.F.);
#3958=ADVANCED_FACE('',(#916,#335,#336),#266,.F.);
#3959=ADVANCED_FACE('',(#917,#337,#338),#3905,.T.);
#3960=ADVANCED_FACE('',(#918),#461,.F.);
#3961=ADVANCED_FACE('',(#919),#462,.T.);
#3962=ADVANCED_FACE('',(#920),#373,.T.);
#3963=ADVANCED_FACE('',(#921),#374,.F.);
#3964=ADVANCED_FACE('',(#922,#339),#375,.T.);
#3965=ADVANCED_FACE('',(#923,#340),#376,.T.);
#3966=ADVANCED_FACE('',(#924),#377,.T.);
#3967=ADVANCED_FACE('',(#925),#378,.F.);
#3968=ADVANCED_FACE('',(#926),#463,.T.);
#3969=ADVANCED_FACE('',(#927),#464,.F.);
#3970=ADVANCED_FACE('',(#928,#341),#379,.T.);
#3971=ADVANCED_FACE('',(#929,#342),#380,.T.);
#3972=ADVANCED_FACE('',(#930),#381,.F.);
#3973=ADVANCED_FACE('',(#931),#382,.T.);
#3974=ADVANCED_FACE('',(#932),#465,.T.);
#3975=ADVANCED_FACE('',(#933),#466,.F.);
#3976=ADVANCED_FACE('',(#934),#467,.F.);
#3977=ADVANCED_FACE('',(#935),#468,.T.);
#3978=ADVANCED_FACE('',(#936),#383,.F.);
#3979=ADVANCED_FACE('',(#937),#384,.T.);
#3980=ADVANCED_FACE('',(#938,#343),#385,.T.);
#3981=ADVANCED_FACE('',(#939,#344),#386,.T.);
#3982=ADVANCED_FACE('',(#940),#387,.F.);
#3983=ADVANCED_FACE('',(#941),#388,.T.);
#3984=ADVANCED_FACE('',(#942),#469,.T.);
#3985=ADVANCED_FACE('',(#943),#470,.F.);
#3986=ADVANCED_FACE('',(#944),#471,.F.);
#3987=ADVANCED_FACE('',(#945),#472,.T.);
#3988=ADVANCED_FACE('',(#946),#389,.F.);
#3989=ADVANCED_FACE('',(#947),#390,.T.);
#3990=ADVANCED_FACE('',(#948,#345),#391,.T.);
#3991=ADVANCED_FACE('',(#949,#346),#392,.T.);
#3992=ADVANCED_FACE('',(#950),#393,.F.);
#3993=ADVANCED_FACE('',(#951),#394,.T.);
#3994=ADVANCED_FACE('',(#952),#473,.T.);
#3995=ADVANCED_FACE('',(#953),#474,.F.);
#3996=ADVANCED_FACE('',(#954),#475,.F.);
#3997=ADVANCED_FACE('',(#955),#476,.T.);
#3998=ADVANCED_FACE('',(#956),#395,.F.);
#3999=ADVANCED_FACE('',(#957),#396,.T.);
#4000=ADVANCED_FACE('',(#958,#347),#397,.T.);
#4001=ADVANCED_FACE('',(#959,#348),#398,.T.);
#4002=ADVANCED_FACE('',(#960),#399,.F.);
#4003=ADVANCED_FACE('',(#961),#400,.T.);
#4004=ADVANCED_FACE('',(#962),#477,.T.);
#4005=ADVANCED_FACE('',(#963),#478,.F.);
#4006=ADVANCED_FACE('',(#964),#479,.F.);
#4007=ADVANCED_FACE('',(#965),#480,.T.);
#4008=ADVANCED_FACE('',(#966),#401,.F.);
#4009=ADVANCED_FACE('',(#967),#402,.T.);
#4010=ADVANCED_FACE('',(#968,#349),#403,.T.);
#4011=ADVANCED_FACE('',(#969,#350),#404,.T.);
#4012=ADVANCED_FACE('',(#970),#405,.F.);
#4013=ADVANCED_FACE('',(#971),#406,.T.);
#4014=ADVANCED_FACE('',(#972),#481,.T.);
#4015=ADVANCED_FACE('',(#973),#482,.F.);
#4016=ADVANCED_FACE('',(#974),#483,.F.);
#4017=ADVANCED_FACE('',(#975),#484,.T.);
#4018=ADVANCED_FACE('',(#976),#407,.F.);
#4019=ADVANCED_FACE('',(#977),#408,.T.);
#4020=ADVANCED_FACE('',(#978,#351),#409,.T.);
#4021=ADVANCED_FACE('',(#979,#352),#410,.T.);
#4022=ADVANCED_FACE('',(#980),#411,.F.);
#4023=ADVANCED_FACE('',(#981),#412,.T.);
#4024=ADVANCED_FACE('',(#982),#485,.T.);
#4025=ADVANCED_FACE('',(#983),#486,.F.);
#4026=ADVANCED_FACE('',(#984),#413,.T.);
#4027=ADVANCED_FACE('',(#985),#414,.F.);
#4028=ADVANCED_FACE('',(#986),#487,.T.);
#4029=ADVANCED_FACE('',(#987),#488,.F.);
#4030=ADVANCED_FACE('',(#988),#489,.T.);
#4031=ADVANCED_FACE('',(#989),#490,.T.);
#4032=ADVANCED_FACE('',(#990),#491,.T.);
#4033=ADVANCED_FACE('',(#991),#492,.T.);
#4034=ADVANCED_FACE('',(#992),#493,.T.);
#4035=ADVANCED_FACE('',(#993),#494,.T.);
#4036=ADVANCED_FACE('',(#994),#495,.T.);
#4037=ADVANCED_FACE('',(#995),#496,.T.);
#4038=ADVANCED_FACE('',(#996),#497,.T.);
#4039=ADVANCED_FACE('',(#997),#498,.T.);
#4040=ADVANCED_FACE('',(#998),#499,.T.);
#4041=ADVANCED_FACE('',(#999),#500,.T.);
#4042=ADVANCED_FACE('',(#1000),#501,.T.);
#4043=ADVANCED_FACE('',(#1001),#502,.T.);
#4044=ADVANCED_FACE('',(#1002),#503,.T.);
#4045=ADVANCED_FACE('',(#1003),#504,.T.);
#4046=ADVANCED_FACE('',(#1004),#505,.T.);
#4047=ADVANCED_FACE('',(#1005),#506,.T.);
#4048=ADVANCED_FACE('',(#1006),#507,.T.);
#4049=ADVANCED_FACE('',(#1007),#508,.T.);
#4050=ADVANCED_FACE('',(#1008),#509,.T.);
#4051=ADVANCED_FACE('',(#1009),#510,.T.);
#4052=ADVANCED_FACE('',(#1010),#511,.T.);
#4053=ADVANCED_FACE('',(#1011),#861,.T.);
#4054=ADVANCED_FACE('',(#1012),#862,.T.);
#4055=ADVANCED_FACE('',(#1013),#512,.T.);
#4056=ADVANCED_FACE('',(#1014),#513,.T.);
#4057=ADVANCED_FACE('',(#1015),#514,.T.);
#4058=ADVANCED_FACE('',(#1016),#515,.T.);
#4059=ADVANCED_FACE('',(#1017),#516,.T.);
#4060=ADVANCED_FACE('',(#1018),#517,.T.);
#4061=ADVANCED_FACE('',(#1019),#518,.T.);
#4062=ADVANCED_FACE('',(#1020),#519,.T.);
#4063=ADVANCED_FACE('',(#1021),#520,.T.);
#4064=ADVANCED_FACE('',(#1022),#521,.T.);
#4065=ADVANCED_FACE('',(#1023),#522,.T.);
#4066=ADVANCED_FACE('',(#1024),#523,.T.);
#4067=ADVANCED_FACE('',(#1025),#524,.T.);
#4068=ADVANCED_FACE('',(#1026),#525,.T.);
#4069=ADVANCED_FACE('',(#1027),#526,.T.);
#4070=ADVANCED_FACE('',(#1028),#527,.T.);
#4071=ADVANCED_FACE('',(#1029),#528,.T.);
#4072=ADVANCED_FACE('',(#1030),#529,.T.);
#4073=ADVANCED_FACE('',(#1031),#530,.T.);
#4074=ADVANCED_FACE('',(#1032),#531,.T.);
#4075=ADVANCED_FACE('',(#1033),#532,.T.);
#4076=ADVANCED_FACE('',(#1034),#533,.T.);
#4077=ADVANCED_FACE('',(#1035),#534,.T.);
#4078=ADVANCED_FACE('',(#1036),#535,.T.);
#4079=ADVANCED_FACE('',(#1037),#863,.T.);
#4080=ADVANCED_FACE('',(#1038),#864,.T.);
#4081=ADVANCED_FACE('',(#1039),#536,.T.);
#4082=ADVANCED_FACE('',(#1040),#865,.T.);
#4083=ADVANCED_FACE('',(#1041),#3906,.T.);
#4084=ADVANCED_FACE('',(#1042),#537,.T.);
#4085=ADVANCED_FACE('',(#1043),#3907,.T.);
#4086=ADVANCED_FACE('',(#1044),#866,.F.);
#4087=ADVANCED_FACE('',(#1045),#415,.T.);
#4088=ADVANCED_FACE('',(#1046),#416,.F.);
#4089=ADVANCED_FACE('',(#1047),#417,.F.);
#4090=ADVANCED_FACE('',(#1048),#418,.F.);
#4091=ADVANCED_FACE('',(#1049),#419,.F.);
#4092=ADVANCED_FACE('',(#1050),#420,.F.);
#4093=ADVANCED_FACE('',(#1051),#421,.F.);
#4094=ADVANCED_FACE('',(#1052,#353),#422,.T.);
#4095=ADVANCED_FACE('',(#1053,#354),#423,.T.);
#4096=ADVANCED_FACE('',(#1054),#538,.T.);
#4097=ADVANCED_FACE('',(#1055),#34,.T.);
#4098=ADVANCED_FACE('',(#1056),#35,.T.);
#4099=ADVANCED_FACE('',(#1057),#424,.T.);
#4100=ADVANCED_FACE('',(#1058),#3908,.T.);
#4101=ADVANCED_FACE('',(#1059),#539,.F.);
#4102=ADVANCED_FACE('',(#1060,#355),#425,.T.);
#4103=ADVANCED_FACE('',(#1061),#540,.F.);
#4104=ADVANCED_FACE('',(#1062),#541,.T.);
#4105=ADVANCED_FACE('',(#1063),#426,.T.);
#4106=ADVANCED_FACE('',(#1064),#427,.T.);
#4107=ADVANCED_FACE('',(#1065),#542,.F.);
#4108=ADVANCED_FACE('',(#1066),#428,.T.);
#4109=ADVANCED_FACE('',(#1067),#429,.T.);
#4110=ADVANCED_FACE('',(#1068),#543,.T.);
#4111=ADVANCED_FACE('',(#1069),#36,.T.);
#4112=ADVANCED_FACE('',(#1070),#544,.T.);
#4113=ADVANCED_FACE('',(#1071,#356),#430,.F.);
#4114=ADVANCED_FACE('',(#1072),#545,.F.);
#4115=ADVANCED_FACE('',(#1073),#546,.T.);
#4116=ADVANCED_FACE('',(#1074,#357),#431,.T.);
#4117=ADVANCED_FACE('',(#1075),#547,.T.);
#4118=ADVANCED_FACE('',(#1076),#37,.F.);
#4119=ADVANCED_FACE('',(#1077),#548,.T.);
#4120=ADVANCED_FACE('',(#1078,#358),#432,.T.);
#4121=ADVANCED_FACE('',(#1079),#549,.F.);
#4122=ADVANCED_FACE('',(#1080),#433,.T.);
#4123=ADVANCED_FACE('',(#1081),#434,.T.);
#4124=ADVANCED_FACE('',(#1082),#435,.T.);
#4125=ADVANCED_FACE('',(#1083),#550,.T.);
#4126=ADVANCED_FACE('',(#1084,#359),#436,.F.);
#4127=ADVANCED_FACE('',(#1085),#437,.F.);
#4128=ADVANCED_FACE('',(#1086),#438,.T.);
#4129=ADVANCED_FACE('',(#1087),#439,.T.);
#4130=ADVANCED_FACE('',(#1088,#360),#440,.T.);
#4131=ADVANCED_FACE('',(#1089),#441,.T.);
#4132=ADVANCED_FACE('',(#1090),#551,.F.);
#4133=ADVANCED_FACE('',(#1091,#361),#442,.T.);
#4134=ADVANCED_FACE('',(#1092),#552,.T.);
#4135=ADVANCED_FACE('',(#1093),#443,.T.);
#4136=ADVANCED_FACE('',(#1094,#362),#444,.T.);
#4137=ADVANCED_FACE('',(#1095),#445,.T.);
#4138=ADVANCED_FACE('',(#1096),#553,.T.);
#4139=ADVANCED_FACE('',(#1097),#446,.T.);
#4140=ADVANCED_FACE('',(#1098),#554,.T.);
#4141=ADVANCED_FACE('',(#1099),#555,.T.);
#4142=ADVANCED_FACE('',(#1100),#447,.T.);
#4143=ADVANCED_FACE('',(#1101),#556,.T.);
#4144=ADVANCED_FACE('',(#1102),#448,.F.);
#4145=ADVANCED_FACE('',(#1103,#363),#449,.T.);
#4146=ADVANCED_FACE('',(#1104),#557,.F.);
#4147=ADVANCED_FACE('',(#1105),#558,.T.);
#4148=ADVANCED_FACE('',(#1106,#364),#450,.T.);
#4149=CLOSED_SHELL('',(#3909,#3910,#3911,#3912,#3913,#3914,#3915,#3916,
#3917,#3918));
#4150=CLOSED_SHELL('',(#3919));
#4151=CLOSED_SHELL('',(#3920));
#4152=CLOSED_SHELL('',(#3921));
#4153=CLOSED_SHELL('',(#3922));
#4154=CLOSED_SHELL('',(#3923));
#4155=CLOSED_SHELL('',(#3924));
#4156=CLOSED_SHELL('',(#3925));
#4157=CLOSED_SHELL('',(#3926,#3927,#3928,#3929,#3930,#3931,#3932,#3933,
#3934,#3935,#3936,#3937,#3938,#3939,#3940,#3941,#3942,#3943,#3944,#3945));
#4158=CLOSED_SHELL('',(#3946,#3947,#3948,#3949,#3950,#3951,#3952,#3953,
#3954,#3955,#3956,#3957,#3958,#3959,#3960,#3961,#3962,#3963,#3964,#3965,
#3966,#3967,#3968,#3969,#3970,#3971,#3972,#3973,#3974,#3975,#3976,#3977,
#3978,#3979,#3980,#3981,#3982,#3983,#3984,#3985,#3986,#3987,#3988,#3989,
#3990,#3991,#3992,#3993,#3994,#3995,#3996,#3997,#3998,#3999,#4000,#4001,
#4002,#4003,#4004,#4005,#4006,#4007,#4008,#4009,#4010,#4011,#4012,#4013,
#4014,#4015,#4016,#4017,#4018,#4019,#4020,#4021,#4022,#4023,#4024,#4025,
#4026,#4027,#4028,#4029));
#4159=CLOSED_SHELL('',(#4030,#4031,#4032,#4033,#4034,#4035,#4036,#4037,
#4038,#4039,#4040,#4041,#4042,#4043,#4044,#4045,#4046,#4047,#4048,#4049,
#4050,#4051,#4052,#4053,#4054,#4055,#4056,#4057,#4058,#4059,#4060,#4061,
#4062,#4063,#4064,#4065,#4066,#4067,#4068,#4069,#4070,#4071,#4072,#4073,
#4074,#4075,#4076,#4077,#4078,#4079,#4080,#4081,#4082,#4083,#4084,#4085,
#4086,#4087,#4088,#4089,#4090,#4091,#4092,#4093,#4094,#4095,#4096,#4097,
#4098,#4099));
#4160=CLOSED_SHELL('',(#4100,#4101,#4102,#4103,#4104,#4105,#4106,#4107,
#4108,#4109,#4110,#4111,#4112,#4113,#4114,#4115,#4116,#4117,#4118,#4119,
#4120,#4121,#4122,#4123,#4124,#4125,#4126));
#4161=CLOSED_SHELL('',(#4127,#4128,#4129,#4130,#4131,#4132,#4133,#4134,
#4135,#4136,#4137,#4138,#4139,#4140,#4141,#4142,#4143,#4144));
#4162=CLOSED_SHELL('',(#4145,#4146,#4147,#4148));
#4163=DERIVED_UNIT_ELEMENT(#4173,1.);
#4164=DERIVED_UNIT_ELEMENT(#11811,-3.);
#4165=DERIVED_UNIT_ELEMENT(#4173,1.);
#4166=DERIVED_UNIT_ELEMENT(#11811,-3.);
#4167=DERIVED_UNIT_ELEMENT(#4173,1.);
#4168=DERIVED_UNIT_ELEMENT(#11811,-3.);
#4169=DERIVED_UNIT_ELEMENT(#4173,1.);
#4170=DERIVED_UNIT_ELEMENT(#11811,-3.);
#4171=DERIVED_UNIT_ELEMENT(#4173,1.);
#4172=DERIVED_UNIT_ELEMENT(#11811,-3.);
#4173=(
MASS_UNIT()
NAMED_UNIT(*)
SI_UNIT(.KILO.,.GRAM.)
);
#4174=DERIVED_UNIT((#4163,#4164));
#4175=DERIVED_UNIT((#4165,#4166));
#4176=DERIVED_UNIT((#4167,#4168));
#4177=DERIVED_UNIT((#4169,#4170));
#4178=DERIVED_UNIT((#4171,#4172));
#4179=MEASURE_REPRESENTATION_ITEM('density measure',
POSITIVE_RATIO_MEASURE(512.),#4174);
#4180=MEASURE_REPRESENTATION_ITEM('density measure',
POSITIVE_RATIO_MEASURE(512.),#4175);
#4181=MEASURE_REPRESENTATION_ITEM('density measure',
POSITIVE_RATIO_MEASURE(512.),#4176);
#4182=MEASURE_REPRESENTATION_ITEM('density measure',
POSITIVE_RATIO_MEASURE(512.),#4177);
#4183=MEASURE_REPRESENTATION_ITEM('density measure',
POSITIVE_RATIO_MEASURE(512.),#4178);
#4184=PROPERTY_DEFINITION_REPRESENTATION(#4209,#4194);
#4185=PROPERTY_DEFINITION_REPRESENTATION(#4210,#4195);
#4186=PROPERTY_DEFINITION_REPRESENTATION(#4211,#4196);
#4187=PROPERTY_DEFINITION_REPRESENTATION(#4212,#4197);
#4188=PROPERTY_DEFINITION_REPRESENTATION(#4213,#4198);
#4189=PROPERTY_DEFINITION_REPRESENTATION(#4214,#4199);
#4190=PROPERTY_DEFINITION_REPRESENTATION(#4215,#4200);
#4191=PROPERTY_DEFINITION_REPRESENTATION(#4216,#4201);
#4192=PROPERTY_DEFINITION_REPRESENTATION(#4217,#4202);
#4193=PROPERTY_DEFINITION_REPRESENTATION(#4218,#4203);
#4194=REPRESENTATION('material name',(#4204),#11804);
#4195=REPRESENTATION('density',(#4179),#11804);
#4196=REPRESENTATION('material name',(#4205),#11805);
#4197=REPRESENTATION('density',(#4180),#11805);
#4198=REPRESENTATION('material name',(#4206),#11806);
#4199=REPRESENTATION('density',(#4181),#11806);
#4200=REPRESENTATION('material name',(#4207),#11807);
#4201=REPRESENTATION('density',(#4182),#11807);
#4202=REPRESENTATION('material name',(#4208),#11808);
#4203=REPRESENTATION('density',(#4183),#11808);
#4204=DESCRIPTIVE_REPRESENTATION_ITEM('Abedul','Abedul');
#4205=DESCRIPTIVE_REPRESENTATION_ITEM('Abedul','Abedul');
#4206=DESCRIPTIVE_REPRESENTATION_ITEM('Abedul','Abedul');
#4207=DESCRIPTIVE_REPRESENTATION_ITEM('Abedul','Abedul');
#4208=DESCRIPTIVE_REPRESENTATION_ITEM('Abedul','Abedul');
#4209=PROPERTY_DEFINITION('material property','material name',#11839);
#4210=PROPERTY_DEFINITION('material property','density of part',#11839);
#4211=PROPERTY_DEFINITION('material property','material name',#11840);
#4212=PROPERTY_DEFINITION('material property','density of part',#11840);
#4213=PROPERTY_DEFINITION('material property','material name',#11841);
#4214=PROPERTY_DEFINITION('material property','density of part',#11841);
#4215=PROPERTY_DEFINITION('material property','material name',#11842);
#4216=PROPERTY_DEFINITION('material property','density of part',#11842);
#4217=PROPERTY_DEFINITION('material property','material name',#11843);
#4218=PROPERTY_DEFINITION('material property','density of part',#11843);
#4219=AXIS2_PLACEMENT_3D('',#5934,#4741,#4742);
#4220=AXIS2_PLACEMENT_3D('',#5935,#4743,#4744);
#4221=AXIS2_PLACEMENT_3D('',#5936,#4745,#4746);
#4222=AXIS2_PLACEMENT_3D('',#5938,#4747,#4748);
#4223=AXIS2_PLACEMENT_3D('',#5940,#4749,#4750);
#4224=AXIS2_PLACEMENT_3D('',#5941,#4751,#4752);
#4225=AXIS2_PLACEMENT_3D('',#5942,#4753,#4754);
#4226=AXIS2_PLACEMENT_3D('',#5945,#4755,#4756);
#4227=AXIS2_PLACEMENT_3D('',#5946,#4757,#4758);
#4228=AXIS2_PLACEMENT_3D('',#5948,#4759,#4760);
#4229=AXIS2_PLACEMENT_3D('',#5950,#4761,#4762);
#4230=AXIS2_PLACEMENT_3D('',#5951,#4763,#4764);
#4231=AXIS2_PLACEMENT_3D('',#5952,#4765,#4766);
#4232=AXIS2_PLACEMENT_3D('',#5955,#4767,#4768);
#4233=AXIS2_PLACEMENT_3D('',#5956,#4769,#4770);
#4234=AXIS2_PLACEMENT_3D('',#5958,#4771,#4772);
#4235=AXIS2_PLACEMENT_3D('',#5959,#4773,#4774);
#4236=AXIS2_PLACEMENT_3D('',#5960,#4775,#4776);
#4237=AXIS2_PLACEMENT_3D('',#5963,#4778,#4779);
#4238=AXIS2_PLACEMENT_3D('',#5964,#4780,#4781);
#4239=AXIS2_PLACEMENT_3D('',#5966,#4783,#4784);
#4240=AXIS2_PLACEMENT_3D('',#5969,#4786,#4787);
#4241=AXIS2_PLACEMENT_3D('',#5970,#4788,#4789);
#4242=AXIS2_PLACEMENT_3D('',#5973,#4791,#4792);
#4243=AXIS2_PLACEMENT_3D('',#5974,#4793,#4794);
#4244=AXIS2_PLACEMENT_3D('',#5976,#4795,#4796);
#4245=AXIS2_PLACEMENT_3D('',#5978,#4798,#4799);
#4246=AXIS2_PLACEMENT_3D('',#5979,#4800,#4801);
#4247=AXIS2_PLACEMENT_3D('',#5980,#4802,#4803);
#4248=AXIS2_PLACEMENT_3D('',#5983,#4804,#4805);
#4249=AXIS2_PLACEMENT_3D('',#5984,#4806,#4807);
#4250=AXIS2_PLACEMENT_3D('',#5987,#4808,#4809);
#4251=AXIS2_PLACEMENT_3D('',#5988,#4810,#4811);
#4252=AXIS2_PLACEMENT_3D('',#5991,#4812,#4813);
#4253=AXIS2_PLACEMENT_3D('',#5992,#4814,#4815);
#4254=AXIS2_PLACEMENT_3D('',#5995,#4816,#4817);
#4255=AXIS2_PLACEMENT_3D('',#5996,#4818,#4819);
#4256=AXIS2_PLACEMENT_3D('',#5999,#4820,#4821);
#4257=AXIS2_PLACEMENT_3D('',#6000,#4822,#4823);
#4258=AXIS2_PLACEMENT_3D('',#6003,#4824,#4825);
#4259=AXIS2_PLACEMENT_3D('',#6004,#4826,#4827);
#4260=AXIS2_PLACEMENT_3D('',#6007,#4828,#4829);
#4261=AXIS2_PLACEMENT_3D('',#6008,#4830,#4831);
#4262=AXIS2_PLACEMENT_3D('',#6010,#4832,#4833);
#4263=AXIS2_PLACEMENT_3D('',#6012,#4834,#4835);
#4264=AXIS2_PLACEMENT_3D('',#6014,#4836,#4837);
#4265=AXIS2_PLACEMENT_3D('',#6015,#4838,#4839);
#4266=AXIS2_PLACEMENT_3D('',#6016,#4840,#4841);
#4267=AXIS2_PLACEMENT_3D('',#6018,#4842,#4843);
#4268=AXIS2_PLACEMENT_3D('',#6020,#4844,#4845);
#4269=AXIS2_PLACEMENT_3D('',#6021,#4846,#4847);
#4270=AXIS2_PLACEMENT_3D('',#6022,#4848,#4849);
#4271=AXIS2_PLACEMENT_3D('',#6024,#4850,#4851);
#4272=AXIS2_PLACEMENT_3D('',#6026,#4852,#4853);
#4273=AXIS2_PLACEMENT_3D('',#6027,#4854,#4855);
#4274=AXIS2_PLACEMENT_3D('',#6028,#4856,#4857);
#4275=AXIS2_PLACEMENT_3D('',#6031,#4858,#4859);
#4276=AXIS2_PLACEMENT_3D('',#6032,#4860,#4861);
#4277=AXIS2_PLACEMENT_3D('',#6034,#4862,#4863);
#4278=AXIS2_PLACEMENT_3D('',#6035,#4864,#4865);
#4279=AXIS2_PLACEMENT_3D('',#6036,#4866,#4867);
#4280=AXIS2_PLACEMENT_3D('',#6038,#4868,#4869);
#4281=AXIS2_PLACEMENT_3D('',#6041,#4871,#4872);
#4282=AXIS2_PLACEMENT_3D('',#6042,#4873,#4874);
#4283=AXIS2_PLACEMENT_3D('',#6044,#4875,#4876);
#4284=AXIS2_PLACEMENT_3D('',#6046,#4878,#4879);
#4285=AXIS2_PLACEMENT_3D('',#6049,#4881,#4882);
#4286=AXIS2_PLACEMENT_3D('',#6050,#4883,#4884);
#4287=AXIS2_PLACEMENT_3D('',#6052,#4885,#4886);
#4288=AXIS2_PLACEMENT_3D('',#6053,#4887,#4888);
#4289=AXIS2_PLACEMENT_3D('',#6054,#4889,#4890);
#4290=AXIS2_PLACEMENT_3D('',#6056,#4892,#4893);
#4291=AXIS2_PLACEMENT_3D('',#6059,#4895,#4896);
#4292=AXIS2_PLACEMENT_3D('',#6060,#4897,#4898);
#4293=AXIS2_PLACEMENT_3D('',#6062,#4899,#4900);
#4294=AXIS2_PLACEMENT_3D('',#6065,#4902,#4903);
#4295=AXIS2_PLACEMENT_3D('',#6066,#4904,#4905);
#4296=AXIS2_PLACEMENT_3D('',#6068,#4906,#4907);
#4297=AXIS2_PLACEMENT_3D('',#6071,#4909,#4910);
#4298=AXIS2_PLACEMENT_3D('',#6072,#4911,#4912);
#4299=AXIS2_PLACEMENT_3D('',#6075,#4913,#4914);
#4300=AXIS2_PLACEMENT_3D('',#6078,#4916,#4917);
#4301=AXIS2_PLACEMENT_3D('',#6079,#4918,#4919);
#4302=AXIS2_PLACEMENT_3D('',#6080,#4920,#4921);
#4303=AXIS2_PLACEMENT_3D('',#6082,#4923,#4924);
#4304=AXIS2_PLACEMENT_3D('',#6083,#4925,#4926);
#4305=AXIS2_PLACEMENT_3D('',#6084,#4927,#4928);
#4306=AXIS2_PLACEMENT_3D('',#6085,#4929,#4930);
#4307=AXIS2_PLACEMENT_3D('',#6086,#4931,#4932);
#4308=AXIS2_PLACEMENT_3D('',#6087,#4933,#4934);
#4309=AXIS2_PLACEMENT_3D('',#6088,#4935,#4936);
#4310=AXIS2_PLACEMENT_3D('',#6090,#4937,#4938);
#4311=AXIS2_PLACEMENT_3D('',#6092,#4939,#4940);
#4312=AXIS2_PLACEMENT_3D('',#6093,#4941,#4942);
#4313=AXIS2_PLACEMENT_3D('',#6124,#4943,#4944);
#4314=AXIS2_PLACEMENT_3D('',#6134,#4945,#4946);
#4315=AXIS2_PLACEMENT_3D('',#6142,#4947,#4948);
#4316=AXIS2_PLACEMENT_3D('',#6145,#4949,#4950);
#4317=AXIS2_PLACEMENT_3D('',#6154,#4951,#4952);
#4318=AXIS2_PLACEMENT_3D('',#6156,#4953,#4954);
#4319=AXIS2_PLACEMENT_3D('',#6158,#4955,#4956);
#4320=AXIS2_PLACEMENT_3D('',#6167,#4957,#4958);
#4321=AXIS2_PLACEMENT_3D('',#6175,#4959,#4960);
#4322=AXIS2_PLACEMENT_3D('',#6177,#4961,#4962);
#4323=AXIS2_PLACEMENT_3D('',#6185,#4963,#4964);
#4324=AXIS2_PLACEMENT_3D('',#6187,#4965,#4966);
#4325=AXIS2_PLACEMENT_3D('',#6188,#4967,#4968);
#4326=AXIS2_PLACEMENT_3D('',#6190,#4969,#4970);
#4327=AXIS2_PLACEMENT_3D('',#6192,#4971,#4972);
#4328=AXIS2_PLACEMENT_3D('',#6193,#4973,#4974);
#4329=AXIS2_PLACEMENT_3D('',#6224,#4975,#4976);
#4330=AXIS2_PLACEMENT_3D('',#6234,#4977,#4978);
#4331=AXIS2_PLACEMENT_3D('',#6242,#4979,#4980);
#4332=AXIS2_PLACEMENT_3D('',#6245,#4981,#4982);
#4333=AXIS2_PLACEMENT_3D('',#6254,#4983,#4984);
#4334=AXIS2_PLACEMENT_3D('',#6256,#4985,#4986);
#4335=AXIS2_PLACEMENT_3D('',#6258,#4987,#4988);
#4336=AXIS2_PLACEMENT_3D('',#6267,#4989,#4990);
#4337=AXIS2_PLACEMENT_3D('',#6275,#4991,#4992);
#4338=AXIS2_PLACEMENT_3D('',#6277,#4993,#4994);
#4339=AXIS2_PLACEMENT_3D('',#6285,#4995,#4996);
#4340=AXIS2_PLACEMENT_3D('',#6287,#4997,#4998);
#4341=AXIS2_PLACEMENT_3D('',#6288,#4999,#5000);
#4342=AXIS2_PLACEMENT_3D('',#6290,#5001,#5002);
#4343=AXIS2_PLACEMENT_3D('',#6292,#5003,#5004);
#4344=AXIS2_PLACEMENT_3D('',#6293,#5005,#5006);
#4345=AXIS2_PLACEMENT_3D('',#6296,#5007,#5008);
#4346=AXIS2_PLACEMENT_3D('',#6306,#5009,#5010);
#4347=AXIS2_PLACEMENT_3D('',#6316,#5011,#5012);
#4348=AXIS2_PLACEMENT_3D('',#6325,#5013,#5014);
#4349=AXIS2_PLACEMENT_3D('',#6332,#5015,#5016);
#4350=AXIS2_PLACEMENT_3D('',#6335,#5017,#5018);
#4351=AXIS2_PLACEMENT_3D('',#6344,#5019,#5020);
#4352=AXIS2_PLACEMENT_3D('',#6346,#5021,#5022);
#4353=AXIS2_PLACEMENT_3D('',#6348,#5023,#5024);
#4354=AXIS2_PLACEMENT_3D('',#6357,#5025,#5026);
#4355=AXIS2_PLACEMENT_3D('',#6365,#5027,#5028);
#4356=AXIS2_PLACEMENT_3D('',#6367,#5029,#5030);
#4357=AXIS2_PLACEMENT_3D('',#6375,#5031,#5032);
#4358=AXIS2_PLACEMENT_3D('',#6377,#5033,#5034);
#4359=AXIS2_PLACEMENT_3D('',#6378,#5035,#5036);
#4360=AXIS2_PLACEMENT_3D('',#6380,#5037,#5038);
#4361=AXIS2_PLACEMENT_3D('',#6382,#5039,#5040);
#4362=AXIS2_PLACEMENT_3D('',#6383,#5041,#5042);
#4363=AXIS2_PLACEMENT_3D('',#6416,#5043,#5044);
#4364=AXIS2_PLACEMENT_3D('',#6425,#5045,#5046);
#4365=AXIS2_PLACEMENT_3D('',#6432,#5047,#5048);
#4366=AXIS2_PLACEMENT_3D('',#6435,#5049,#5050);
#4367=AXIS2_PLACEMENT_3D('',#6444,#5051,#5052);
#4368=AXIS2_PLACEMENT_3D('',#6446,#5053,#5054);
#4369=AXIS2_PLACEMENT_3D('',#6448,#5055,#5056);
#4370=AXIS2_PLACEMENT_3D('',#6457,#5057,#5058);
#4371=AXIS2_PLACEMENT_3D('',#6465,#5059,#5060);
#4372=AXIS2_PLACEMENT_3D('',#6467,#5061,#5062);
#4373=AXIS2_PLACEMENT_3D('',#6475,#5063,#5064);
#4374=AXIS2_PLACEMENT_3D('',#6477,#5065,#5066);
#4375=AXIS2_PLACEMENT_3D('',#6478,#5067,#5068);
#4376=AXIS2_PLACEMENT_3D('',#6480,#5069,#5070);
#4377=AXIS2_PLACEMENT_3D('',#6482,#5071,#5072);
#4378=AXIS2_PLACEMENT_3D('',#6483,#5073,#5074);
#4379=AXIS2_PLACEMENT_3D('',#6486,#5075,#5076);
#4380=AXIS2_PLACEMENT_3D('',#6496,#5077,#5078);
#4381=AXIS2_PLACEMENT_3D('',#6506,#5079,#5080);
#4382=AXIS2_PLACEMENT_3D('',#6515,#5081,#5082);
#4383=AXIS2_PLACEMENT_3D('',#6522,#5083,#5084);
#4384=AXIS2_PLACEMENT_3D('',#6525,#5085,#5086);
#4385=AXIS2_PLACEMENT_3D('',#6534,#5087,#5088);
#4386=AXIS2_PLACEMENT_3D('',#6536,#5089,#5090);
#4387=AXIS2_PLACEMENT_3D('',#6538,#5091,#5092);
#4388=AXIS2_PLACEMENT_3D('',#6547,#5093,#5094);
#4389=AXIS2_PLACEMENT_3D('',#6555,#5095,#5096);
#4390=AXIS2_PLACEMENT_3D('',#6557,#5097,#5098);
#4391=AXIS2_PLACEMENT_3D('',#6565,#5099,#5100);
#4392=AXIS2_PLACEMENT_3D('',#6567,#5101,#5102);
#4393=AXIS2_PLACEMENT_3D('',#6568,#5103,#5104);
#4394=AXIS2_PLACEMENT_3D('',#6570,#5105,#5106);
#4395=AXIS2_PLACEMENT_3D('',#6572,#5107,#5108);
#4396=AXIS2_PLACEMENT_3D('',#6573,#5109,#5110);
#4397=AXIS2_PLACEMENT_3D('',#6584,#5111,#5112);
#4398=AXIS2_PLACEMENT_3D('',#6593,#5113,#5114);
#4399=AXIS2_PLACEMENT_3D('',#6596,#5115,#5116);
#4400=AXIS2_PLACEMENT_3D('',#6605,#5117,#5118);
#4401=AXIS2_PLACEMENT_3D('',#6612,#5119,#5120);
#4402=AXIS2_PLACEMENT_3D('',#6622,#5121,#5122);
#4403=AXIS2_PLACEMENT_3D('',#6631,#5123,#5124);
#4404=AXIS2_PLACEMENT_3D('',#6633,#5125,#5126);
#4405=AXIS2_PLACEMENT_3D('',#6635,#5127,#5128);
#4406=AXIS2_PLACEMENT_3D('',#6645,#5129,#5130);
#4407=AXIS2_PLACEMENT_3D('',#6654,#5131,#5132);
#4408=AXIS2_PLACEMENT_3D('',#6655,#5133,#5134);
#4409=AXIS2_PLACEMENT_3D('',#6657,#5135,#5136);
#4410=AXIS2_PLACEMENT_3D('',#6659,#5137,#5138);
#4411=AXIS2_PLACEMENT_3D('',#6660,#5139,#5140);
#4412=AXIS2_PLACEMENT_3D('',#6663,#5141,#5142);
#4413=AXIS2_PLACEMENT_3D('',#6672,#5143,#5144);
#4414=AXIS2_PLACEMENT_3D('',#6674,#5145,#5146);
#4415=AXIS2_PLACEMENT_3D('',#6676,#5147,#5148);
#4416=AXIS2_PLACEMENT_3D('',#6686,#5149,#5150);
#4417=AXIS2_PLACEMENT_3D('',#6695,#5151,#5152);
#4418=AXIS2_PLACEMENT_3D('',#6697,#5153,#5154);
#4419=AXIS2_PLACEMENT_3D('',#6705,#5155,#5156);
#4420=AXIS2_PLACEMENT_3D('',#6707,#5157,#5158);
#4421=AXIS2_PLACEMENT_3D('',#6708,#5159,#5160);
#4422=AXIS2_PLACEMENT_3D('',#6710,#5161,#5162);
#4423=AXIS2_PLACEMENT_3D('',#6712,#5163,#5164);
#4424=AXIS2_PLACEMENT_3D('',#6713,#5165,#5166);
#4425=AXIS2_PLACEMENT_3D('',#6716,#5167,#5168);
#4426=AXIS2_PLACEMENT_3D('',#6725,#5169,#5170);
#4427=AXIS2_PLACEMENT_3D('',#6734,#5171,#5172);
#4428=AXIS2_PLACEMENT_3D('',#6744,#5173,#5174);
#4429=AXIS2_PLACEMENT_3D('',#6752,#5175,#5176);
#4430=AXIS2_PLACEMENT_3D('',#6753,#5177,#5178);
#4431=AXIS2_PLACEMENT_3D('',#6754,#5179,#5180);
#4432=AXIS2_PLACEMENT_3D('',#6755,#5181,#5182);
#4433=AXIS2_PLACEMENT_3D('',#6756,#5183,#5184);
#4434=AXIS2_PLACEMENT_3D('',#6757,#5185,#5186);
#4435=AXIS2_PLACEMENT_3D('',#6758,#5187,#5188);
#4436=AXIS2_PLACEMENT_3D('',#6759,#5189,#5190);
#4437=AXIS2_PLACEMENT_3D('',#6760,#5191,#5192);
#4438=AXIS2_PLACEMENT_3D('',#6761,#5193,#5194);
#4439=AXIS2_PLACEMENT_3D('',#6762,#5195,#5196);
#4440=AXIS2_PLACEMENT_3D('',#6763,#5197,#5198);
#4441=AXIS2_PLACEMENT_3D('',#6764,#5199,#5200);
#4442=AXIS2_PLACEMENT_3D('',#6765,#5201,#5202);
#4443=AXIS2_PLACEMENT_3D('',#6766,#5203,#5204);
#4444=AXIS2_PLACEMENT_3D('',#6767,#5205,#5206);
#4445=AXIS2_PLACEMENT_3D('',#6768,#5207,#5208);
#4446=AXIS2_PLACEMENT_3D('',#6769,#5209,#5210);
#4447=AXIS2_PLACEMENT_3D('',#6770,#5211,#5212);
#4448=AXIS2_PLACEMENT_3D('',#6771,#5213,#5214);
#4449=AXIS2_PLACEMENT_3D('',#6772,#5215,#5216);
#4450=AXIS2_PLACEMENT_3D('',#6773,#5217,#5218);
#4451=AXIS2_PLACEMENT_3D('',#6774,#5219,#5220);
#4452=AXIS2_PLACEMENT_3D('',#6775,#5221,#5222);
#4453=AXIS2_PLACEMENT_3D('',#6776,#5223,#5224);
#4454=AXIS2_PLACEMENT_3D('',#6777,#5225,#5226);
#4455=AXIS2_PLACEMENT_3D('',#6778,#5227,#5228);
#4456=AXIS2_PLACEMENT_3D('',#6779,#5229,#5230);
#4457=AXIS2_PLACEMENT_3D('',#6780,#5231,#5232);
#4458=AXIS2_PLACEMENT_3D('',#6781,#5233,#5234);
#4459=AXIS2_PLACEMENT_3D('',#6782,#5235,#5236);
#4460=AXIS2_PLACEMENT_3D('',#6783,#5237,#5238);
#4461=AXIS2_PLACEMENT_3D('',#6784,#5239,#5240);
#4462=AXIS2_PLACEMENT_3D('',#6785,#5241,#5242);
#4463=AXIS2_PLACEMENT_3D('',#6786,#5243,#5244);
#4464=AXIS2_PLACEMENT_3D('',#6787,#5245,#5246);
#4465=AXIS2_PLACEMENT_3D('',#6788,#5247,#5248);
#4466=AXIS2_PLACEMENT_3D('',#6789,#5249,#5250);
#4467=AXIS2_PLACEMENT_3D('',#6790,#5251,#5252);
#4468=AXIS2_PLACEMENT_3D('',#6791,#5253,#5254);
#4469=AXIS2_PLACEMENT_3D('',#6792,#5255,#5256);
#4470=AXIS2_PLACEMENT_3D('',#6793,#5257,#5258);
#4471=AXIS2_PLACEMENT_3D('',#6794,#5259,#5260);
#4472=AXIS2_PLACEMENT_3D('',#6795,#5261,#5262);
#4473=AXIS2_PLACEMENT_3D('',#6796,#5263,#5264);
#4474=AXIS2_PLACEMENT_3D('',#6797,#5265,#5266);
#4475=AXIS2_PLACEMENT_3D('',#6798,#5267,#5268);
#4476=AXIS2_PLACEMENT_3D('',#6799,#5269,#5270);
#4477=AXIS2_PLACEMENT_3D('',#6800,#5271,#5272);
#4478=AXIS2_PLACEMENT_3D('',#6801,#5273,#5274);
#4479=AXIS2_PLACEMENT_3D('',#6802,#5275,#5276);
#4480=AXIS2_PLACEMENT_3D('',#6803,#5277,#5278);
#4481=AXIS2_PLACEMENT_3D('',#6804,#5279,#5280);
#4482=AXIS2_PLACEMENT_3D('',#6805,#5281,#5282);
#4483=AXIS2_PLACEMENT_3D('',#6806,#5283,#5284);
#4484=AXIS2_PLACEMENT_3D('',#6807,#5285,#5286);
#4485=AXIS2_PLACEMENT_3D('',#6808,#5287,#5288);
#4486=AXIS2_PLACEMENT_3D('',#6809,#5289,#5290);
#4487=AXIS2_PLACEMENT_3D('',#6810,#5291,#5292);
#4488=AXIS2_PLACEMENT_3D('',#6811,#5293,#5294);
#4489=AXIS2_PLACEMENT_3D('',#6812,#5295,#5296);
#4490=AXIS2_PLACEMENT_3D('',#6813,#5297,#5298);
#4491=AXIS2_PLACEMENT_3D('',#6814,#5299,#5300);
#4492=AXIS2_PLACEMENT_3D('',#6815,#5301,#5302);
#4493=AXIS2_PLACEMENT_3D('',#6816,#5303,#5304);
#4494=AXIS2_PLACEMENT_3D('',#6817,#5305,#5306);
#4495=AXIS2_PLACEMENT_3D('',#6818,#5307,#5308);
#4496=AXIS2_PLACEMENT_3D('',#6819,#5309,#5310);
#4497=AXIS2_PLACEMENT_3D('',#6820,#5311,#5312);
#4498=AXIS2_PLACEMENT_3D('',#6821,#5313,#5314);
#4499=AXIS2_PLACEMENT_3D('',#6822,#5315,#5316);
#4500=AXIS2_PLACEMENT_3D('',#6823,#5317,#5318);
#4501=AXIS2_PLACEMENT_3D('',#6824,#5319,#5320);
#4502=AXIS2_PLACEMENT_3D('',#6825,#5321,#5322);
#4503=AXIS2_PLACEMENT_3D('',#6826,#5323,#5324);
#4504=AXIS2_PLACEMENT_3D('',#6827,#5325,#5326);
#4505=AXIS2_PLACEMENT_3D('',#6828,#5327,#5328);
#4506=AXIS2_PLACEMENT_3D('',#6829,#5329,#5330);
#4507=AXIS2_PLACEMENT_3D('',#6830,#5331,#5332);
#4508=AXIS2_PLACEMENT_3D('',#6831,#5333,#5334);
#4509=AXIS2_PLACEMENT_3D('',#6832,#5335,#5336);
#4510=AXIS2_PLACEMENT_3D('',#6833,#5337,#5338);
#4511=AXIS2_PLACEMENT_3D('',#6834,#5339,#5340);
#4512=AXIS2_PLACEMENT_3D('',#6835,#5341,#5342);
#4513=AXIS2_PLACEMENT_3D('',#6836,#5343,#5344);
#4514=AXIS2_PLACEMENT_3D('',#6837,#5345,#5346);
#4515=AXIS2_PLACEMENT_3D('',#6838,#5347,#5348);
#4516=AXIS2_PLACEMENT_3D('',#6839,#5349,#5350);
#4517=AXIS2_PLACEMENT_3D('',#6840,#5351,#5352);
#4518=AXIS2_PLACEMENT_3D('',#6841,#5353,#5354);
#4519=AXIS2_PLACEMENT_3D('',#6842,#5355,#5356);
#4520=AXIS2_PLACEMENT_3D('',#6843,#5357,#5358);
#4521=AXIS2_PLACEMENT_3D('',#6844,#5359,#5360);
#4522=AXIS2_PLACEMENT_3D('',#6845,#5361,#5362);
#4523=AXIS2_PLACEMENT_3D('',#6846,#5363,#5364);
#4524=AXIS2_PLACEMENT_3D('',#6847,#5365,#5366);
#4525=AXIS2_PLACEMENT_3D('',#6848,#5367,#5368);
#4526=AXIS2_PLACEMENT_3D('',#6849,#5369,#5370);
#4527=AXIS2_PLACEMENT_3D('',#6850,#5371,#5372);
#4528=AXIS2_PLACEMENT_3D('',#6851,#5373,#5374);
#4529=AXIS2_PLACEMENT_3D('',#6852,#5375,#5376);
#4530=AXIS2_PLACEMENT_3D('',#6853,#5377,#5378);
#4531=AXIS2_PLACEMENT_3D('',#6854,#5379,#5380);
#4532=AXIS2_PLACEMENT_3D('',#6855,#5381,#5382);
#4533=AXIS2_PLACEMENT_3D('',#6856,#5383,#5384);
#4534=AXIS2_PLACEMENT_3D('',#6857,#5385,#5386);
#4535=AXIS2_PLACEMENT_3D('',#6858,#5387,#5388);
#4536=AXIS2_PLACEMENT_3D('',#6859,#5389,#5390);
#4537=AXIS2_PLACEMENT_3D('',#6860,#5391,#5392);
#4538=AXIS2_PLACEMENT_3D('',#6861,#5393,#5394);
#4539=AXIS2_PLACEMENT_3D('',#6862,#5395,#5396);
#4540=AXIS2_PLACEMENT_3D('',#6863,#5397,#5398);
#4541=AXIS2_PLACEMENT_3D('',#6864,#5399,#5400);
#4542=AXIS2_PLACEMENT_3D('',#6865,#5401,#5402);
#4543=AXIS2_PLACEMENT_3D('',#6866,#5403,#5404);
#4544=AXIS2_PLACEMENT_3D('',#6867,#5405,#5406);
#4545=AXIS2_PLACEMENT_3D('',#6868,#5407,#5408);
#4546=AXIS2_PLACEMENT_3D('',#6869,#5409,#5410);
#4547=AXIS2_PLACEMENT_3D('',#6870,#5411,#5412);
#4548=AXIS2_PLACEMENT_3D('',#6871,#5413,#5414);
#4549=AXIS2_PLACEMENT_3D('',#6872,#5415,#5416);
#4550=AXIS2_PLACEMENT_3D('',#6873,#5417,#5418);
#4551=AXIS2_PLACEMENT_3D('',#6874,#5419,#5420);
#4552=AXIS2_PLACEMENT_3D('',#6875,#5421,#5422);
#4553=AXIS2_PLACEMENT_3D('',#6876,#5423,#5424);
#4554=AXIS2_PLACEMENT_3D('',#6877,#5425,#5426);
#4555=AXIS2_PLACEMENT_3D('',#6878,#5427,#5428);
#4556=AXIS2_PLACEMENT_3D('',#6879,#5429,#5430);
#4557=AXIS2_PLACEMENT_3D('',#6887,#5432,#5433);
#4558=AXIS2_PLACEMENT_3D('',#6888,#5434,#5435);
#4559=AXIS2_PLACEMENT_3D('',#6926,#5437,#5438);
#4560=AXIS2_PLACEMENT_3D('',#6964,#5440,#5441);
#4561=AXIS2_PLACEMENT_3D('',#7002,#5443,#5444);
#4562=AXIS2_PLACEMENT_3D('',#7040,#5446,#5447);
#4563=AXIS2_PLACEMENT_3D('',#7078,#5449,#5450);
#4564=AXIS2_PLACEMENT_3D('',#7116,#5452,#5453);
#4565=AXIS2_PLACEMENT_3D('',#7154,#5455,#5456);
#4566=AXIS2_PLACEMENT_3D('',#7192,#5458,#5459);
#4567=AXIS2_PLACEMENT_3D('',#7230,#5461,#5462);
#4568=AXIS2_PLACEMENT_3D('',#7268,#5464,#5465);
#4569=AXIS2_PLACEMENT_3D('',#7306,#5467,#5468);
#4570=AXIS2_PLACEMENT_3D('',#7344,#5470,#5471);
#4571=AXIS2_PLACEMENT_3D('',#7382,#5473,#5474);
#4572=AXIS2_PLACEMENT_3D('',#7420,#5476,#5477);
#4573=AXIS2_PLACEMENT_3D('',#7458,#5479,#5480);
#4574=AXIS2_PLACEMENT_3D('',#7496,#5482,#5483);
#4575=AXIS2_PLACEMENT_3D('',#7534,#5485,#5486);
#4576=AXIS2_PLACEMENT_3D('',#7572,#5488,#5489);
#4577=AXIS2_PLACEMENT_3D('',#7610,#5491,#5492);
#4578=AXIS2_PLACEMENT_3D('',#7648,#5494,#5495);
#4579=AXIS2_PLACEMENT_3D('',#7686,#5497,#5498);
#4580=AXIS2_PLACEMENT_3D('',#7691,#5500,#5501);
#4581=AXIS2_PLACEMENT_3D('',#7726,#5502,#5503);
#4582=AXIS2_PLACEMENT_3D('',#7745,#5505,#5506);
#4583=AXIS2_PLACEMENT_3D('',#7754,#5507,#5508);
#4584=AXIS2_PLACEMENT_3D('',#7756,#5509,#5510);
#4585=AXIS2_PLACEMENT_3D('',#7765,#5512,#5513);
#4586=AXIS2_PLACEMENT_3D('',#7813,#5515,#5516);
#4587=AXIS2_PLACEMENT_3D('',#7829,#5518,#5519);
#4588=AXIS2_PLACEMENT_3D('',#7905,#5521,#5522);
#4589=AXIS2_PLACEMENT_3D('',#7981,#5524,#5525);
#4590=AXIS2_PLACEMENT_3D('',#8059,#5527,#5528);
#4591=AXIS2_PLACEMENT_3D('',#8135,#5530,#5531);
#4592=AXIS2_PLACEMENT_3D('',#8211,#5533,#5534);
#4593=AXIS2_PLACEMENT_3D('',#8287,#5536,#5537);
#4594=AXIS2_PLACEMENT_3D('',#8363,#5539,#5540);
#4595=AXIS2_PLACEMENT_3D('',#8439,#5542,#5543);
#4596=AXIS2_PLACEMENT_3D('',#8517,#5545,#5546);
#4597=AXIS2_PLACEMENT_3D('',#8593,#5548,#5549);
#4598=AXIS2_PLACEMENT_3D('',#8669,#5551,#5552);
#4599=AXIS2_PLACEMENT_3D('',#8745,#5554,#5555);
#4600=AXIS2_PLACEMENT_3D('',#8821,#5557,#5558);
#4601=AXIS2_PLACEMENT_3D('',#8897,#5560,#5561);
#4602=AXIS2_PLACEMENT_3D('',#8973,#5563,#5564);
#4603=AXIS2_PLACEMENT_3D('',#9051,#5566,#5567);
#4604=AXIS2_PLACEMENT_3D('',#9127,#5569,#5570);
#4605=AXIS2_PLACEMENT_3D('',#9203,#5572,#5573);
#4606=AXIS2_PLACEMENT_3D('',#9279,#5575,#5576);
#4607=AXIS2_PLACEMENT_3D('',#9355,#5578,#5579);
#4608=AXIS2_PLACEMENT_3D('',#9433,#5581,#5582);
#4609=AXIS2_PLACEMENT_3D('',#9509,#5584,#5585);
#4610=AXIS2_PLACEMENT_3D('',#9585,#5587,#5588);
#4611=AXIS2_PLACEMENT_3D('',#9620,#5590,#5591);
#4612=AXIS2_PLACEMENT_3D('',#9621,#5592,#5593);
#4613=AXIS2_PLACEMENT_3D('',#9623,#5594,#5595);
#4614=AXIS2_PLACEMENT_3D('',#9638,#5596,#5597);
#4615=AXIS2_PLACEMENT_3D('',#9649,#5598,#5599);
#4616=AXIS2_PLACEMENT_3D('',#9672,#5600,#5601);
#4617=AXIS2_PLACEMENT_3D('',#9749,#5602,#5603);
#4618=AXIS2_PLACEMENT_3D('',#9751,#5604,#5605);
#4619=AXIS2_PLACEMENT_3D('',#9753,#5606,#5607);
#4620=AXIS2_PLACEMENT_3D('',#9754,#5608,#5609);
#4621=AXIS2_PLACEMENT_3D('',#9755,#5610,#5611);
#4622=AXIS2_PLACEMENT_3D('',#9758,#5613,#5614);
#4623=AXIS2_PLACEMENT_3D('',#9759,#5615,#5616);
#4624=AXIS2_PLACEMENT_3D('',#9761,#5617,#5618);
#4625=AXIS2_PLACEMENT_3D('',#9762,#5619,#5620);
#4626=AXIS2_PLACEMENT_3D('',#9763,#5621,#5622);
#4627=AXIS2_PLACEMENT_3D('',#9783,#5624,#5625);
#4628=AXIS2_PLACEMENT_3D('',#9795,#5626,#5627);
#4629=AXIS2_PLACEMENT_3D('',#9808,#5634,#5635);
#4630=AXIS2_PLACEMENT_3D('',#9811,#5638,#5639);
#4631=AXIS2_PLACEMENT_3D('',#9813,#5641,#5642);
#4632=AXIS2_PLACEMENT_3D('',#9815,#5644,#5645);
#4633=AXIS2_PLACEMENT_3D('',#9817,#5647,#5648);
#4634=AXIS2_PLACEMENT_3D('',#9819,#5650,#5651);
#4635=AXIS2_PLACEMENT_3D('',#9820,#5652,#5653);
#4636=AXIS2_PLACEMENT_3D('',#9821,#5654,#5655);
#4637=AXIS2_PLACEMENT_3D('',#9822,#5656,#5657);
#4638=AXIS2_PLACEMENT_3D('',#10628,#5658,#5659);
#4639=AXIS2_PLACEMENT_3D('',#11431,#5660,#5661);
#4640=AXIS2_PLACEMENT_3D('',#11432,#5662,#5663);
#4641=AXIS2_PLACEMENT_3D('',#11433,#5664,#5665);
#4642=AXIS2_PLACEMENT_3D('',#11434,#5666,#5667);
#4643=AXIS2_PLACEMENT_3D('',#11436,#5668,#5669);
#4644=AXIS2_PLACEMENT_3D('',#11438,#5670,#5671);
#4645=AXIS2_PLACEMENT_3D('',#11439,#5672,#5673);
#4646=AXIS2_PLACEMENT_3D('',#11440,#5674,#5675);
#4647=AXIS2_PLACEMENT_3D('',#11451,#5677,#5678);
#4648=AXIS2_PLACEMENT_3D('',#11458,#5679,#5680);
#4649=AXIS2_PLACEMENT_3D('',#11460,#5681,#5682);
#4650=AXIS2_PLACEMENT_3D('',#11461,#5683,#5684);
#4651=AXIS2_PLACEMENT_3D('',#11544,#5688,#5689);
#4652=AXIS2_PLACEMENT_3D('',#11549,#5692,#5693);
#4653=AXIS2_PLACEMENT_3D('',#11551,#5694,#5695);
#4654=AXIS2_PLACEMENT_3D('',#11552,#5696,#5697);
#4655=AXIS2_PLACEMENT_3D('',#11553,#5698,#5699);
#4656=AXIS2_PLACEMENT_3D('',#11557,#5701,#5702);
#4657=AXIS2_PLACEMENT_3D('',#11561,#5704,#5705);
#4658=AXIS2_PLACEMENT_3D('',#11563,#5707,#5708);
#4659=AXIS2_PLACEMENT_3D('',#11567,#5710,#5711);
#4660=AXIS2_PLACEMENT_3D('',#11571,#5713,#5714);
#4661=AXIS2_PLACEMENT_3D('',#11573,#5716,#5717);
#4662=AXIS2_PLACEMENT_3D('',#11576,#5719,#5720);
#4663=AXIS2_PLACEMENT_3D('',#11577,#5721,#5722);
#4664=AXIS2_PLACEMENT_3D('',#11578,#5723,#5724);
#4665=AXIS2_PLACEMENT_3D('',#11579,#5725,#5726);
#4666=AXIS2_PLACEMENT_3D('',#11588,#5731,#5732);
#4667=AXIS2_PLACEMENT_3D('',#11592,#5734,#5735);
#4668=AXIS2_PLACEMENT_3D('',#11611,#5737,#5738);
#4669=AXIS2_PLACEMENT_3D('',#11612,#5739,#5740);
#4670=AXIS2_PLACEMENT_3D('',#11613,#5741,#5742);
#4671=AXIS2_PLACEMENT_3D('',#11614,#5743,#5744);
#4672=AXIS2_PLACEMENT_3D('',#11617,#5747,#5748);
#4673=AXIS2_PLACEMENT_3D('',#11619,#5749,#5750);
#4674=AXIS2_PLACEMENT_3D('',#11620,#5751,#5752);
#4675=AXIS2_PLACEMENT_3D('',#11623,#5754,#5755);
#4676=AXIS2_PLACEMENT_3D('',#11624,#5756,#5757);
#4677=AXIS2_PLACEMENT_3D('',#11628,#5759,#5760);
#4678=AXIS2_PLACEMENT_3D('',#11630,#5762,#5763);
#4679=AXIS2_PLACEMENT_3D('',#11633,#5766,#5767);
#4680=AXIS2_PLACEMENT_3D('',#11637,#5769,#5770);
#4681=AXIS2_PLACEMENT_3D('',#11656,#5772,#5773);
#4682=AXIS2_PLACEMENT_3D('',#11657,#5774,#5775);
#4683=AXIS2_PLACEMENT_3D('',#11658,#5776,#5777);
#4684=AXIS2_PLACEMENT_3D('',#11659,#5778,#5779);
#4685=AXIS2_PLACEMENT_3D('',#11662,#5782,#5783);
#4686=AXIS2_PLACEMENT_3D('',#11664,#5784,#5785);
#4687=AXIS2_PLACEMENT_3D('',#11665,#5786,#5787);
#4688=AXIS2_PLACEMENT_3D('',#11668,#5789,#5790);
#4689=AXIS2_PLACEMENT_3D('',#11669,#5791,#5792);
#4690=AXIS2_PLACEMENT_3D('',#11673,#5795,#5796);
#4691=AXIS2_PLACEMENT_3D('',#11674,#5797,#5798);
#4692=AXIS2_PLACEMENT_3D('',#11678,#5801,#5802);
#4693=AXIS2_PLACEMENT_3D('',#11679,#5803,#5804);
#4694=AXIS2_PLACEMENT_3D('',#11680,#5805,#5806);
#4695=AXIS2_PLACEMENT_3D('',#11681,#5807,#5808);
#4696=AXIS2_PLACEMENT_3D('',#11682,#5809,#5810);
#4697=AXIS2_PLACEMENT_3D('',#11691,#5815,#5816);
#4698=AXIS2_PLACEMENT_3D('',#11695,#5818,#5819);
#4699=AXIS2_PLACEMENT_3D('',#11699,#5821,#5822);
#4700=AXIS2_PLACEMENT_3D('',#11701,#5824,#5825);
#4701=AXIS2_PLACEMENT_3D('',#11709,#5830,#5831);
#4702=AXIS2_PLACEMENT_3D('',#11713,#5833,#5834);
#4703=AXIS2_PLACEMENT_3D('',#11716,#5836,#5837);
#4704=AXIS2_PLACEMENT_3D('',#11725,#5842,#5843);
#4705=AXIS2_PLACEMENT_3D('',#11731,#5847,#5848);
#4706=AXIS2_PLACEMENT_3D('',#11733,#5849,#5850);
#4707=AXIS2_PLACEMENT_3D('',#11736,#5852,#5853);
#4708=AXIS2_PLACEMENT_3D('',#11737,#5854,#5855);
#4709=AXIS2_PLACEMENT_3D('',#11740,#5856,#5857);
#4710=AXIS2_PLACEMENT_3D('',#11743,#5860,#5861);
#4711=AXIS2_PLACEMENT_3D('',#11747,#5863,#5864);
#4712=AXIS2_PLACEMENT_3D('',#11749,#5866,#5867);
#4713=AXIS2_PLACEMENT_3D('',#11751,#5869,#5870);
#4714=AXIS2_PLACEMENT_3D('',#11753,#5872,#5873);
#4715=AXIS2_PLACEMENT_3D('',#11754,#5874,#5875);
#4716=AXIS2_PLACEMENT_3D('',#11757,#5877,#5878);
#4717=AXIS2_PLACEMENT_3D('',#11758,#5879,#5880);
#4718=AXIS2_PLACEMENT_3D('',#11762,#5883,#5884);
#4719=AXIS2_PLACEMENT_3D('',#11763,#5885,#5886);
#4720=AXIS2_PLACEMENT_3D('',#11764,#5887,#5888);
#4721=AXIS2_PLACEMENT_3D('',#11766,#5889,#5890);
#4722=AXIS2_PLACEMENT_3D('',#11768,#5892,#5893);
#4723=AXIS2_PLACEMENT_3D('',#11772,#5896,#5897);
#4724=AXIS2_PLACEMENT_3D('',#11773,#5898,#5899);
#4725=AXIS2_PLACEMENT_3D('',#11774,#5900,#5901);
#4726=AXIS2_PLACEMENT_3D('',#11775,#5902,#5903);
#4727=AXIS2_PLACEMENT_3D('',#11776,#5904,#5905);
#4728=AXIS2_PLACEMENT_3D('',#11778,#5906,#5907);
#4729=AXIS2_PLACEMENT_3D('',#11780,#5908,#5909);
#4730=AXIS2_PLACEMENT_3D('',#11781,#5910,#5911);
#4731=AXIS2_PLACEMENT_3D('',#11784,#5913,#5914);
#4732=AXIS2_PLACEMENT_3D('',#11785,#5915,#5916);
#4733=AXIS2_PLACEMENT_3D('',#11788,#5918,#5919);
#4734=AXIS2_PLACEMENT_3D('',#11789,#5920,#5921);
#4735=AXIS2_PLACEMENT_3D('',#11790,#5922,#5923);
#4736=AXIS2_PLACEMENT_3D('',#11791,#5924,#5925);
#4737=AXIS2_PLACEMENT_3D('',#11792,#5926,#5927);
#4738=AXIS2_PLACEMENT_3D('',#11793,#5928,#5929);
#4739=AXIS2_PLACEMENT_3D('',#11794,#5930,#5931);
#4740=AXIS2_PLACEMENT_3D('',#11795,#5932,#5933);
#4741=DIRECTION('axis',(0.,0.,1.));
#4742=DIRECTION('refdir',(1.,0.,0.));
#4743=DIRECTION('axis',(0.,0.,1.));
#4744=DIRECTION('refdir',(1.,0.,0.));
#4745=DIRECTION('center_axis',(0.,-1.83697019872103E-16,1.));
#4746=DIRECTION('ref_axis',(0.,-1.,-1.83697019872103E-16));
#4747=DIRECTION('center_axis',(0.,-1.83697019872103E-16,1.));
#4748=DIRECTION('ref_axis',(0.,-1.,-1.83697019872103E-16));
#4749=DIRECTION('center_axis',(1.,1.22464679914735E-16,2.24963967399279E-32));
#4750=DIRECTION('ref_axis',(-1.22464679914735E-16,1.,1.83697019872103E-16));
#4751=DIRECTION('center_axis',(0.,-1.83697019872103E-16,1.));
#4752=DIRECTION('ref_axis',(0.,-1.,-1.83697019872103E-16));
#4753=DIRECTION('center_axis',(0.,1.83697019872103E-16,-1.));
#4754=DIRECTION('ref_axis',(0.,1.,1.96282523690635E-16));
#4755=DIRECTION('center_axis',(0.,1.83697019872103E-16,-1.));
#4756=DIRECTION('ref_axis',(0.,1.,1.83697019872103E-16));
#4757=DIRECTION('center_axis',(0.,1.83697019872103E-16,-1.));
#4758=DIRECTION('ref_axis',(0.,1.,1.83697019872103E-16));
#4759=DIRECTION('center_axis',(-1.,1.22464679914735E-16,2.24963967399279E-32));
#4760=DIRECTION('ref_axis',(-1.22464679914735E-16,-1.,-1.22676577306647E-16));
#4761=DIRECTION('center_axis',(0.,-1.83697019872103E-16,1.));
#4762=DIRECTION('ref_axis',(0.,1.,1.83697019872103E-16));
#4763=DIRECTION('center_axis',(0.,-1.83697019872103E-16,1.));
#4764=DIRECTION('ref_axis',(0.,1.,1.83697019872103E-16));
#4765=DIRECTION('center_axis',(0.,1.83697019872103E-16,-1.));
#4766=DIRECTION('ref_axis',(0.,1.,1.96282523690635E-16));
#4767=DIRECTION('center_axis',(0.,1.83697019872103E-16,-1.));
#4768=DIRECTION('ref_axis',(0.,1.,1.83697019872103E-16));
#4769=DIRECTION('center_axis',(0.,1.83697019872103E-16,-1.));
#4770=DIRECTION('ref_axis',(0.,1.,1.83697019872103E-16));
#4771=DIRECTION('center_axis',(-1.,1.22464679914735E-16,2.24963967399279E-32));
#4772=DIRECTION('ref_axis',(-1.22464679914735E-16,-1.,-1.22676577306647E-16));
#4773=DIRECTION('center_axis',(0.,-1.83697019872103E-16,1.));
#4774=DIRECTION('ref_axis',(0.,-1.,-1.83697019872103E-16));
#4775=DIRECTION('center_axis',(0.,-1.83697019872103E-16,1.));
#4776=DIRECTION('ref_axis',(0.,-1.,-1.83697019872103E-16));
#4777=DIRECTION('',(-8.6595605623548E-17,0.707106781186537,0.707106781186558));
#4778=DIRECTION('center_axis',(0.,-1.83697019872103E-16,1.));
#4779=DIRECTION('ref_axis',(0.,-1.,-1.83697019872103E-16));
#4780=DIRECTION('center_axis',(0.,-1.83697019872103E-16,1.));
#4781=DIRECTION('ref_axis',(0.,-1.,-1.83697019872103E-16));
#4782=DIRECTION('',(0.,-1.83697019872103E-16,1.));
#4783=DIRECTION('center_axis',(0.,1.83697019872103E-16,-1.));
#4784=DIRECTION('ref_axis',(0.,1.,1.83697019872103E-16));
#4785=DIRECTION('',(-8.6595605623548E-17,-0.707106781186537,-0.707106781186558));
#4786=DIRECTION('center_axis',(0.,-1.83697019872103E-16,1.));
#4787=DIRECTION('ref_axis',(0.,-1.,-1.83697019872103E-16));
#4788=DIRECTION('center_axis',(0.,-1.83697019872103E-16,1.));
#4789=DIRECTION('ref_axis',(0.,-1.,-1.83697019872103E-16));
#4790=DIRECTION('',(0.,1.83697019872103E-16,-1.));
#4791=DIRECTION('center_axis',(0.,-1.83697019872103E-16,1.));
#4792=DIRECTION('ref_axis',(0.,-1.,-1.83697019872103E-16));
#4793=DIRECTION('center_axis',(0.,-1.83697019872103E-16,1.));
#4794=DIRECTION('ref_axis',(0.,-1.,-1.83697019872103E-16));
#4795=DIRECTION('center_axis',(0.,-1.83697019872103E-16,1.));
#4796=DIRECTION('ref_axis',(0.,-1.,-1.83697019872103E-16));
#4797=DIRECTION('',(0.,1.83697019872103E-16,-1.));
#4798=DIRECTION('center_axis',(0.,1.83697019872103E-16,-1.));
#4799=DIRECTION('ref_axis',(0.,1.,1.83697019872103E-16));
#4800=DIRECTION('center_axis',(0.,-1.83697019872103E-16,1.));
#4801=DIRECTION('ref_axis',(0.,-1.,-1.83697019872103E-16));
#4802=DIRECTION('center_axis',(-1.,0.,0.));
#4803=DIRECTION('ref_axis',(0.,1.,0.));
#4804=DIRECTION('center_axis',(0.,1.22464679914735E-16,1.));
#4805=DIRECTION('ref_axis',(0.,-1.,1.22464679914735E-16));
#4806=DIRECTION('center_axis',(-0.623489801858732,0.781831482468031,1.43620113371566E-16));
#4807=DIRECTION('ref_axis',(0.781831482468031,0.623489801858732,-6.91638013500059E-17));
#4808=DIRECTION('center_axis',(2.39366855619276E-16,7.19167766472544E-18,
1.));
#4809=DIRECTION('ref_axis',(-0.781831482468031,-0.623489801858732,1.91628481264741E-16));
#4810=DIRECTION('center_axis',(0.222520933956318,0.974927912181823,1.79091352057932E-16));
#4811=DIRECTION('ref_axis',(0.974927912181823,-0.222520933956318,-2.24573452299035E-16));
#4812=DIRECTION('center_axis',(2.9848558676322E-16,-2.51824407250324E-16,
1.));
#4813=DIRECTION('ref_axis',(-0.974927912181823,0.222520933956318,3.47038132213771E-16));
#4814=DIRECTION('center_axis',(0.900968867902422,0.433883739117553,7.97031498468593E-17));
#4815=DIRECTION('ref_axis',(0.433883739117553,-0.900968867902422,-3.4920231590332E-16));
#4816=DIRECTION('center_axis',(1.32838583078099E-16,-4.59539179924132E-16,
1.));
#4817=DIRECTION('ref_axis',(-0.433883739117553,0.900968867902422,4.71666995818056E-16));
#4818=DIRECTION('center_axis',(0.900968867902416,-0.433883739117565,-7.97031498468618E-17));
#4819=DIRECTION('ref_axis',(-0.433883739117565,-0.900968867902416,-3.49202315903319E-16));
#4820=DIRECTION('center_axis',(-1.32838583078103E-16,-4.5953917992413E-16,
1.));
#4821=DIRECTION('ref_axis',(0.433883739117565,0.900968867902416,4.71666995818054E-16));
#4822=DIRECTION('center_axis',(0.222520933956305,-0.974927912181826,-1.79091352057933E-16));
#4823=DIRECTION('ref_axis',(-0.974927912181826,-0.222520933956305,-2.24573452299033E-16));
#4824=DIRECTION('center_axis',(-2.98485586763221E-16,-2.5182440725032E-16,
1.));
#4825=DIRECTION('ref_axis',(0.974927912181826,0.222520933956305,3.47038132213768E-16));
#4826=DIRECTION('center_axis',(-0.623489801858743,-0.781831482468022,-1.43620113371564E-16));
#4827=DIRECTION('ref_axis',(-0.781831482468022,0.623489801858743,-6.91638013500039E-17));
#4828=DIRECTION('center_axis',(-2.39366855619273E-16,7.19167766472883E-18,
1.));
#4829=DIRECTION('ref_axis',(0.781831482468022,-0.623489801858743,1.91628481264739E-16));
#4830=DIRECTION('center_axis',(0.,1.83697019872103E-16,-1.));
#4831=DIRECTION('ref_axis',(0.,1.,2.06263466439823E-16));
#4832=DIRECTION('center_axis',(0.,1.83697019872103E-16,-1.));
#4833=DIRECTION('ref_axis',(0.,1.,1.83697019872103E-16));
#4834=DIRECTION('center_axis',(-1.,1.22464679914735E-16,2.24963967399279E-32));
#4835=DIRECTION('ref_axis',(-1.22464679914735E-16,-1.,-1.93371999787334E-16));
#4836=DIRECTION('center_axis',(0.,-1.83697019872103E-16,1.));
#4837=DIRECTION('ref_axis',(0.,1.,1.83697019872103E-16));
#4838=DIRECTION('center_axis',(0.,-1.83697019872103E-16,1.));
#4839=DIRECTION('ref_axis',(0.,1.,1.83697019872103E-16));
#4840=DIRECTION('center_axis',(0.,-1.83697019872103E-16,1.));
#4841=DIRECTION('ref_axis',(0.,-1.,-1.56994526637773E-16));
#4842=DIRECTION('center_axis',(0.,-1.83697019872103E-16,1.));
#4843=DIRECTION('ref_axis',(0.,-1.,-1.83697019872103E-16));
#4844=DIRECTION('center_axis',(-1.,-1.22464679914735E-16,-2.24963967399279E-32));
#4845=DIRECTION('ref_axis',(-1.22464679914735E-16,1.,1.96243158297216E-16));
#4846=DIRECTION('center_axis',(0.,1.83697019872103E-16,-1.));
#4847=DIRECTION('ref_axis',(0.,-1.,-1.83697019872103E-16));
#4848=DIRECTION('center_axis',(0.,-1.83697019872103E-16,1.));
#4849=DIRECTION('ref_axis',(0.,-1.,-2.06263466439823E-16));
#4850=DIRECTION('center_axis',(0.,-1.83697019872103E-16,1.));
#4851=DIRECTION('ref_axis',(0.,-1.,-1.83697019872103E-16));
#4852=DIRECTION('center_axis',(-1.,-1.22464679914735E-16,-2.24963967399279E-32));
#4853=DIRECTION('ref_axis',(-1.22464679914735E-16,1.,1.93371999787334E-16));
#4854=DIRECTION('center_axis',(0.,1.83697019872103E-16,-1.));
#4855=DIRECTION('ref_axis',(0.,-1.,-1.83697019872103E-16));
#4856=DIRECTION('center_axis',(0.,1.83697019872103E-16,-1.));
#4857=DIRECTION('ref_axis',(0.,1.,1.56994526637773E-16));
#4858=DIRECTION('center_axis',(0.,1.83697019872103E-16,-1.));
#4859=DIRECTION('ref_axis',(0.,1.,1.83697019872103E-16));
#4860=DIRECTION('center_axis',(0.,1.83697019872103E-16,-1.));
#4861=DIRECTION('ref_axis',(0.,1.,1.83697019872103E-16));
#4862=DIRECTION('center_axis',(-1.,1.22464679914735E-16,2.24963967399279E-32));
#4863=DIRECTION('ref_axis',(-1.22464679914735E-16,-1.,-1.96243158297216E-16));
#4864=DIRECTION('center_axis',(0.,-1.83697019872103E-16,1.));
#4865=DIRECTION('ref_axis',(0.,1.,1.83697019872103E-16));
#4866=DIRECTION('center_axis',(0.,-1.83697019872103E-16,1.));
#4867=DIRECTION('ref_axis',(0.,-1.,-1.83697019872103E-16));
#4868=DIRECTION('center_axis',(0.,-1.83697019872103E-16,1.));
#4869=DIRECTION('ref_axis',(0.,-1.,-1.83697019872103E-16));
#4870=DIRECTION('',(0.,-1.83697019872103E-16,1.));
#4871=DIRECTION('center_axis',(0.,-1.83697019872103E-16,1.));
#4872=DIRECTION('ref_axis',(0.,-1.,-1.83697019872103E-16));
#4873=DIRECTION('center_axis',(0.,-1.83697019872103E-16,1.));
#4874=DIRECTION('ref_axis',(0.,-1.,-1.83697019872103E-16));
#4875=DIRECTION('center_axis',(0.,-1.83697019872103E-16,1.));
#4876=DIRECTION('ref_axis',(0.,-1.,-1.83697019872103E-16));
#4877=DIRECTION('',(0.,-1.83697019872103E-16,1.));
#4878=DIRECTION('center_axis',(0.,-1.83697019872103E-16,1.));
#4879=DIRECTION('ref_axis',(0.,-1.,-1.83697019872103E-16));
#4880=DIRECTION('',(0.,-1.83697019872103E-16,1.));
#4881=DIRECTION('center_axis',(0.,-1.83697019872103E-16,1.));
#4882=DIRECTION('ref_axis',(0.,-1.,-1.83697019872103E-16));
#4883=DIRECTION('center_axis',(0.,-1.83697019872103E-16,1.));
#4884=DIRECTION('ref_axis',(0.,-1.,-1.83697019872103E-16));
#4885=DIRECTION('center_axis',(1.,1.22464679914735E-16,2.24963967399279E-32));
#4886=DIRECTION('ref_axis',(-1.22464679914735E-16,1.,1.83697019872103E-16));
#4887=DIRECTION('center_axis',(0.,-1.83697019872103E-16,1.));
#4888=DIRECTION('ref_axis',(0.,-1.,-1.83697019872103E-16));
#4889=DIRECTION('center_axis',(0.,-1.83697019872103E-16,1.));
#4890=DIRECTION('ref_axis',(0.,-1.,-1.83697019872103E-16));
#4891=DIRECTION('',(0.,-1.83697019872103E-16,1.));
#4892=DIRECTION('center_axis',(0.,-1.83697019872103E-16,1.));
#4893=DIRECTION('ref_axis',(0.,-1.,-1.83697019872103E-16));
#4894=DIRECTION('',(0.,-1.83697019872103E-16,1.));
#4895=DIRECTION('center_axis',(0.,-1.83697019872103E-16,1.));
#4896=DIRECTION('ref_axis',(0.,-1.,-1.83697019872103E-16));
#4897=DIRECTION('center_axis',(0.,-1.83697019872103E-16,1.));
#4898=DIRECTION('ref_axis',(0.,-1.,-1.83697019872103E-16));
#4899=DIRECTION('center_axis',(0.,-1.83697019872103E-16,1.));
#4900=DIRECTION('ref_axis',(0.,-1.,-1.83697019872103E-16));
#4901=DIRECTION('',(0.,-1.83697019872103E-16,1.));
#4902=DIRECTION('center_axis',(0.,-1.83697019872103E-16,1.));
#4903=DIRECTION('ref_axis',(0.,-1.,-1.83697019872103E-16));
#4904=DIRECTION('center_axis',(0.,-1.83697019872103E-16,1.));
#4905=DIRECTION('ref_axis',(0.,-1.,-1.83697019872103E-16));
#4906=DIRECTION('center_axis',(0.,-1.83697019872103E-16,1.));
#4907=DIRECTION('ref_axis',(0.,-1.,-1.83697019872103E-16));
#4908=DIRECTION('',(8.6595605623548E-17,-0.707106781186537,-0.707106781186558));
#4909=DIRECTION('center_axis',(0.,-1.83697019872103E-16,1.));
#4910=DIRECTION('ref_axis',(0.,-1.,-1.83697019872103E-16));
#4911=DIRECTION('center_axis',(0.,1.83697019872103E-16,-1.));
#4912=DIRECTION('ref_axis',(0.,1.,1.83697019872103E-16));
#4913=DIRECTION('center_axis',(0.,-1.83697019872103E-16,1.));
#4914=DIRECTION('ref_axis',(0.,-1.,-1.83697019872103E-16));
#4915=DIRECTION('',(8.6595605623548E-17,0.707106781186537,0.707106781186558));
#4916=DIRECTION('center_axis',(0.,-1.83697019872103E-16,1.));
#4917=DIRECTION('ref_axis',(0.,-1.,-1.83697019872103E-16));
#4918=DIRECTION('center_axis',(0.,-1.83697019872103E-16,1.));
#4919=DIRECTION('ref_axis',(0.,-1.,-1.83697019872103E-16));
#4920=DIRECTION('center_axis',(0.,-1.83697019872103E-16,1.));
#4921=DIRECTION('ref_axis',(0.,-1.,-1.83697019872103E-16));
#4922=DIRECTION('',(0.,1.83697019872103E-16,-1.));
#4923=DIRECTION('center_axis',(0.,1.83697019872103E-16,-1.));
#4924=DIRECTION('ref_axis',(0.,1.,1.83697019872103E-16));
#4925=DIRECTION('center_axis',(0.,-1.83697019872103E-16,1.));
#4926=DIRECTION('ref_axis',(0.,-1.,-1.83697019872103E-16));
#4927=DIRECTION('center_axis',(0.,1.83697019872103E-16,-1.));
#4928=DIRECTION('ref_axis',(0.,1.,1.83697019872103E-16));
#4929=DIRECTION('center_axis',(0.,-1.83697019872103E-16,1.));
#4930=DIRECTION('ref_axis',(0.,-1.,-1.83697019872103E-16));
#4931=DIRECTION('center_axis',(0.,1.83697019872103E-16,-1.));
#4932=DIRECTION('ref_axis',(0.,1.,1.83697019872103E-16));
#4933=DIRECTION('center_axis',(0.,-1.83697019872103E-16,1.));
#4934=DIRECTION('ref_axis',(0.,-1.,-1.83697019872103E-16));
#4935=DIRECTION('center_axis',(-0.781831482468031,0.623489801858732,-6.91638013500059E-17));
#4936=DIRECTION('ref_axis',(0.,0.,1.));
#4937=DIRECTION('center_axis',(-0.781831482468031,0.623489801858732,-6.91638013500059E-17));
#4938=DIRECTION('ref_axis',(-5.40744373425995E-17,4.31229247995119E-17,
1.));
#4939=DIRECTION('center_axis',(-0.623489801858732,-0.781831482468031,1.9216171563912E-16));
#4940=DIRECTION('ref_axis',(0.,-2.45784059542496E-16,-1.));
#4941=DIRECTION('center_axis',(-0.781831482468031,0.623489801858732,-6.91638013500059E-17));
#4942=DIRECTION('ref_axis',(-5.40744373425995E-17,4.31229247995119E-17,
1.));
#4943=DIRECTION('center_axis',(1.72157309787011E-12,2.60803933843836E-12,
-1.));
#4944=DIRECTION('ref_axis',(0.633065739866036,0.77409803578608,3.10874707607457E-12));
#4945=DIRECTION('center_axis',(5.45603690775588E-13,5.66069634815493E-13,
-1.));
#4946=DIRECTION('ref_axis',(0.633065739881183,0.774098035773693,7.83596396604557E-13));
#4947=DIRECTION('center_axis',(0.623489801858732,0.781831482468031,6.12323399573677E-17));
#4948=DIRECTION('ref_axis',(0.,0.,1.));
#4949=DIRECTION('center_axis',(-1.79091352057932E-16,-2.24573452299036E-16,
1.));
#4950=DIRECTION('ref_axis',(-2.69422979296766E-33,-1.,-2.24573452299036E-16));
#4951=DIRECTION('center_axis',(-1.79091352057932E-16,-2.24573452299036E-16,
1.));
#4952=DIRECTION('ref_axis',(-2.69422979296766E-33,-1.,-2.24573452299036E-16));
#4953=DIRECTION('center_axis',(0.781831482468031,-0.623489801858732,0.));
#4954=DIRECTION('ref_axis',(0.,0.,-1.));
#4955=DIRECTION('center_axis',(-1.43620113371566E-16,-6.91638013500059E-17,
1.));
#4956=DIRECTION('ref_axis',(0.623489801858732,0.781831482468031,1.43620113371566E-16));
#4957=DIRECTION('center_axis',(-1.43620113371566E-16,-6.91638013500059E-17,
1.));
#4958=DIRECTION('ref_axis',(0.623489801858732,0.781831482468031,1.43620113371566E-16));
#4959=DIRECTION('center_axis',(-1.43620113371566E-16,-6.91638013500059E-17,
1.));
#4960=DIRECTION('ref_axis',(0.623489801858732,0.781831482468031,1.43620113371566E-16));
#4961=DIRECTION('center_axis',(-1.79091352057932E-16,-2.24573452299036E-16,
1.));
#4962=DIRECTION('ref_axis',(-2.69422979296766E-33,-1.,-2.24573452299036E-16));
#4963=DIRECTION('center_axis',(-0.781831482468031,0.623489801858732,-6.91638013500059E-17));
#4964=DIRECTION('ref_axis',(-5.40744373425995E-17,4.31229247995119E-17,
1.));
#4965=DIRECTION('center_axis',(-0.781831482468031,0.623489801858732,-6.91638013500059E-17));
#4966=DIRECTION('ref_axis',(-5.40744373425995E-17,4.31229247995119E-17,
1.));
#4967=DIRECTION('center_axis',(-0.974927912181823,-0.222520933956318,-2.24573452299036E-16));
#4968=DIRECTION('ref_axis',(0.,-1.96627247633996E-16,1.));
#4969=DIRECTION('center_axis',(-0.974927912181823,-0.222520933956318,-2.24573452299036E-16));
#4970=DIRECTION('ref_axis',(-1.74576302943622E-16,-2.44355174980806E-16,
1.));
#4971=DIRECTION('center_axis',(0.222520933956318,-0.974927912181823,-1.19810870008669E-16));
#4972=DIRECTION('ref_axis',(0.,1.22892029771248E-16,-1.));
#4973=DIRECTION('center_axis',(-0.974927912181823,-0.222520933956318,-2.24573452299036E-16));
#4974=DIRECTION('ref_axis',(-1.74576302943622E-16,-2.44355174980806E-16,
1.));
#4975=DIRECTION('center_axis',(-9.65568532420099E-13,2.97811775761602E-12,
-1.));
#4976=DIRECTION('ref_axis',(-0.21050418218285,0.977592956850411,3.11464315877515E-12));
#4977=DIRECTION('center_axis',(-1.01670376708279E-13,7.69516597583905E-13,
-1.));
#4978=DIRECTION('ref_axis',(-0.210504182165094,0.977592956854234,7.73676045479853E-13));
#4979=DIRECTION('center_axis',(-0.222520933956318,0.974927912181823,2.83578648641816E-16));
#4980=DIRECTION('ref_axis',(0.,-2.3353790290334E-16,1.));
#4981=DIRECTION('center_axis',(-7.97031498468594E-17,-3.4920231590332E-16,
1.));
#4982=DIRECTION('ref_axis',(-8.14860358484446E-34,-1.,-3.4920231590332E-16));
#4983=DIRECTION('center_axis',(-7.97031498468594E-17,-3.4920231590332E-16,
1.));
#4984=DIRECTION('ref_axis',(-8.14860358484435E-34,-1.,-3.4920231590332E-16));
#4985=DIRECTION('center_axis',(0.974927912181823,0.222520933956318,3.2479420167657E-17));
#4986=DIRECTION('ref_axis',(0.,1.45961189314588E-16,-1.));
#4987=DIRECTION('center_axis',(-1.79091352057932E-16,-2.24573452299036E-16,
1.));
#4988=DIRECTION('ref_axis',(-0.222520933956318,0.974927912181823,1.79091352057932E-16));
#4989=DIRECTION('center_axis',(-1.79091352057932E-16,-2.24573452299036E-16,
1.));
#4990=DIRECTION('ref_axis',(-0.222520933956318,0.974927912181823,1.79091352057932E-16));
#4991=DIRECTION('center_axis',(-1.79091352057932E-16,-2.24573452299036E-16,
1.));
#4992=DIRECTION('ref_axis',(-0.222520933956318,0.974927912181823,1.79091352057932E-16));
#4993=DIRECTION('center_axis',(-7.97031498468594E-17,-3.4920231590332E-16,
1.));
#4994=DIRECTION('ref_axis',(-8.14860358484435E-34,-1.,-3.4920231590332E-16));
#4995=DIRECTION('center_axis',(-0.974927912181823,-0.222520933956318,-2.24573452299036E-16));
#4996=DIRECTION('ref_axis',(-1.67941156500748E-16,-2.73425650974054E-16,
1.));
#4997=DIRECTION('center_axis',(-0.974927912181823,-0.222520933956318,-2.24573452299036E-16));
#4998=DIRECTION('ref_axis',(-1.67941156500748E-16,-2.73425650974054E-16,
1.));
#4999=DIRECTION('center_axis',(-0.433883739117553,-0.900968867902422,-3.4920231590332E-16));
#5000=DIRECTION('ref_axis',(0.,-3.93254495267993E-16,1.));
#5001=DIRECTION('center_axis',(-0.433883739117553,-0.900968867902422,-3.4920231590332E-16));
#5002=DIRECTION('ref_axis',(8.37858159509631E-18,-3.91620242146386E-16,
1.));
#5003=DIRECTION('center_axis',(0.900968867902422,-0.433883739117553,-2.13283413539578E-16));
#5004=DIRECTION('ref_axis',(0.,4.91568119084991E-16,-1.));
#5005=DIRECTION('center_axis',(-0.433883739117553,-0.900968867902422,-3.4920231590332E-16));
#5006=DIRECTION('ref_axis',(8.37858159509631E-18,-3.91620242146386E-16,
1.));
#5007=DIRECTION('center_axis',(-3.59976315938594E-14,8.97809989658106E-14,
-1.));
#5008=DIRECTION('ref_axis',(0.893355682653329,-0.449350224514247,-7.25018007888356E-14));
#5009=DIRECTION('center_axis',(5.12217480141051E-13,-1.91474665876515E-13,
-1.));
#5010=DIRECTION('ref_axis',(0.893355682645847,-0.449350224529122,5.43631580737795E-13));
#5011=DIRECTION('center_axis',(-2.94694819054832E-12,1.11135704284504E-12,
-1.));
#5012=DIRECTION('ref_axis',(0.895560161547021,-0.444940442137905,-3.1336570916147E-12));
#5013=DIRECTION('center_axis',(-6.66897393423653E-13,4.01080721156829E-13,
-1.));
#5014=DIRECTION('ref_axis',(0.895560161534678,-0.444940442162748,-7.75703770796015E-13));
#5015=DIRECTION('center_axis',(-0.900968867902422,0.433883739117552,2.59139173038175E-16));
#5016=DIRECTION('ref_axis',(0.,-4.6707580580668E-16,1.));
#5017=DIRECTION('center_axis',(7.97031498468617E-17,-3.49202315903319E-16,
1.));
#5018=DIRECTION('ref_axis',(8.14860358484572E-34,-1.,-3.49202315903319E-16));
#5019=DIRECTION('center_axis',(7.97031498468617E-17,-3.49202315903319E-16,
1.));
#5020=DIRECTION('ref_axis',(8.14860358484572E-34,-1.,-3.49202315903319E-16));
#5021=DIRECTION('center_axis',(0.433883739117553,0.900968867902422,5.2602594997782E-16));
#5022=DIRECTION('ref_axis',(0.,5.83844757258351E-16,-1.));
#5023=DIRECTION('center_axis',(-7.97031498468594E-17,-3.4920231590332E-16,
1.));
#5024=DIRECTION('ref_axis',(-0.900968867902422,0.433883739117553,7.97031498468595E-17));
#5025=DIRECTION('center_axis',(-7.97031498468594E-17,-3.4920231590332E-16,
1.));
#5026=DIRECTION('ref_axis',(-0.900968867902422,0.433883739117553,7.97031498468595E-17));
#5027=DIRECTION('center_axis',(-7.97031498468594E-17,-3.4920231590332E-16,
1.));
#5028=DIRECTION('ref_axis',(-0.900968867902422,0.433883739117553,7.97031498468595E-17));
#5029=DIRECTION('center_axis',(7.97031498468617E-17,-3.49202315903319E-16,
1.));
#5030=DIRECTION('ref_axis',(8.14860358484572E-34,-1.,-3.49202315903319E-16));
#5031=DIRECTION('center_axis',(-0.433883739117553,-0.900968867902422,-3.4920231590332E-16));
#5032=DIRECTION('ref_axis',(3.22908231111093E-17,-4.03135770739294E-16,
1.));
#5033=DIRECTION('center_axis',(-0.433883739117553,-0.900968867902422,-3.4920231590332E-16));
#5034=DIRECTION('ref_axis',(3.22908231111092E-17,-4.03135770739294E-16,
1.));
#5035=DIRECTION('center_axis',(0.433883739117565,-0.900968867902416,-3.49202315903319E-16));
#5036=DIRECTION('ref_axis',(0.,-3.93254495267993E-16,1.));
#5037=DIRECTION('center_axis',(0.433883739117565,-0.900968867902416,-3.49202315903319E-16));
#5038=DIRECTION('ref_axis',(-8.37858159509594E-18,-3.91620242146388E-16,
1.));
#5039=DIRECTION('center_axis',(0.900968867902416,0.433883739117565,2.13283413539585E-16));
#5040=DIRECTION('ref_axis',(0.,4.91568119084991E-16,-1.));
#5041=DIRECTION('center_axis',(0.433883739117565,-0.900968867902416,-3.49202315903319E-16));
#5042=DIRECTION('ref_axis',(-8.37858159509594E-18,-3.91620242146388E-16,
1.));
#5043=DIRECTION('center_axis',(-2.68878284392664E-12,-1.6034943202332E-12,
-1.));
#5044=DIRECTION('ref_axis',(0.906241073162893,0.4227613006326,-3.11458079436082E-12));
#5045=DIRECTION('center_axis',(-7.41634938871879E-13,-2.75724544370741E-13,
-1.));
#5046=DIRECTION('ref_axis',(0.906241073171618,0.422761300613898,-7.88665709894167E-13));
#5047=DIRECTION('center_axis',(-0.900968867902416,-0.433883739117565,-1.36674493123445E-16));
#5048=DIRECTION('ref_axis',(0.,-4.6707580580668E-16,1.));
#5049=DIRECTION('center_axis',(1.79091352057933E-16,-2.24573452299033E-16,
1.));
#5050=DIRECTION('ref_axis',(2.6942297929681E-33,-1.,-2.24573452299033E-16));
#5051=DIRECTION('center_axis',(1.79091352057933E-16,-2.24573452299033E-16,
1.));
#5052=DIRECTION('ref_axis',(2.6942297929681E-33,-1.,-2.24573452299033E-16));
#5053=DIRECTION('center_axis',(-0.433883739117565,0.900968867902416,5.26025949977817E-16));
#5054=DIRECTION('ref_axis',(0.,5.83844757258351E-16,-1.));
#5055=DIRECTION('center_axis',(7.97031498468617E-17,-3.49202315903319E-16,
1.));
#5056=DIRECTION('ref_axis',(-0.900968867902416,-0.433883739117565,-7.97031498468617E-17));
#5057=DIRECTION('center_axis',(7.97031498468617E-17,-3.49202315903319E-16,
1.));
#5058=DIRECTION('ref_axis',(-0.900968867902416,-0.433883739117565,-7.97031498468617E-17));
#5059=DIRECTION('center_axis',(7.97031498468617E-17,-3.49202315903319E-16,
1.));
#5060=DIRECTION('ref_axis',(-0.900968867902416,-0.433883739117565,-7.97031498468617E-17));
#5061=DIRECTION('center_axis',(1.79091352057933E-16,-2.24573452299033E-16,
1.));
#5062=DIRECTION('ref_axis',(2.6942297929681E-33,-1.,-2.24573452299033E-16));
#5063=DIRECTION('center_axis',(0.433883739117565,-0.900968867902416,-3.49202315903319E-16));
#5064=DIRECTION('ref_axis',(-3.22908231111095E-17,-4.03135770739296E-16,
1.));
#5065=DIRECTION('center_axis',(0.433883739117565,-0.900968867902416,-3.49202315903319E-16));
#5066=DIRECTION('ref_axis',(-3.22908231111094E-17,-4.03135770739296E-16,
1.));
#5067=DIRECTION('center_axis',(0.974927912181826,-0.222520933956305,-2.24573452299033E-16));
#5068=DIRECTION('ref_axis',(0.,-1.96627247633996E-16,1.));
#5069=DIRECTION('center_axis',(0.974927912181826,-0.222520933956305,-2.24573452299033E-16));
#5070=DIRECTION('ref_axis',(1.74576302943623E-16,-2.44355174980804E-16,
1.));
#5071=DIRECTION('center_axis',(0.222520933956305,0.974927912181826,3.59432610026008E-16));
#5072=DIRECTION('ref_axis',(0.,3.68676089313743E-16,-1.));
#5073=DIRECTION('center_axis',(0.974927912181826,-0.222520933956305,-2.24573452299033E-16));
#5074=DIRECTION('ref_axis',(1.74576302943623E-16,-2.44355174980804E-16,
1.));
#5075=DIRECTION('center_axis',(-6.02220279464069E-13,-3.50100659675524E-12,
-1.));
#5076=DIRECTION('ref_axis',(0.203846676347187,0.979002825604812,-3.55025595308209E-12));
#5077=DIRECTION('center_axis',(6.02590563707681E-13,3.49590871509471E-12,
-1.));
#5078=DIRECTION('ref_axis',(0.203846676341956,0.979002825605901,3.54534059374485E-12));
#5079=DIRECTION('center_axis',(-4.24747823875538E-13,-3.10654585693816E-12,
-1.));
#5080=DIRECTION('ref_axis',(0.234503972735736,0.972115161270082,-3.11952537882002E-12));
#5081=DIRECTION('center_axis',(-2.43009187277305E-13,-7.38226243642766E-13,
-1.));
#5082=DIRECTION('ref_axis',(0.234503972757035,0.972115161264944,-7.74627543721788E-13));
#5083=DIRECTION('center_axis',(-0.222520933956305,-0.974927912181826,-1.61113968727081E-16));
#5084=DIRECTION('ref_axis',(0.,-2.3353790290334E-16,1.));
#5085=DIRECTION('center_axis',(1.43620113371564E-16,-6.91638013500039E-17,
1.));
#5086=DIRECTION('ref_axis',(1.,1.64689001559777E-33,-1.43620113371564E-16));
#5087=DIRECTION('center_axis',(1.43620113371564E-16,-6.91638013500039E-17,
1.));
#5088=DIRECTION('ref_axis',(1.,1.64689001559778E-33,-1.43620113371564E-16));
#5089=DIRECTION('center_axis',(-0.974927912181826,0.222520933956305,3.24794201676551E-17));
#5090=DIRECTION('ref_axis',(0.,1.45961189314588E-16,-1.));
#5091=DIRECTION('center_axis',(1.79091352057933E-16,-2.24573452299033E-16,
1.));
#5092=DIRECTION('ref_axis',(-0.222520933956305,-0.974927912181826,-1.79091352057933E-16));
#5093=DIRECTION('center_axis',(1.79091352057933E-16,-2.24573452299033E-16,
1.));
#5094=DIRECTION('ref_axis',(-0.222520933956305,-0.974927912181826,-1.79091352057933E-16));
#5095=DIRECTION('center_axis',(1.79091352057933E-16,-2.24573452299033E-16,
1.));
#5096=DIRECTION('ref_axis',(-0.222520933956305,-0.974927912181826,-1.79091352057933E-16));
#5097=DIRECTION('center_axis',(1.43620113371564E-16,-6.91638013500039E-17,
1.));
#5098=DIRECTION('ref_axis',(1.,1.64689001559778E-33,-1.43620113371564E-16));
#5099=DIRECTION('center_axis',(0.974927912181826,-0.222520933956305,-2.24573452299033E-16));
#5100=DIRECTION('ref_axis',(1.67941156500749E-16,-2.73425650974052E-16,
1.));
#5101=DIRECTION('center_axis',(0.974927912181826,-0.222520933956305,-2.24573452299033E-16));
#5102=DIRECTION('ref_axis',(1.67941156500749E-16,-2.73425650974052E-16,
1.));
#5103=DIRECTION('center_axis',(0.781831482468022,0.623489801858743,-6.91638013500039E-17));
#5104=DIRECTION('ref_axis',(0.,0.,1.));
#5105=DIRECTION('center_axis',(0.781831482468022,0.623489801858743,-6.91638013500039E-17));
#5106=DIRECTION('ref_axis',(5.40744373425973E-17,4.31229247995114E-17,1.));
#5107=DIRECTION('center_axis',(-0.623489801858743,0.781831482468022,0.));
#5108=DIRECTION('ref_axis',(0.,0.,-1.));
#5109=DIRECTION('center_axis',(0.781831482468022,0.623489801858743,-6.91638013500039E-17));
#5110=DIRECTION('ref_axis',(5.40744373425973E-17,4.31229247995114E-17,1.));
#5111=DIRECTION('center_axis',(1.77252407816676E-10,-1.36715033123804E-10,
1.));
#5112=DIRECTION('ref_axis',(0.635580182582122,-0.772034864179641,-2.18206889752295E-10));
#5113=DIRECTION('center_axis',(-3.62336191045696E-12,5.43818988225478E-12,
1.));
#5114=DIRECTION('ref_axis',(0.635580177067574,-0.77203486871951,6.50140921644647E-12));
#5115=DIRECTION('center_axis',(2.17072777504944E-12,-2.28010556873994E-12,
-1.));
#5116=DIRECTION('ref_axis',(-0.613819402152602,0.789446477945796,-3.13245613570324E-12));
#5117=DIRECTION('center_axis',(4.26156984725658E-13,-6.49957276249097E-13,
-1.));
#5118=DIRECTION('ref_axis',(-0.613819402149403,0.789446477948284,-7.74689908137805E-13));
#5119=DIRECTION('center_axis',(0.623489801858743,-0.781831482468022,6.12323399573677E-17));
#5120=DIRECTION('ref_axis',(0.,0.,1.));
#5121=DIRECTION('center_axis',(0.,0.,-1.));
#5122=DIRECTION('ref_axis',(1.,0.,0.));
#5123=DIRECTION('center_axis',(0.,0.,-1.));
#5124=DIRECTION('ref_axis',(1.,6.23005078256702E-15,0.));
#5125=DIRECTION('center_axis',(-0.781831482468022,-0.623489801858743,0.));
#5126=DIRECTION('ref_axis',(0.,0.,-1.));
#5127=DIRECTION('center_axis',(1.43620113371564E-16,-6.91638013500039E-17,
1.));
#5128=DIRECTION('ref_axis',(0.623489801858743,-0.781831482468022,-1.43620113371564E-16));
#5129=DIRECTION('center_axis',(1.43620113371564E-16,-6.91638013500039E-17,
1.));
#5130=DIRECTION('ref_axis',(0.623489801858743,-0.781831482468022,-1.43620113371564E-16));
#5131=DIRECTION('center_axis',(1.43620113371564E-16,-6.91638013500039E-17,
1.));
#5132=DIRECTION('ref_axis',(0.623489801858743,-0.781831482468022,-1.43620113371564E-16));
#5133=DIRECTION('center_axis',(0.,0.,-1.));
#5134=DIRECTION('ref_axis',(1.,6.23005078256702E-15,0.));
#5135=DIRECTION('center_axis',(0.781831482468022,0.623489801858743,-6.91638013500039E-17));
#5136=DIRECTION('ref_axis',(5.40744373425973E-17,4.31229247995114E-17,1.));
#5137=DIRECTION('center_axis',(0.781831482468022,0.623489801858743,-6.91638013500039E-17));
#5138=DIRECTION('ref_axis',(5.40744373425973E-17,4.31229247995114E-17,1.));
#5139=DIRECTION('center_axis',(1.,0.,6.12323399573677E-17));
#5140=DIRECTION('ref_axis',(0.,0.,1.));
#5141=DIRECTION('center_axis',(-1.43620113371566E-16,-6.91638013500059E-17,
1.));
#5142=DIRECTION('ref_axis',(1.,-1.64689001559793E-33,1.43620113371566E-16));
#5143=DIRECTION('center_axis',(-1.43620113371566E-16,-6.91638013500059E-17,
1.));
#5144=DIRECTION('ref_axis',(1.,-1.64689001559794E-33,1.43620113371566E-16));
#5145=DIRECTION('center_axis',(0.,-1.,0.));
#5146=DIRECTION('ref_axis',(0.,0.,-1.));
#5147=DIRECTION('center_axis',(0.,0.,1.));
#5148=DIRECTION('ref_axis',(1.,0.,0.));
#5149=DIRECTION('center_axis',(0.,0.,1.));
#5150=DIRECTION('ref_axis',(1.,0.,0.));
#5151=DIRECTION('center_axis',(0.,0.,1.));
#5152=DIRECTION('ref_axis',(1.,0.,0.));
#5153=DIRECTION('center_axis',(-1.43620113371566E-16,-6.91638013500059E-17,
1.));
#5154=DIRECTION('ref_axis',(1.,-1.64689001559794E-33,1.43620113371566E-16));
#5155=DIRECTION('center_axis',(0.,1.,0.));
#5156=DIRECTION('ref_axis',(0.,0.,1.));
#5157=DIRECTION('center_axis',(0.,1.,0.));
#5158=DIRECTION('ref_axis',(0.,0.,1.));
#5159=DIRECTION('center_axis',(0.,1.,0.));
#5160=DIRECTION('ref_axis',(0.,0.,1.));
#5161=DIRECTION('center_axis',(0.,1.,0.));
#5162=DIRECTION('ref_axis',(0.,0.,1.));
#5163=DIRECTION('center_axis',(-1.,0.,1.22464679914735E-16));
#5164=DIRECTION('ref_axis',(-1.22464679914735E-16,0.,-1.));
#5165=DIRECTION('center_axis',(0.,1.,0.));
#5166=DIRECTION('ref_axis',(0.,0.,1.));
#5167=DIRECTION('center_axis',(1.3144532828525E-12,-2.06944406331364E-14,
-1.));
#5168=DIRECTION('ref_axis',(0.999999613315272,0.000879414183859655,1.31443457558887E-12));
#5169=DIRECTION('center_axis',(-1.31042266704272E-12,2.04779331106115E-14,
-1.));
#5170=DIRECTION('ref_axis',(0.999999613315269,0.000879414187133973,-1.31040415173738E-12));
#5171=DIRECTION('center_axis',(3.1222981372262E-12,2.7829321895551E-13,
-1.));
#5172=DIRECTION('ref_axis',(0.999924247606829,-0.012308494949306,3.11863624499017E-12));
#5173=DIRECTION('center_axis',(7.87822387550333E-13,-7.33641097433416E-14,
-1.));
#5174=DIRECTION('ref_axis',(0.99992424760661,-0.0123084949671036,7.88665709894452E-13));
#5175=DIRECTION('center_axis',(0.,0.,-1.));
#5176=DIRECTION('ref_axis',(-1.,0.,0.));
#5177=DIRECTION('center_axis',(0.,0.,-1.));
#5178=DIRECTION('ref_axis',(1.,0.,0.));
#5179=DIRECTION('center_axis',(0.,0.,-1.));
#5180=DIRECTION('ref_axis',(1.,0.,0.));
#5181=DIRECTION('center_axis',(0.,0.,-1.));
#5182=DIRECTION('ref_axis',(-1.,0.,0.));
#5183=DIRECTION('center_axis',(0.,0.,1.));
#5184=DIRECTION('ref_axis',(1.,0.,0.));
#5185=DIRECTION('center_axis',(0.,0.,1.));
#5186=DIRECTION('ref_axis',(1.,0.,0.));
#5187=DIRECTION('center_axis',(0.,0.,1.));
#5188=DIRECTION('ref_axis',(1.,0.,0.));
#5189=DIRECTION('center_axis',(0.,0.,1.));
#5190=DIRECTION('ref_axis',(1.,0.,0.));
#5191=DIRECTION('center_axis',(0.,1.,0.));
#5192=DIRECTION('ref_axis',(0.,0.,1.));
#5193=DIRECTION('center_axis',(0.,-1.,0.));
#5194=DIRECTION('ref_axis',(0.,0.,-1.));
#5195=DIRECTION('center_axis',(0.,0.,1.));
#5196=DIRECTION('ref_axis',(1.,0.,0.));
#5197=DIRECTION('center_axis',(0.,0.,-1.));
#5198=DIRECTION('ref_axis',(1.,0.,0.));
#5199=DIRECTION('center_axis',(0.,0.,1.));
#5200=DIRECTION('ref_axis',(1.,0.,0.));
#5201=DIRECTION('center_axis',(0.,0.,1.));
#5202=DIRECTION('ref_axis',(1.,0.,0.));
#5203=DIRECTION('center_axis',(0.,0.,-1.));
#5204=DIRECTION('ref_axis',(1.,0.,0.));
#5205=DIRECTION('center_axis',(0.,0.,1.));
#5206=DIRECTION('ref_axis',(1.,0.,0.));
#5207=DIRECTION('center_axis',(0.,0.,-1.));
#5208=DIRECTION('ref_axis',(-1.,0.,0.));
#5209=DIRECTION('center_axis',(0.,0.,-1.));
#5210=DIRECTION('ref_axis',(-1.,0.,0.));
#5211=DIRECTION('center_axis',(-0.781831482468022,-0.623489801858743,6.91638013500039E-17));
#5212=DIRECTION('ref_axis',(-1.43620113371564E-16,6.91638013500039E-17,
-1.));
#5213=DIRECTION('center_axis',(0.781831482468022,0.623489801858743,-6.91638013500039E-17));
#5214=DIRECTION('ref_axis',(1.43620113371564E-16,-6.91638013500039E-17,
1.));
#5215=DIRECTION('center_axis',(1.43620113371564E-16,-6.91638013500039E-17,
1.));
#5216=DIRECTION('ref_axis',(0.623489801858743,-0.781831482468022,-1.43620113371564E-16));
#5217=DIRECTION('center_axis',(-1.43620113371564E-16,6.91638013500039E-17,
-1.));
#5218=DIRECTION('ref_axis',(0.623489801858743,-0.781831482468022,-1.43620113371564E-16));
#5219=DIRECTION('center_axis',(1.43620113371564E-16,-6.91638013500039E-17,
1.));
#5220=DIRECTION('ref_axis',(0.623489801858743,-0.781831482468022,-1.43620113371564E-16));
#5221=DIRECTION('center_axis',(1.43620113371564E-16,-6.91638013500039E-17,
1.));
#5222=DIRECTION('ref_axis',(0.623489801858743,-0.781831482468022,-1.43620113371564E-16));
#5223=DIRECTION('center_axis',(-1.43620113371564E-16,6.91638013500039E-17,
-1.));
#5224=DIRECTION('ref_axis',(0.623489801858743,-0.781831482468022,-1.43620113371564E-16));
#5225=DIRECTION('center_axis',(1.43620113371564E-16,-6.91638013500039E-17,
1.));
#5226=DIRECTION('ref_axis',(0.623489801858743,-0.781831482468022,-1.43620113371564E-16));
#5227=DIRECTION('center_axis',(-1.43620113371564E-16,6.91638013500039E-17,
-1.));
#5228=DIRECTION('ref_axis',(-0.623489801858743,0.781831482468022,1.43620113371564E-16));
#5229=DIRECTION('center_axis',(-1.43620113371564E-16,6.91638013500039E-17,
-1.));
#5230=DIRECTION('ref_axis',(-0.623489801858743,0.781831482468022,1.43620113371564E-16));
#5231=DIRECTION('center_axis',(-1.79091352057933E-16,2.24573452299033E-16,
-1.));
#5232=DIRECTION('ref_axis',(0.222520933956305,0.974927912181826,1.79091352057933E-16));
#5233=DIRECTION('center_axis',(-1.79091352057933E-16,2.24573452299033E-16,
-1.));
#5234=DIRECTION('ref_axis',(-0.222520933956305,-0.974927912181826,-1.79091352057933E-16));
#5235=DIRECTION('center_axis',(-1.79091352057933E-16,2.24573452299033E-16,
-1.));
#5236=DIRECTION('ref_axis',(-0.222520933956305,-0.974927912181826,-1.79091352057933E-16));
#5237=DIRECTION('center_axis',(-1.79091352057933E-16,2.24573452299033E-16,
-1.));
#5238=DIRECTION('ref_axis',(0.222520933956305,0.974927912181826,1.79091352057933E-16));
#5239=DIRECTION('center_axis',(1.79091352057933E-16,-2.24573452299033E-16,
1.));
#5240=DIRECTION('ref_axis',(-0.222520933956305,-0.974927912181826,-1.79091352057933E-16));
#5241=DIRECTION('center_axis',(1.79091352057933E-16,-2.24573452299033E-16,
1.));
#5242=DIRECTION('ref_axis',(-0.222520933956305,-0.974927912181826,-1.79091352057933E-16));
#5243=DIRECTION('center_axis',(1.79091352057933E-16,-2.24573452299033E-16,
1.));
#5244=DIRECTION('ref_axis',(-0.222520933956305,-0.974927912181826,-1.79091352057933E-16));
#5245=DIRECTION('center_axis',(1.79091352057933E-16,-2.24573452299033E-16,
1.));
#5246=DIRECTION('ref_axis',(-0.222520933956305,-0.974927912181826,-1.79091352057933E-16));
#5247=DIRECTION('center_axis',(-0.974927912181826,0.222520933956305,2.24573452299033E-16));
#5248=DIRECTION('ref_axis',(-1.79091352057933E-16,2.24573452299033E-16,
-1.));
#5249=DIRECTION('center_axis',(0.974927912181826,-0.222520933956305,-2.24573452299033E-16));
#5250=DIRECTION('ref_axis',(1.79091352057933E-16,-2.24573452299033E-16,
1.));
#5251=DIRECTION('center_axis',(1.79091352057933E-16,-2.24573452299033E-16,
1.));
#5252=DIRECTION('ref_axis',(-0.222520933956305,-0.974927912181826,-1.79091352057933E-16));
#5253=DIRECTION('center_axis',(-1.79091352057933E-16,2.24573452299033E-16,
-1.));
#5254=DIRECTION('ref_axis',(-0.222520933956305,-0.974927912181826,-1.79091352057933E-16));
#5255=DIRECTION('center_axis',(1.79091352057933E-16,-2.24573452299033E-16,
1.));
#5256=DIRECTION('ref_axis',(-0.222520933956305,-0.974927912181826,-1.79091352057933E-16));
#5257=DIRECTION('center_axis',(1.79091352057933E-16,-2.24573452299033E-16,
1.));
#5258=DIRECTION('ref_axis',(-0.222520933956305,-0.974927912181826,-1.79091352057933E-16));
#5259=DIRECTION('center_axis',(-1.79091352057933E-16,2.24573452299033E-16,
-1.));
#5260=DIRECTION('ref_axis',(-0.222520933956305,-0.974927912181826,-1.79091352057933E-16));
#5261=DIRECTION('center_axis',(1.79091352057933E-16,-2.24573452299033E-16,
1.));
#5262=DIRECTION('ref_axis',(-0.222520933956305,-0.974927912181826,-1.79091352057933E-16));
#5263=DIRECTION('center_axis',(-1.79091352057933E-16,2.24573452299033E-16,
-1.));
#5264=DIRECTION('ref_axis',(0.222520933956305,0.974927912181826,1.79091352057933E-16));
#5265=DIRECTION('center_axis',(-1.79091352057933E-16,2.24573452299033E-16,
-1.));
#5266=DIRECTION('ref_axis',(0.222520933956305,0.974927912181826,1.79091352057933E-16));
#5267=DIRECTION('center_axis',(-7.97031498468617E-17,3.49202315903319E-16,
-1.));
#5268=DIRECTION('ref_axis',(0.900968867902416,0.433883739117565,7.97031498468617E-17));
#5269=DIRECTION('center_axis',(-7.97031498468617E-17,3.49202315903319E-16,
-1.));
#5270=DIRECTION('ref_axis',(-0.900968867902416,-0.433883739117565,-7.97031498468617E-17));
#5271=DIRECTION('center_axis',(-7.97031498468617E-17,3.49202315903319E-16,
-1.));
#5272=DIRECTION('ref_axis',(-0.900968867902416,-0.433883739117565,-7.97031498468617E-17));
#5273=DIRECTION('center_axis',(-7.97031498468617E-17,3.49202315903319E-16,
-1.));
#5274=DIRECTION('ref_axis',(0.900968867902416,0.433883739117565,7.97031498468617E-17));
#5275=DIRECTION('center_axis',(7.97031498468617E-17,-3.49202315903319E-16,
1.));
#5276=DIRECTION('ref_axis',(-0.900968867902416,-0.433883739117565,-7.97031498468617E-17));
#5277=DIRECTION('center_axis',(7.97031498468617E-17,-3.49202315903319E-16,
1.));
#5278=DIRECTION('ref_axis',(-0.900968867902416,-0.433883739117565,-7.97031498468617E-17));
#5279=DIRECTION('center_axis',(7.97031498468617E-17,-3.49202315903319E-16,
1.));
#5280=DIRECTION('ref_axis',(-0.900968867902416,-0.433883739117565,-7.97031498468617E-17));
#5281=DIRECTION('center_axis',(7.97031498468617E-17,-3.49202315903319E-16,
1.));
#5282=DIRECTION('ref_axis',(-0.900968867902416,-0.433883739117565,-7.97031498468617E-17));
#5283=DIRECTION('center_axis',(-0.433883739117565,0.900968867902416,3.49202315903319E-16));
#5284=DIRECTION('ref_axis',(-7.97031498468617E-17,3.49202315903319E-16,
-1.));
#5285=DIRECTION('center_axis',(0.433883739117565,-0.900968867902416,-3.49202315903319E-16));
#5286=DIRECTION('ref_axis',(7.97031498468617E-17,-3.49202315903319E-16,
1.));
#5287=DIRECTION('center_axis',(7.97031498468617E-17,-3.49202315903319E-16,
1.));
#5288=DIRECTION('ref_axis',(-0.900968867902416,-0.433883739117565,-7.97031498468617E-17));
#5289=DIRECTION('center_axis',(-7.97031498468617E-17,3.49202315903319E-16,
-1.));
#5290=DIRECTION('ref_axis',(-0.900968867902416,-0.433883739117565,-7.97031498468617E-17));
#5291=DIRECTION('center_axis',(7.97031498468617E-17,-3.49202315903319E-16,
1.));
#5292=DIRECTION('ref_axis',(-0.900968867902416,-0.433883739117565,-7.97031498468617E-17));
#5293=DIRECTION('center_axis',(7.97031498468617E-17,-3.49202315903319E-16,
1.));
#5294=DIRECTION('ref_axis',(-0.900968867902416,-0.433883739117565,-7.97031498468617E-17));
#5295=DIRECTION('center_axis',(-7.97031498468617E-17,3.49202315903319E-16,
-1.));
#5296=DIRECTION('ref_axis',(-0.900968867902416,-0.433883739117565,-7.97031498468617E-17));
#5297=DIRECTION('center_axis',(7.97031498468617E-17,-3.49202315903319E-16,
1.));
#5298=DIRECTION('ref_axis',(-0.900968867902416,-0.433883739117565,-7.97031498468617E-17));
#5299=DIRECTION('center_axis',(-7.97031498468617E-17,3.49202315903319E-16,
-1.));
#5300=DIRECTION('ref_axis',(0.900968867902416,0.433883739117565,7.97031498468617E-17));
#5301=DIRECTION('center_axis',(-7.97031498468617E-17,3.49202315903319E-16,
-1.));
#5302=DIRECTION('ref_axis',(0.900968867902416,0.433883739117565,7.97031498468617E-17));
#5303=DIRECTION('center_axis',(7.97031498468594E-17,3.4920231590332E-16,
-1.));
#5304=DIRECTION('ref_axis',(0.900968867902422,-0.433883739117553,-7.97031498468594E-17));
#5305=DIRECTION('center_axis',(7.97031498468594E-17,3.4920231590332E-16,
-1.));
#5306=DIRECTION('ref_axis',(-0.900968867902422,0.433883739117553,7.97031498468594E-17));
#5307=DIRECTION('center_axis',(7.97031498468594E-17,3.4920231590332E-16,
-1.));
#5308=DIRECTION('ref_axis',(-0.900968867902422,0.433883739117553,7.97031498468594E-17));
#5309=DIRECTION('center_axis',(7.97031498468594E-17,3.4920231590332E-16,
-1.));
#5310=DIRECTION('ref_axis',(0.900968867902422,-0.433883739117553,-7.97031498468594E-17));
#5311=DIRECTION('center_axis',(-7.97031498468594E-17,-3.4920231590332E-16,
1.));
#5312=DIRECTION('ref_axis',(-0.900968867902422,0.433883739117553,7.97031498468594E-17));
#5313=DIRECTION('center_axis',(-7.97031498468594E-17,-3.4920231590332E-16,
1.));
#5314=DIRECTION('ref_axis',(-0.900968867902422,0.433883739117553,7.97031498468594E-17));
#5315=DIRECTION('center_axis',(-7.97031498468594E-17,-3.4920231590332E-16,
1.));
#5316=DIRECTION('ref_axis',(-0.900968867902422,0.433883739117553,7.97031498468594E-17));
#5317=DIRECTION('center_axis',(-7.97031498468594E-17,-3.4920231590332E-16,
1.));
#5318=DIRECTION('ref_axis',(-0.900968867902422,0.433883739117553,7.97031498468594E-17));
#5319=DIRECTION('center_axis',(0.433883739117553,0.900968867902422,3.4920231590332E-16));
#5320=DIRECTION('ref_axis',(7.97031498468594E-17,3.4920231590332E-16,-1.));
#5321=DIRECTION('center_axis',(-0.433883739117553,-0.900968867902422,-3.4920231590332E-16));
#5322=DIRECTION('ref_axis',(-7.97031498468594E-17,-3.4920231590332E-16,
1.));
#5323=DIRECTION('center_axis',(-7.97031498468594E-17,-3.4920231590332E-16,
1.));
#5324=DIRECTION('ref_axis',(-0.900968867902422,0.433883739117553,7.97031498468594E-17));
#5325=DIRECTION('center_axis',(7.97031498468594E-17,3.4920231590332E-16,
-1.));
#5326=DIRECTION('ref_axis',(-0.900968867902422,0.433883739117553,7.97031498468594E-17));
#5327=DIRECTION('center_axis',(-7.97031498468594E-17,-3.4920231590332E-16,
1.));
#5328=DIRECTION('ref_axis',(-0.900968867902422,0.433883739117553,7.97031498468594E-17));
#5329=DIRECTION('center_axis',(-7.97031498468594E-17,-3.4920231590332E-16,
1.));
#5330=DIRECTION('ref_axis',(-0.900968867902422,0.433883739117553,7.97031498468594E-17));
#5331=DIRECTION('center_axis',(7.97031498468594E-17,3.4920231590332E-16,
-1.));
#5332=DIRECTION('ref_axis',(-0.900968867902422,0.433883739117553,7.97031498468594E-17));
#5333=DIRECTION('center_axis',(-7.97031498468594E-17,-3.4920231590332E-16,
1.));
#5334=DIRECTION('ref_axis',(-0.900968867902422,0.433883739117553,7.97031498468594E-17));
#5335=DIRECTION('center_axis',(7.97031498468594E-17,3.4920231590332E-16,
-1.));
#5336=DIRECTION('ref_axis',(0.900968867902422,-0.433883739117553,-7.97031498468594E-17));
#5337=DIRECTION('center_axis',(7.97031498468594E-17,3.4920231590332E-16,
-1.));
#5338=DIRECTION('ref_axis',(0.900968867902422,-0.433883739117553,-7.97031498468594E-17));
#5339=DIRECTION('center_axis',(1.79091352057932E-16,2.24573452299036E-16,
-1.));
#5340=DIRECTION('ref_axis',(0.222520933956318,-0.974927912181823,-1.79091352057932E-16));
#5341=DIRECTION('center_axis',(1.79091352057932E-16,2.24573452299036E-16,
-1.));
#5342=DIRECTION('ref_axis',(-0.222520933956318,0.974927912181823,1.79091352057932E-16));
#5343=DIRECTION('center_axis',(1.79091352057932E-16,2.24573452299036E-16,
-1.));
#5344=DIRECTION('ref_axis',(-0.222520933956318,0.974927912181823,1.79091352057932E-16));
#5345=DIRECTION('center_axis',(1.79091352057932E-16,2.24573452299036E-16,
-1.));
#5346=DIRECTION('ref_axis',(0.222520933956318,-0.974927912181823,-1.79091352057932E-16));
#5347=DIRECTION('center_axis',(-1.79091352057932E-16,-2.24573452299036E-16,
1.));
#5348=DIRECTION('ref_axis',(-0.222520933956318,0.974927912181823,1.79091352057932E-16));
#5349=DIRECTION('center_axis',(-1.79091352057932E-16,-2.24573452299036E-16,
1.));
#5350=DIRECTION('ref_axis',(-0.222520933956318,0.974927912181823,1.79091352057932E-16));
#5351=DIRECTION('center_axis',(-1.79091352057932E-16,-2.24573452299036E-16,
1.));
#5352=DIRECTION('ref_axis',(-0.222520933956318,0.974927912181823,1.79091352057932E-16));
#5353=DIRECTION('center_axis',(-1.79091352057932E-16,-2.24573452299036E-16,
1.));
#5354=DIRECTION('ref_axis',(-0.222520933956318,0.974927912181823,1.79091352057932E-16));
#5355=DIRECTION('center_axis',(0.974927912181823,0.222520933956318,2.24573452299036E-16));
#5356=DIRECTION('ref_axis',(1.79091352057932E-16,2.24573452299036E-16,-1.));
#5357=DIRECTION('center_axis',(-0.974927912181823,-0.222520933956318,-2.24573452299036E-16));
#5358=DIRECTION('ref_axis',(-1.79091352057932E-16,-2.24573452299036E-16,
1.));
#5359=DIRECTION('center_axis',(-1.79091352057932E-16,-2.24573452299036E-16,
1.));
#5360=DIRECTION('ref_axis',(-0.222520933956318,0.974927912181823,1.79091352057932E-16));
#5361=DIRECTION('center_axis',(1.79091352057932E-16,2.24573452299036E-16,
-1.));
#5362=DIRECTION('ref_axis',(-0.222520933956318,0.974927912181823,1.79091352057932E-16));
#5363=DIRECTION('center_axis',(-1.79091352057932E-16,-2.24573452299036E-16,
1.));
#5364=DIRECTION('ref_axis',(-0.222520933956318,0.974927912181823,1.79091352057932E-16));
#5365=DIRECTION('center_axis',(-1.79091352057932E-16,-2.24573452299036E-16,
1.));
#5366=DIRECTION('ref_axis',(-0.222520933956318,0.974927912181823,1.79091352057932E-16));
#5367=DIRECTION('center_axis',(1.79091352057932E-16,2.24573452299036E-16,
-1.));
#5368=DIRECTION('ref_axis',(-0.222520933956318,0.974927912181823,1.79091352057932E-16));
#5369=DIRECTION('center_axis',(-1.79091352057932E-16,-2.24573452299036E-16,
1.));
#5370=DIRECTION('ref_axis',(-0.222520933956318,0.974927912181823,1.79091352057932E-16));
#5371=DIRECTION('center_axis',(1.79091352057932E-16,2.24573452299036E-16,
-1.));
#5372=DIRECTION('ref_axis',(0.222520933956318,-0.974927912181823,-1.79091352057932E-16));
#5373=DIRECTION('center_axis',(1.79091352057932E-16,2.24573452299036E-16,
-1.));
#5374=DIRECTION('ref_axis',(0.222520933956318,-0.974927912181823,-1.79091352057932E-16));
#5375=DIRECTION('center_axis',(1.43620113371566E-16,6.91638013500059E-17,
-1.));
#5376=DIRECTION('ref_axis',(-0.623489801858732,-0.781831482468031,-1.43620113371566E-16));
#5377=DIRECTION('center_axis',(1.43620113371566E-16,6.91638013500059E-17,
-1.));
#5378=DIRECTION('ref_axis',(0.623489801858732,0.781831482468031,1.43620113371566E-16));
#5379=DIRECTION('center_axis',(1.43620113371566E-16,6.91638013500059E-17,
-1.));
#5380=DIRECTION('ref_axis',(0.623489801858732,0.781831482468031,1.43620113371566E-16));
#5381=DIRECTION('center_axis',(1.43620113371566E-16,6.91638013500059E-17,
-1.));
#5382=DIRECTION('ref_axis',(-0.623489801858732,-0.781831482468031,-1.43620113371566E-16));
#5383=DIRECTION('center_axis',(-1.43620113371566E-16,-6.91638013500059E-17,
1.));
#5384=DIRECTION('ref_axis',(0.623489801858732,0.781831482468031,1.43620113371566E-16));
#5385=DIRECTION('center_axis',(-1.43620113371566E-16,-6.91638013500059E-17,
1.));
#5386=DIRECTION('ref_axis',(0.623489801858732,0.781831482468031,1.43620113371566E-16));
#5387=DIRECTION('center_axis',(-1.43620113371566E-16,-6.91638013500059E-17,
1.));
#5388=DIRECTION('ref_axis',(0.623489801858732,0.781831482468031,1.43620113371566E-16));
#5389=DIRECTION('center_axis',(-1.43620113371566E-16,-6.91638013500059E-17,
1.));
#5390=DIRECTION('ref_axis',(0.623489801858732,0.781831482468031,1.43620113371566E-16));
#5391=DIRECTION('center_axis',(0.781831482468031,-0.623489801858732,6.91638013500059E-17));
#5392=DIRECTION('ref_axis',(1.43620113371566E-16,6.91638013500059E-17,-1.));
#5393=DIRECTION('center_axis',(-0.781831482468031,0.623489801858732,-6.91638013500059E-17));
#5394=DIRECTION('ref_axis',(-1.43620113371566E-16,-6.91638013500059E-17,
1.));
#5395=DIRECTION('center_axis',(-1.43620113371566E-16,-6.91638013500059E-17,
1.));
#5396=DIRECTION('ref_axis',(0.623489801858732,0.781831482468031,1.43620113371566E-16));
#5397=DIRECTION('center_axis',(1.43620113371566E-16,6.91638013500059E-17,
-1.));
#5398=DIRECTION('ref_axis',(0.623489801858732,0.781831482468031,1.43620113371566E-16));
#5399=DIRECTION('center_axis',(-1.43620113371566E-16,-6.91638013500059E-17,
1.));
#5400=DIRECTION('ref_axis',(0.623489801858732,0.781831482468031,1.43620113371566E-16));
#5401=DIRECTION('center_axis',(-1.43620113371566E-16,-6.91638013500059E-17,
1.));
#5402=DIRECTION('ref_axis',(0.623489801858732,0.781831482468031,1.43620113371566E-16));
#5403=DIRECTION('center_axis',(1.43620113371566E-16,6.91638013500059E-17,
-1.));
#5404=DIRECTION('ref_axis',(0.623489801858732,0.781831482468031,1.43620113371566E-16));
#5405=DIRECTION('center_axis',(-1.43620113371566E-16,-6.91638013500059E-17,
1.));
#5406=DIRECTION('ref_axis',(0.623489801858732,0.781831482468031,1.43620113371566E-16));
#5407=DIRECTION('center_axis',(1.43620113371566E-16,6.91638013500059E-17,
-1.));
#5408=DIRECTION('ref_axis',(-0.623489801858732,-0.781831482468031,-1.43620113371566E-16));
#5409=DIRECTION('center_axis',(1.43620113371566E-16,6.91638013500059E-17,
-1.));
#5410=DIRECTION('ref_axis',(-0.623489801858732,-0.781831482468031,-1.43620113371566E-16));
#5411=DIRECTION('center_axis',(0.,0.,1.));
#5412=DIRECTION('ref_axis',(1.,0.,0.));
#5413=DIRECTION('center_axis',(0.,0.,-1.));
#5414=DIRECTION('ref_axis',(1.,0.,0.));
#5415=DIRECTION('center_axis',(0.,0.,1.));
#5416=DIRECTION('ref_axis',(1.,0.,0.));
#5417=DIRECTION('center_axis',(0.,0.,1.));
#5418=DIRECTION('ref_axis',(1.,0.,0.));
#5419=DIRECTION('center_axis',(0.,0.,-1.));
#5420=DIRECTION('ref_axis',(1.,0.,0.));
#5421=DIRECTION('center_axis',(0.,0.,1.));
#5422=DIRECTION('ref_axis',(1.,0.,0.));
#5423=DIRECTION('center_axis',(0.,0.,-1.));
#5424=DIRECTION('ref_axis',(-1.,0.,0.));
#5425=DIRECTION('center_axis',(0.,0.,-1.));
#5426=DIRECTION('ref_axis',(-1.,0.,0.));
#5427=DIRECTION('axis',(0.,0.,1.));
#5428=DIRECTION('refdir',(1.,0.,0.));
#5429=DIRECTION('center_axis',(0.,0.,1.));
#5430=DIRECTION('ref_axis',(1.70623852925764E-16,1.,0.));
#5431=DIRECTION('',(0.,0.,-1.));
#5432=DIRECTION('center_axis',(-1.05043122366411E-14,-2.53596530651006E-14,
-1.));
#5433=DIRECTION('ref_axis',(-0.707106781186548,-0.707106781186548,2.50732499254993E-14));
#5434=DIRECTION('center_axis',(0.,0.,1.));
#5435=DIRECTION('ref_axis',(1.70623852925764E-16,1.,0.));
#5436=DIRECTION('',(0.,0.,-1.));
#5437=DIRECTION('center_axis',(0.,0.,1.));
#5438=DIRECTION('ref_axis',(1.70623852925764E-16,1.,0.));
#5439=DIRECTION('',(0.,0.,-1.));
#5440=DIRECTION('center_axis',(0.,0.,1.));
#5441=DIRECTION('ref_axis',(1.70623852925764E-16,1.,0.));
#5442=DIRECTION('',(0.,0.,-1.));
#5443=DIRECTION('center_axis',(0.,0.,1.));
#5444=DIRECTION('ref_axis',(1.70623852925764E-16,1.,0.));
#5445=DIRECTION('',(0.,0.,-1.));
#5446=DIRECTION('center_axis',(0.,0.,1.));
#5447=DIRECTION('ref_axis',(1.70623852925764E-16,1.,0.));
#5448=DIRECTION('',(0.,0.,-1.));
#5449=DIRECTION('center_axis',(0.,0.,1.));
#5450=DIRECTION('ref_axis',(1.70623852925764E-16,1.,0.));
#5451=DIRECTION('',(0.,0.,-1.));
#5452=DIRECTION('center_axis',(0.,0.,1.));
#5453=DIRECTION('ref_axis',(1.70623852925764E-16,1.,0.));
#5454=DIRECTION('',(0.,0.,-1.));
#5455=DIRECTION('center_axis',(0.,0.,1.));
#5456=DIRECTION('ref_axis',(1.70623852925764E-16,1.,0.));
#5457=DIRECTION('',(0.,0.,-1.));
#5458=DIRECTION('center_axis',(0.,0.,1.));
#5459=DIRECTION('ref_axis',(1.70623852925764E-16,1.,0.));
#5460=DIRECTION('',(0.,0.,-1.));
#5461=DIRECTION('center_axis',(0.,0.,1.));
#5462=DIRECTION('ref_axis',(1.70623852925764E-16,1.,0.));
#5463=DIRECTION('',(0.,0.,-1.));
#5464=DIRECTION('center_axis',(0.,0.,1.));
#5465=DIRECTION('ref_axis',(1.70623852925764E-16,1.,0.));
#5466=DIRECTION('',(0.,0.,-1.));
#5467=DIRECTION('center_axis',(0.,0.,1.));
#5468=DIRECTION('ref_axis',(1.70623852925764E-16,1.,0.));
#5469=DIRECTION('',(0.,0.,-1.));
#5470=DIRECTION('center_axis',(0.,0.,1.));
#5471=DIRECTION('ref_axis',(1.70623852925764E-16,1.,0.));
#5472=DIRECTION('',(0.,0.,-1.));
#5473=DIRECTION('center_axis',(0.,0.,1.));
#5474=DIRECTION('ref_axis',(1.70623852925764E-16,1.,0.));
#5475=DIRECTION('',(0.,0.,-1.));
#5476=DIRECTION('center_axis',(0.,0.,1.));
#5477=DIRECTION('ref_axis',(1.70623852925764E-16,1.,0.));
#5478=DIRECTION('',(0.,0.,-1.));
#5479=DIRECTION('center_axis',(0.,0.,1.));
#5480=DIRECTION('ref_axis',(1.70623852925764E-16,1.,0.));
#5481=DIRECTION('',(0.,0.,-1.));
#5482=DIRECTION('center_axis',(0.,0.,1.));
#5483=DIRECTION('ref_axis',(1.70623852925764E-16,1.,0.));
#5484=DIRECTION('',(0.,0.,-1.));
#5485=DIRECTION('center_axis',(0.,0.,1.));
#5486=DIRECTION('ref_axis',(1.70623852925764E-16,1.,0.));
#5487=DIRECTION('',(0.,0.,-1.));
#5488=DIRECTION('center_axis',(0.,0.,1.));
#5489=DIRECTION('ref_axis',(1.70623852925764E-16,1.,0.));
#5490=DIRECTION('',(0.,0.,-1.));
#5491=DIRECTION('center_axis',(0.,0.,1.));
#5492=DIRECTION('ref_axis',(1.70623852925764E-16,1.,0.));
#5493=DIRECTION('',(0.,0.,-1.));
#5494=DIRECTION('center_axis',(0.,0.,1.));
#5495=DIRECTION('ref_axis',(1.70623852925764E-16,1.,0.));
#5496=DIRECTION('',(0.,0.,-1.));
#5497=DIRECTION('center_axis',(0.,0.,1.));
#5498=DIRECTION('ref_axis',(1.70623852925764E-16,1.,0.));
#5499=DIRECTION('',(0.,0.,-1.));
#5500=DIRECTION('center_axis',(2.150301713149E-12,-4.43005616441739E-12,
1.));
#5501=DIRECTION('ref_axis',(0.603891773114569,-0.797066324947016,-4.8297347668908E-12));
#5502=DIRECTION('center_axis',(0.,0.,1.));
#5503=DIRECTION('ref_axis',(-1.,0.,0.));
#5504=DIRECTION('',(-0.342020143325669,-4.188538737677E-17,-0.939692620785908));
#5505=DIRECTION('center_axis',(2.150301713149E-12,-4.43005616441739E-12,
1.));
#5506=DIRECTION('ref_axis',(0.603891773114569,-0.797066324947016,-4.8297347668908E-12));
#5507=DIRECTION('center_axis',(0.,0.,1.));
#5508=DIRECTION('ref_axis',(-1.,0.,0.));
#5509=DIRECTION('center_axis',(0.,0.,-1.));
#5510=DIRECTION('ref_axis',(-1.,0.,0.));
#5511=DIRECTION('',(-0.342020143325669,-4.188538737677E-17,-0.939692620785908));
#5512=DIRECTION('center_axis',(0.,0.,1.));
#5513=DIRECTION('ref_axis',(1.,0.,0.));
#5514=DIRECTION('',(-0.342020143325669,-4.188538737677E-17,-0.939692620785908));
#5515=DIRECTION('center_axis',(0.,0.,-1.));
#5516=DIRECTION('ref_axis',(-1.,0.,0.));
#5517=DIRECTION('',(0.,0.,1.));
#5518=DIRECTION('center_axis',(0.,0.,-1.));
#5519=DIRECTION('ref_axis',(-1.,0.,0.));
#5520=DIRECTION('',(0.,0.,1.));
#5521=DIRECTION('center_axis',(0.,0.,-1.));
#5522=DIRECTION('ref_axis',(-1.,0.,0.));
#5523=DIRECTION('',(0.,0.,1.));
#5524=DIRECTION('center_axis',(0.,0.,-1.));
#5525=DIRECTION('ref_axis',(-1.,0.,0.));
#5526=DIRECTION('',(0.,0.,1.));
#5527=DIRECTION('center_axis',(0.,0.,-1.));
#5528=DIRECTION('ref_axis',(-1.,0.,0.));
#5529=DIRECTION('',(0.,0.,1.));
#5530=DIRECTION('center_axis',(0.,0.,-1.));
#5531=DIRECTION('ref_axis',(-1.,0.,0.));
#5532=DIRECTION('',(0.,0.,1.));
#5533=DIRECTION('center_axis',(0.,0.,-1.));
#5534=DIRECTION('ref_axis',(-1.,0.,0.));
#5535=DIRECTION('',(0.,0.,1.));
#5536=DIRECTION('center_axis',(0.,0.,-1.));
#5537=DIRECTION('ref_axis',(-1.,0.,0.));
#5538=DIRECTION('',(0.,0.,1.));
#5539=DIRECTION('center_axis',(0.,0.,-1.));
#5540=DIRECTION('ref_axis',(-1.,0.,0.));
#5541=DIRECTION('',(0.,0.,1.));
#5542=DIRECTION('center_axis',(0.,0.,-1.));
#5543=DIRECTION('ref_axis',(-1.,0.,0.));
#5544=DIRECTION('',(0.,0.,1.));
#5545=DIRECTION('center_axis',(0.,0.,-1.));
#5546=DIRECTION('ref_axis',(-1.,0.,0.));
#5547=DIRECTION('',(0.,0.,1.));
#5548=DIRECTION('center_axis',(0.,0.,-1.));
#5549=DIRECTION('ref_axis',(-1.,0.,0.));
#5550=DIRECTION('',(0.,0.,1.));
#5551=DIRECTION('center_axis',(0.,0.,-1.));
#5552=DIRECTION('ref_axis',(-1.,0.,0.));
#5553=DIRECTION('',(0.,0.,1.));
#5554=DIRECTION('center_axis',(0.,0.,-1.));
#5555=DIRECTION('ref_axis',(-1.,0.,0.));
#5556=DIRECTION('',(0.,0.,1.));
#5557=DIRECTION('center_axis',(0.,0.,-1.));
#5558=DIRECTION('ref_axis',(-1.,0.,0.));
#5559=DIRECTION('',(0.,0.,1.));
#5560=DIRECTION('center_axis',(0.,0.,-1.));
#5561=DIRECTION('ref_axis',(-1.,0.,0.));
#5562=DIRECTION('',(0.,0.,1.));
#5563=DIRECTION('center_axis',(0.,0.,-1.));
#5564=DIRECTION('ref_axis',(-1.,0.,0.));
#5565=DIRECTION('',(0.,0.,1.));
#5566=DIRECTION('center_axis',(0.,0.,-1.));
#5567=DIRECTION('ref_axis',(-1.,0.,0.));
#5568=DIRECTION('',(0.,0.,1.));
#5569=DIRECTION('center_axis',(0.,0.,-1.));
#5570=DIRECTION('ref_axis',(-1.,0.,0.));
#5571=DIRECTION('',(0.,0.,1.));
#5572=DIRECTION('center_axis',(0.,0.,-1.));
#5573=DIRECTION('ref_axis',(-1.,0.,0.));
#5574=DIRECTION('',(0.,0.,1.));
#5575=DIRECTION('center_axis',(0.,0.,-1.));
#5576=DIRECTION('ref_axis',(-1.,0.,0.));
#5577=DIRECTION('',(0.,0.,1.));
#5578=DIRECTION('center_axis',(0.,0.,-1.));
#5579=DIRECTION('ref_axis',(-1.,0.,0.));
#5580=DIRECTION('',(0.,0.,1.));
#5581=DIRECTION('center_axis',(0.,0.,-1.));
#5582=DIRECTION('ref_axis',(-1.,0.,0.));
#5583=DIRECTION('',(0.,0.,1.));
#5584=DIRECTION('center_axis',(0.,0.,-1.));
#5585=DIRECTION('ref_axis',(-1.,0.,0.));
#5586=DIRECTION('',(0.,0.,1.));
#5587=DIRECTION('center_axis',(0.,0.,1.));
#5588=DIRECTION('ref_axis',(1.,0.,0.));
#5589=DIRECTION('',(0.707106781186548,8.65956056235494E-17,-0.707106781186547));
#5590=DIRECTION('center_axis',(0.,0.,-1.));
#5591=DIRECTION('ref_axis',(-1.,0.,0.));
#5592=DIRECTION('center_axis',(0.,0.,1.));
#5593=DIRECTION('ref_axis',(1.,0.,0.));
#5594=DIRECTION('center_axis',(0.,0.,-1.));
#5595=DIRECTION('ref_axis',(-1.,0.,0.));
#5596=DIRECTION('center_axis',(0.,0.,-1.));
#5597=DIRECTION('ref_axis',(-1.,0.,0.));
#5598=DIRECTION('center_axis',(0.,0.,-1.));
#5599=DIRECTION('ref_axis',(-1.,0.,0.));
#5600=DIRECTION('center_axis',(0.,0.,1.));
#5601=DIRECTION('ref_axis',(-1.,0.,0.));
#5602=DIRECTION('center_axis',(0.,0.,-1.));
#5603=DIRECTION('ref_axis',(-1.,0.,0.));
#5604=DIRECTION('center_axis',(0.,0.,-1.));
#5605=DIRECTION('ref_axis',(-1.,0.,0.));
#5606=DIRECTION('center_axis',(-1.22464679914735E-16,-1.,0.));
#5607=DIRECTION('ref_axis',(1.,-1.22464679914735E-16,0.));
#5608=DIRECTION('center_axis',(0.,0.,-1.));
#5609=DIRECTION('ref_axis',(-1.,0.,0.));
#5610=DIRECTION('center_axis',(0.,0.,-1.));
#5611=DIRECTION('ref_axis',(-1.,0.,0.));
#5612=DIRECTION('',(0.,0.,1.));
#5613=DIRECTION('center_axis',(0.,0.,-1.));
#5614=DIRECTION('ref_axis',(-1.,0.,0.));
#5615=DIRECTION('center_axis',(0.,0.,-1.));
#5616=DIRECTION('ref_axis',(-1.,0.,0.));
#5617=DIRECTION('center_axis',(-1.22464679914735E-16,-1.,0.));
#5618=DIRECTION('ref_axis',(1.,-1.22464679914735E-16,0.));
#5619=DIRECTION('center_axis',(0.,0.,-1.));
#5620=DIRECTION('ref_axis',(-1.,0.,0.));
#5621=DIRECTION('center_axis',(0.,0.,1.));
#5622=DIRECTION('ref_axis',(1.,0.,0.));
#5623=DIRECTION('',(-0.86602540378444,-1.06057523872491E-16,0.499999999999998));
#5624=DIRECTION('center_axis',(0.,0.,1.));
#5625=DIRECTION('ref_axis',(1.,0.,0.));
#5626=DIRECTION('center_axis',(0.,0.,1.));
#5627=DIRECTION('ref_axis',(1.,0.,0.));
#5628=DIRECTION('',(-0.866025403784438,-0.5,0.));
#5629=DIRECTION('',(0.,-1.,0.));
#5630=DIRECTION('',(0.866025403784438,-0.5,0.));
#5631=DIRECTION('',(0.866025403784438,0.5,0.));
#5632=DIRECTION('',(0.,1.,0.));
#5633=DIRECTION('',(-0.866025403784438,0.5,0.));
#5634=DIRECTION('center_axis',(-0.5,0.866025403784439,0.));
#5635=DIRECTION('ref_axis',(-0.866025403784439,-0.5,0.));
#5636=DIRECTION('',(0.,0.,1.));
#5637=DIRECTION('',(0.,0.,1.));
#5638=DIRECTION('center_axis',(-1.,0.,0.));
#5639=DIRECTION('ref_axis',(0.,0.,1.));
#5640=DIRECTION('',(0.,0.,1.));
#5641=DIRECTION('center_axis',(-0.5,-0.866025403784439,0.));
#5642=DIRECTION('ref_axis',(0.866025403784439,-0.5,0.));
#5643=DIRECTION('',(0.,0.,1.));
#5644=DIRECTION('center_axis',(0.5,-0.866025403784439,0.));
#5645=DIRECTION('ref_axis',(0.866025403784439,0.5,0.));
#5646=DIRECTION('',(0.,0.,1.));
#5647=DIRECTION('center_axis',(1.,0.,0.));
#5648=DIRECTION('ref_axis',(0.,0.,-1.));
#5649=DIRECTION('',(0.,0.,1.));
#5650=DIRECTION('center_axis',(0.5,0.866025403784439,0.));
#5651=DIRECTION('ref_axis',(-0.866025403784439,0.5,0.));
#5652=DIRECTION('center_axis',(0.,0.,1.));
#5653=DIRECTION('ref_axis',(1.,0.,0.));
#5654=DIRECTION('center_axis',(0.,0.,-1.));
#5655=DIRECTION('ref_axis',(-1.,0.,0.));
#5656=DIRECTION('center_axis',(0.,0.,1.));
#5657=DIRECTION('ref_axis',(1.70623852925764E-16,1.,0.));
#5658=DIRECTION('center_axis',(-6.51180950472189E-7,-5.28675941908601E-5,
-0.999999998602297));
#5659=DIRECTION('ref_axis',(-0.101949018659674,-0.99478962339854,5.26585214477594E-5));
#5660=DIRECTION('center_axis',(0.000108907848345279,0.00011162418645474,
-0.999999987839561));
#5661=DIRECTION('ref_axis',(-0.759715554978048,-0.650255527772806,-0.000155323232611542));
#5662=DIRECTION('center_axis',(0.,0.,-1.));
#5663=DIRECTION('ref_axis',(-1.,0.,0.));
#5664=DIRECTION('axis',(0.,0.,1.));
#5665=DIRECTION('refdir',(1.,0.,0.));
#5666=DIRECTION('center_axis',(6.29489544520919E-47,-2.49800180540662E-16,
-1.));
#5667=DIRECTION('ref_axis',(-1.,0.,0.));
#5668=DIRECTION('center_axis',(-6.29489544520919E-47,2.49800180540662E-16,
1.));
#5669=DIRECTION('ref_axis',(-1.,-4.99600361081325E-17,1.24800260396295E-32));
#5670=DIRECTION('center_axis',(0.,-1.,2.49800180540662E-16));
#5671=DIRECTION('ref_axis',(1.,0.,0.));
#5672=DIRECTION('center_axis',(6.29489544520919E-47,-2.49800180540662E-16,
-1.));
#5673=DIRECTION('ref_axis',(-1.,-4.99600361081325E-17,0.));
#5674=DIRECTION('center_axis',(0.,0.,1.));
#5675=DIRECTION('ref_axis',(-1.,6.50446390584503E-63,0.));
#5676=DIRECTION('',(0.,0.,-1.));
#5677=DIRECTION('center_axis',(-6.29489544520919E-47,2.49800180540662E-16,
1.));
#5678=DIRECTION('ref_axis',(-1.,6.50446390584503E-63,-6.29489544520919E-47));
#5679=DIRECTION('center_axis',(-6.29489544520919E-47,2.49800180540662E-16,
1.));
#5680=DIRECTION('ref_axis',(-1.,6.50446390584503E-63,-6.29489544520919E-47));
#5681=DIRECTION('center_axis',(-6.29489544520919E-47,2.49800180540662E-16,
1.));
#5682=DIRECTION('ref_axis',(-1.,6.50446390584503E-63,-6.29489544520919E-47));
#5683=DIRECTION('center_axis',(-1.,-1.22464679914735E-16,0.));
#5684=DIRECTION('ref_axis',(-1.22464679914735E-16,1.,0.));
#5685=DIRECTION('',(-1.,-1.22464679914735E-16,0.));
#5686=DIRECTION('',(-1.,-1.22464679914735E-16,0.));
#5687=DIRECTION('',(1.,1.22464679914735E-16,0.));
#5688=DIRECTION('center_axis',(0.,0.,1.));
#5689=DIRECTION('ref_axis',(-1.,6.50446390584503E-63,0.));
#5690=DIRECTION('',(0.,0.,-1.));
#5691=DIRECTION('',(0.,0.,-1.));
#5692=DIRECTION('center_axis',(0.,0.,-1.));
#5693=DIRECTION('ref_axis',(-1.,6.50446390584503E-63,0.));
#5694=DIRECTION('center_axis',(0.,0.,-1.));
#5695=DIRECTION('ref_axis',(-1.,6.50446390584503E-63,0.));
#5696=DIRECTION('center_axis',(0.,0.,-1.));
#5697=DIRECTION('ref_axis',(-1.,6.50446390584503E-63,0.));
#5698=DIRECTION('center_axis',(0.,0.,1.));
#5699=DIRECTION('ref_axis',(0.,-1.,0.));
#5700=DIRECTION('',(1.,0.,0.));
#5701=DIRECTION('center_axis',(0.,0.,1.));
#5702=DIRECTION('ref_axis',(-0.707106781186548,0.707106781186547,0.));
#5703=DIRECTION('',(0.,-1.,0.));
#5704=DIRECTION('center_axis',(0.,0.,1.));
#5705=DIRECTION('ref_axis',(-0.707106781186547,-0.707106781186548,0.));
#5706=DIRECTION('',(1.,0.,0.));
#5707=DIRECTION('center_axis',(0.,0.,1.));
#5708=DIRECTION('ref_axis',(0.,-1.,0.));
#5709=DIRECTION('',(1.,0.,0.));
#5710=DIRECTION('center_axis',(0.,0.,-1.));
#5711=DIRECTION('ref_axis',(0.707106781186547,-0.707106781186548,0.));
#5712=DIRECTION('',(0.,-1.,0.));
#5713=DIRECTION('center_axis',(0.,0.,-1.));
#5714=DIRECTION('ref_axis',(0.707106781186548,0.707106781186547,0.));
#5715=DIRECTION('',(1.,0.,0.));
#5716=DIRECTION('center_axis',(0.,0.,1.));
#5717=DIRECTION('ref_axis',(-1.,6.50446390584503E-63,0.));
#5718=DIRECTION('',(0.,0.,-1.));
#5719=DIRECTION('center_axis',(0.,0.,1.));
#5720=DIRECTION('ref_axis',(-1.,6.50446390584503E-63,0.));
#5721=DIRECTION('center_axis',(6.29489544520919E-47,-2.49800180540662E-16,
-1.));
#5722=DIRECTION('ref_axis',(-1.,6.50446390584503E-63,-6.2948954452092E-47));
#5723=DIRECTION('center_axis',(-6.29489544520919E-47,2.49800180540662E-16,
1.));
#5724=DIRECTION('ref_axis',(-1.,6.50446390584503E-63,-6.29489544520919E-47));
#5725=DIRECTION('center_axis',(0.,0.,-1.));
#5726=DIRECTION('ref_axis',(0.,1.,0.));
#5727=DIRECTION('',(0.,-1.,0.));
#5728=DIRECTION('',(1.,0.,0.));
#5729=DIRECTION('',(0.,1.,0.));
#5730=DIRECTION('',(1.,0.,0.));
#5731=DIRECTION('center_axis',(0.,0.,1.));
#5732=DIRECTION('ref_axis',(-0.707106781186547,-0.707106781186548,0.));
#5733=DIRECTION('',(0.,0.,1.));
#5734=DIRECTION('center_axis',(0.,0.,-1.));
#5735=DIRECTION('ref_axis',(0.,-1.,0.));
#5736=DIRECTION('',(0.,0.,-1.));
#5737=DIRECTION('center_axis',(0.,0.,1.));
#5738=DIRECTION('ref_axis',(0.,1.,0.));
#5739=DIRECTION('center_axis',(1.,0.,0.));
#5740=DIRECTION('ref_axis',(0.,0.,-1.));
#5741=DIRECTION('center_axis',(-1.,0.,0.));
#5742=DIRECTION('ref_axis',(0.,0.,-1.));
#5743=DIRECTION('center_axis',(0.,0.,-1.));
#5744=DIRECTION('ref_axis',(-0.707106781186548,0.707106781186547,0.));
#5745=DIRECTION('',(0.,0.,1.));
#5746=DIRECTION('',(0.,0.,-1.));
#5747=DIRECTION('center_axis',(1.,0.,0.));
#5748=DIRECTION('ref_axis',(0.,1.,0.));
#5749=DIRECTION('center_axis',(-1.,0.,0.));
#5750=DIRECTION('ref_axis',(0.,1.,0.));
#5751=DIRECTION('center_axis',(1.,0.,0.));
#5752=DIRECTION('ref_axis',(0.,1.,0.));
#5753=DIRECTION('',(1.,0.,0.));
#5754=DIRECTION('center_axis',(-1.,0.,0.));
#5755=DIRECTION('ref_axis',(0.,1.,0.));
#5756=DIRECTION('center_axis',(1.,0.,0.));
#5757=DIRECTION('ref_axis',(0.,-1.,0.));
#5758=DIRECTION('',(-1.,0.,0.));
#5759=DIRECTION('center_axis',(1.,0.,0.));
#5760=DIRECTION('ref_axis',(0.,-1.,0.));
#5761=DIRECTION('',(-1.,0.,0.));
#5762=DIRECTION('center_axis',(1.,0.,0.));
#5763=DIRECTION('ref_axis',(0.,1.,0.));
#5764=DIRECTION('',(0.,0.,-1.));
#5765=DIRECTION('',(0.,0.,1.));
#5766=DIRECTION('center_axis',(0.,0.,-1.));
#5767=DIRECTION('ref_axis',(0.707106781186547,-0.707106781186548,0.));
#5768=DIRECTION('',(0.,0.,-1.));
#5769=DIRECTION('center_axis',(0.,0.,1.));
#5770=DIRECTION('ref_axis',(0.,-1.,0.));
#5771=DIRECTION('',(0.,0.,1.));
#5772=DIRECTION('center_axis',(0.,0.,-1.));
#5773=DIRECTION('ref_axis',(0.,1.,0.));
#5774=DIRECTION('center_axis',(-1.,0.,0.));
#5775=DIRECTION('ref_axis',(0.,0.,-1.));
#5776=DIRECTION('center_axis',(1.,0.,0.));
#5777=DIRECTION('ref_axis',(0.,0.,-1.));
#5778=DIRECTION('center_axis',(0.,0.,1.));
#5779=DIRECTION('ref_axis',(0.707106781186548,0.707106781186547,0.));
#5780=DIRECTION('',(0.,0.,-1.));
#5781=DIRECTION('',(0.,0.,1.));
#5782=DIRECTION('center_axis',(1.,0.,0.));
#5783=DIRECTION('ref_axis',(0.,1.,0.));
#5784=DIRECTION('center_axis',(-1.,0.,0.));
#5785=DIRECTION('ref_axis',(0.,1.,0.));
#5786=DIRECTION('center_axis',(1.,0.,0.));
#5787=DIRECTION('ref_axis',(0.,1.,0.));
#5788=DIRECTION('',(-1.,0.,0.));
#5789=DIRECTION('center_axis',(-1.,0.,0.));
#5790=DIRECTION('ref_axis',(0.,1.,0.));
#5791=DIRECTION('center_axis',(0.,-1.,0.));
#5792=DIRECTION('ref_axis',(0.,0.,-1.));
#5793=DIRECTION('',(0.,0.,-1.));
#5794=DIRECTION('',(1.,0.,0.));
#5795=DIRECTION('center_axis',(0.,0.,1.));
#5796=DIRECTION('ref_axis',(0.,-1.,0.));
#5797=DIRECTION('center_axis',(0.,1.,0.));
#5798=DIRECTION('ref_axis',(0.,0.,1.));
#5799=DIRECTION('',(1.,0.,0.));
#5800=DIRECTION('',(0.,0.,1.));
#5801=DIRECTION('center_axis',(1.,0.,0.));
#5802=DIRECTION('ref_axis',(0.,-1.,0.));
#5803=DIRECTION('center_axis',(1.,0.,0.));
#5804=DIRECTION('ref_axis',(0.,-1.,0.));
#5805=DIRECTION('center_axis',(1.,0.,0.));
#5806=DIRECTION('ref_axis',(0.,1.,0.));
#5807=DIRECTION('axis',(0.,0.,1.));
#5808=DIRECTION('refdir',(1.,0.,0.));
#5809=DIRECTION('center_axis',(0.,-1.,0.));
#5810=DIRECTION('ref_axis',(-1.,0.,0.));
#5811=DIRECTION('',(-1.,0.,0.));
#5812=DIRECTION('',(0.,0.,1.));
#5813=DIRECTION('',(-1.,0.,0.));
#5814=DIRECTION('',(0.,0.,-1.));
#5815=DIRECTION('center_axis',(0.,0.,1.));
#5816=DIRECTION('ref_axis',(-1.,0.,0.));
#5817=DIRECTION('',(0.,-1.,0.));
#5818=DIRECTION('center_axis',(0.,0.,-1.));
#5819=DIRECTION('ref_axis',(1.,-8.88178419700126E-16,0.));
#5820=DIRECTION('',(1.,0.,0.));
#5821=DIRECTION('center_axis',(0.,0.,-1.));
#5822=DIRECTION('ref_axis',(-4.44089209850063E-16,1.,0.));
#5823=DIRECTION('',(0.,1.,0.));
#5824=DIRECTION('center_axis',(1.,0.,0.));
#5825=DIRECTION('ref_axis',(0.,1.,0.));
#5826=DIRECTION('',(0.,1.,0.));
#5827=DIRECTION('',(0.,0.,1.));
#5828=DIRECTION('',(0.,-1.,0.));
#5829=DIRECTION('',(0.,0.,1.));
#5830=DIRECTION('center_axis',(0.,0.,1.));
#5831=DIRECTION('ref_axis',(1.,0.,0.));
#5832=DIRECTION('',(0.,-1.,0.));
#5833=DIRECTION('center_axis',(0.,0.,1.));
#5834=DIRECTION('ref_axis',(-1.,7.7715611723761E-16,0.));
#5835=DIRECTION('',(1.,0.,0.));
#5836=DIRECTION('center_axis',(0.,0.,1.));
#5837=DIRECTION('ref_axis',(-8.88178419700126E-16,-1.,0.));
#5838=DIRECTION('',(0.,-1.,0.));
#5839=DIRECTION('',(-1.,0.,0.));
#5840=DIRECTION('',(0.,1.,0.));
#5841=DIRECTION('',(1.,0.,0.));
#5842=DIRECTION('center_axis',(-1.,0.,0.));
#5843=DIRECTION('ref_axis',(0.,-1.,0.));
#5844=DIRECTION('',(0.,0.,1.));
#5845=DIRECTION('',(0.,1.,0.));
#5846=DIRECTION('',(0.,0.,1.));
#5847=DIRECTION('center_axis',(-1.,0.,0.));
#5848=DIRECTION('ref_axis',(0.,1.,0.));
#5849=DIRECTION('center_axis',(-1.,0.,0.));
#5850=DIRECTION('ref_axis',(0.,1.,0.));
#5851=DIRECTION('',(-1.,0.,0.));
#5852=DIRECTION('center_axis',(1.,0.,0.));
#5853=DIRECTION('ref_axis',(0.,1.,0.));
#5854=DIRECTION('center_axis',(1.,0.,0.));
#5855=DIRECTION('ref_axis',(0.,1.,0.));
#5856=DIRECTION('center_axis',(-1.,0.,0.));
#5857=DIRECTION('ref_axis',(0.,0.707106781186547,0.707106781186547));
#5858=DIRECTION('',(0.,0.,1.));
#5859=DIRECTION('',(0.,0.,1.));
#5860=DIRECTION('center_axis',(1.,0.,0.));
#5861=DIRECTION('ref_axis',(0.,-0.707106781186547,0.707106781186547));
#5862=DIRECTION('',(-1.,0.,0.));
#5863=DIRECTION('center_axis',(1.,0.,0.));
#5864=DIRECTION('ref_axis',(0.,-0.707106781186547,0.707106781186547));
#5865=DIRECTION('',(1.,0.,0.));
#5866=DIRECTION('center_axis',(0.,-1.,0.));
#5867=DIRECTION('ref_axis',(1.,0.,0.));
#5868=DIRECTION('',(0.,0.,1.));
#5869=DIRECTION('center_axis',(-1.,0.,0.));
#5870=DIRECTION('ref_axis',(0.,-1.,0.));
#5871=DIRECTION('',(0.,0.,1.));
#5872=DIRECTION('center_axis',(0.,1.,0.));
#5873=DIRECTION('ref_axis',(-1.,0.,0.));
#5874=DIRECTION('center_axis',(0.,0.,1.));
#5875=DIRECTION('ref_axis',(-4.44089209850063E-16,1.,0.));
#5876=DIRECTION('',(0.,0.,1.));
#5877=DIRECTION('center_axis',(0.,0.,1.));
#5878=DIRECTION('ref_axis',(-4.44089209850063E-16,1.,0.));
#5879=DIRECTION('center_axis',(0.,1.,0.));
#5880=DIRECTION('ref_axis',(-1.,0.,0.));
#5881=DIRECTION('',(0.,0.,1.));
#5882=DIRECTION('',(1.,0.,0.));
#5883=DIRECTION('center_axis',(0.,0.,1.));
#5884=DIRECTION('ref_axis',(1.,-8.88178419700126E-16,0.));
#5885=DIRECTION('center_axis',(0.,0.,1.));
#5886=DIRECTION('ref_axis',(1.,-8.88178419700126E-16,0.));
#5887=DIRECTION('center_axis',(0.,0.,1.));
#5888=DIRECTION('ref_axis',(-8.88178419700126E-16,-1.,0.));
#5889=DIRECTION('center_axis',(0.,0.,1.));
#5890=DIRECTION('ref_axis',(-8.88178419700126E-16,-1.,0.));
#5891=DIRECTION('',(0.,0.,1.));
#5892=DIRECTION('center_axis',(0.,-1.,0.));
#5893=DIRECTION('ref_axis',(1.,0.,0.));
#5894=DIRECTION('',(-1.,0.,0.));
#5895=DIRECTION('',(0.,0.,1.));
#5896=DIRECTION('center_axis',(0.,0.,1.));
#5897=DIRECTION('ref_axis',(-1.,7.7715611723761E-16,0.));
#5898=DIRECTION('center_axis',(0.,0.,1.));
#5899=DIRECTION('ref_axis',(-1.,7.7715611723761E-16,0.));
#5900=DIRECTION('center_axis',(0.,0.,1.));
#5901=DIRECTION('ref_axis',(1.,0.,0.));
#5902=DIRECTION('axis',(0.,0.,1.));
#5903=DIRECTION('refdir',(1.,0.,0.));
#5904=DIRECTION('center_axis',(0.,0.,1.));
#5905=DIRECTION('ref_axis',(1.,0.,0.));
#5906=DIRECTION('center_axis',(0.,0.,-1.));
#5907=DIRECTION('ref_axis',(1.,0.,0.));
#5908=DIRECTION('center_axis',(0.,0.,1.));
#5909=DIRECTION('ref_axis',(1.,0.,0.));
#5910=DIRECTION('center_axis',(0.,0.,-1.));
#5911=DIRECTION('ref_axis',(1.,0.,0.));
#5912=DIRECTION('',(0.,0.,-1.));
#5913=DIRECTION('center_axis',(0.,0.,1.));
#5914=DIRECTION('ref_axis',(1.,0.,0.));
#5915=DIRECTION('center_axis',(0.,0.,1.));
#5916=DIRECTION('ref_axis',(1.,0.,0.));
#5917=DIRECTION('',(0.,0.,-1.));
#5918=DIRECTION('center_axis',(0.,0.,-1.));
#5919=DIRECTION('ref_axis',(1.,0.,0.));
#5920=DIRECTION('center_axis',(0.,0.,-1.));
#5921=DIRECTION('ref_axis',(-1.,0.,0.));
#5922=DIRECTION('',(-1.,1.83697019872103E-16,0.));
#5923=DIRECTION('',(0.,0.,1.));
#5924=DIRECTION('',(-1.,-2.46519032881567E-32,1.00430255041085E-47));
#5925=DIRECTION('',(-1.57372386130233E-47,1.4791141972894E-30,0.999999999999998));
#5926=DIRECTION('',(0.,0.,1.));
#5927=DIRECTION('',(1.,0.,0.));
#5928=DIRECTION('',(0.,0.,1.));
#5929=DIRECTION('',(1.,0.,0.));
#5930=DIRECTION('',(2.7369110631344E-48,8.18789480661053E-16,0.999999999999996));
#5931=DIRECTION('',(1.,1.15762785123514E-46,6.50016377494424E-48));
#5932=DIRECTION('center_axis',(0.,0.,1.));
#5933=DIRECTION('ref_axis',(1.,0.,0.));
#5934=CARTESIAN_POINT('',(0.,0.,0.));
#5935=CARTESIAN_POINT('',(0.,0.,0.));
#5936=CARTESIAN_POINT('Origin',(0.,8.67361737988404E-16,-6.19962980357202E-15));
#5937=CARTESIAN_POINT('',(8.0544077943922E-16,6.57692307692307,1.66249999999999));
#5938=CARTESIAN_POINT('Origin',(0.,3.37543274014992E-16,1.66249999999999));
#5939=CARTESIAN_POINT('',(-8.0544077943922E-16,6.57692307692307,-1.66249999999999));
#5940=CARTESIAN_POINT('Origin',(-9.18485099360515E-16,7.5,-4.82190215453125E-15));
#5941=CARTESIAN_POINT('Origin',(0.,9.48335865089731E-16,-1.66249999999999));
#5942=CARTESIAN_POINT('Origin',(0.,8.42675286673533E-17,3.04126893987707));
#5943=CARTESIAN_POINT('',(5.15997854644737E-16,4.07688446993853,3.22688446993853));
#5944=CARTESIAN_POINT('',(-4.99274351660377E-16,-4.07688446993853,3.22688446993853));
#5945=CARTESIAN_POINT('Origin',(0.,5.01705089530815E-17,3.22688446993853));
#5946=CARTESIAN_POINT('Origin',(0.,5.01705089530815E-17,3.22688446993853));
#5947=CARTESIAN_POINT('',(-4.89858719658941E-16,-4.,3.04126893987707));
#5948=CARTESIAN_POINT('Origin',(-5.22005698136559E-16,-4.2625,3.04126893987707));
#5949=CARTESIAN_POINT('',(4.89858719658941E-16,4.,3.04126893987707));
#5950=CARTESIAN_POINT('Origin',(0.,8.42675286673534E-17,3.04126893987707));
#5951=CARTESIAN_POINT('Origin',(0.,8.42675286673534E-17,3.04126893987707));
#5952=CARTESIAN_POINT('Origin',(0.,1.20161161043737E-15,-3.04126893987707));
#5953=CARTESIAN_POINT('',(4.89858719658941E-16,4.,-3.04126893987707));
#5954=CARTESIAN_POINT('',(-4.89858719658941E-16,-4.,-3.04126893987707));
#5955=CARTESIAN_POINT('Origin',(0.,1.20161161043737E-15,-3.04126893987707));
#5956=CARTESIAN_POINT('Origin',(0.,1.20161161043737E-15,-3.04126893987707));
#5957=CARTESIAN_POINT('',(-4.99274351660377E-16,-4.07688446993853,-3.22688446993854));
#5958=CARTESIAN_POINT('Origin',(-5.22005698136559E-16,-4.2625,-3.04126893987707));
#5959=CARTESIAN_POINT('Origin',(0.,1.23570863015164E-15,-3.22688446993854));
#5960=CARTESIAN_POINT('Origin',(0.,-1.71874544111086E-31,3.5));
#5961=CARTESIAN_POINT('',(-5.32721357629097E-16,4.34999999999999,3.5));
#5962=CARTESIAN_POINT('',(-5.32721357629097E-16,4.34999999999999,3.5));
#5963=CARTESIAN_POINT('Origin',(0.,-1.71874544111086E-31,3.5));
#5964=CARTESIAN_POINT('Origin',(0.,0.,3.5));
#5965=CARTESIAN_POINT('',(-4.89858719658941E-16,4.,3.5));
#5966=CARTESIAN_POINT('Origin',(0.,1.22158518214949E-15,-3.15));
#5967=CARTESIAN_POINT('',(-5.32721357629097E-16,-4.34999999999999,-3.50000000000001));
#5968=CARTESIAN_POINT('',(-4.89858719658941E-16,-4.,-3.15));
#5969=CARTESIAN_POINT('Origin',(0.,1.28587913910472E-15,-3.5));
#5970=CARTESIAN_POINT('Origin',(0.,0.,3.5));
#5971=CARTESIAN_POINT('',(-8.0544077943922E-16,6.57692307692307,-3.5));
#5972=CARTESIAN_POINT('',(-8.0544077943922E-16,6.57692307692307,3.5));
#5973=CARTESIAN_POINT('Origin',(0.,1.28587913910472E-15,-3.5));
#5974=CARTESIAN_POINT('Origin',(0.,0.,3.5));
#5975=CARTESIAN_POINT('',(-8.05440779439221E-16,6.57692307692308,3.5));
#5976=CARTESIAN_POINT('Origin',(0.,-9.67279265394421E-32,3.5));
#5977=CARTESIAN_POINT('',(-8.05440779439221E-16,6.57692307692308,3.5));
#5978=CARTESIAN_POINT('Origin',(0.,4.34999999999999,3.5));
#5979=CARTESIAN_POINT('Origin',(0.,4.34999999999999,-3.5));
#5980=CARTESIAN_POINT('Origin',(0.,7.5,-4.89858719658941E-15));
#5981=CARTESIAN_POINT('',(-1.90157231151412,7.5,-4.89858719658941E-15));
#5982=CARTESIAN_POINT('',(1.90157231151412,7.5,-4.89858719658941E-15));
#5983=CARTESIAN_POINT('Origin',(0.,7.5,-4.89858719658941E-15));
#5984=CARTESIAN_POINT('Origin',(5.86373611851023,4.67617351394049,-5.41731570671446E-15));
#5985=CARTESIAN_POINT('',(4.67812517478424,6.16288261327173,-5.14421167575057E-15));
#5986=CARTESIAN_POINT('',(7.04934706223622,3.18946441460925,-5.69041973767835E-15));
#5987=CARTESIAN_POINT('Origin',(5.86373611851023,4.67617351394049,-5.41731570671446E-15));
#5988=CARTESIAN_POINT('Origin',(7.31195934136367,-1.66890700467239,-6.58288808883218E-15));
#5989=CARTESIAN_POINT('',(7.73509898810727,0.184988918854835,-6.24233293252719E-15));
#5990=CARTESIAN_POINT('',(6.88881969462007,-3.52280292819961,-6.92344324513717E-15));
#5991=CARTESIAN_POINT('Origin',(7.31195934136367,-1.66890700467239,-6.58288808883218E-15));
#5992=CARTESIAN_POINT('Origin',(3.25412804338165,-6.75726650926816,-7.51760456586431E-15));
#5993=CARTESIAN_POINT('',(4.96738549612111,-5.93220520454601,-7.36604326297507E-15));
#5994=CARTESIAN_POINT('',(1.54087059064218,-7.58232781399032,-7.66916586875356E-15));
#5995=CARTESIAN_POINT('Origin',(3.25412804338165,-6.75726650926816,-7.51760456586431E-15));
#5996=CARTESIAN_POINT('Origin',(-3.25412804338174,-6.75726650926812,-7.51760456586431E-15));
#5997=CARTESIAN_POINT('',(-1.54087059064228,-7.58232781399029,-7.66916586875356E-15));
#5998=CARTESIAN_POINT('',(-4.96738549612119,-5.93220520454594,-7.36604326297505E-15));
#5999=CARTESIAN_POINT('Origin',(-3.25412804338174,-6.75726650926812,-7.51760456586431E-15));
#6000=CARTESIAN_POINT('Origin',(-7.31195934136369,-1.66890700467229,-6.58288808883216E-15));
#6001=CARTESIAN_POINT('',(-6.88881969462012,-3.52280292819951,-6.92344324513715E-15));
#6002=CARTESIAN_POINT('',(-7.73509898810726,0.184988918854939,-6.24233293252717E-15));
#6003=CARTESIAN_POINT('Origin',(-7.31195934136369,-1.66890700467229,-6.58288808883216E-15));
#6004=CARTESIAN_POINT('Origin',(-5.86373611851017,4.67617351394057,-5.41731570671444E-15));
#6005=CARTESIAN_POINT('',(-7.04934706223618,3.18946441460935,-5.69041973767833E-15));
#6006=CARTESIAN_POINT('',(-4.67812517478416,6.1628826132718,-5.14421167575056E-15));
#6007=CARTESIAN_POINT('Origin',(-5.86373611851017,4.67617351394057,-5.41731570671444E-15));
#6008=CARTESIAN_POINT('Origin',(0.,5.78645612597381E-18,3.46849999999999));
#6009=CARTESIAN_POINT('',(-1.05081760636838E-15,-8.58057692307691,3.49999999999999));
#6010=CARTESIAN_POINT('Origin',(0.,2.55185717631309E-30,3.49999999999999));
#6011=CARTESIAN_POINT('',(-1.04695996895106E-15,-8.54907692307691,3.46849999999999));
#6012=CARTESIAN_POINT('Origin',(-1.05081760636838E-15,-8.58057692307691,
3.46849999999999));
#6013=CARTESIAN_POINT('',(1.04695996895106E-15,8.54907692307691,3.46849999999999));
#6014=CARTESIAN_POINT('Origin',(0.,5.78645612597387E-18,3.46849999999999));
#6015=CARTESIAN_POINT('Origin',(0.,5.78645612597387E-18,3.46849999999999));
#6016=CARTESIAN_POINT('Origin',(0.,7.00804130812078E-17,3.1185));
#6017=CARTESIAN_POINT('',(-1.03152941928181E-15,8.42307692307692,3.1185));
#6018=CARTESIAN_POINT('Origin',(0.,7.00804130812078E-17,3.1185));
#6019=CARTESIAN_POINT('',(-1.03538705669912E-15,8.45457692307692,3.15));
#6020=CARTESIAN_POINT('Origin',(-1.03538705669912E-15,8.45457692307692,
3.1185));
#6021=CARTESIAN_POINT('Origin',(0.,6.42939569552365E-17,3.15));
#6022=CARTESIAN_POINT('Origin',(0.,1.28009268297875E-15,-3.46850000000001));
#6023=CARTESIAN_POINT('',(-1.05081760636838E-15,8.58057692307691,-3.5));
#6024=CARTESIAN_POINT('Origin',(0.,1.28587913910472E-15,-3.50000000000001));
#6025=CARTESIAN_POINT('',(-1.04695996895106E-15,8.54907692307691,-3.4685));
#6026=CARTESIAN_POINT('Origin',(-1.05081760636838E-15,8.58057692307691,
-3.4685));
#6027=CARTESIAN_POINT('Origin',(0.,1.28009268297875E-15,-3.46850000000001));
#6028=CARTESIAN_POINT('Origin',(0.,1.21579872602351E-15,-3.1185));
#6029=CARTESIAN_POINT('',(1.03152941928181E-15,8.42307692307692,-3.1185));
#6030=CARTESIAN_POINT('',(-1.03152941928181E-15,-8.42307692307691,-3.1185));
#6031=CARTESIAN_POINT('Origin',(0.,1.21579872602351E-15,-3.1185));
#6032=CARTESIAN_POINT('Origin',(0.,1.21579872602351E-15,-3.1185));
#6033=CARTESIAN_POINT('',(-1.03538705669912E-15,-8.45457692307691,-3.15));
#6034=CARTESIAN_POINT('Origin',(-1.03538705669912E-15,-8.45457692307691,
-3.1185));
#6035=CARTESIAN_POINT('Origin',(0.,1.22158518214949E-15,-3.15));
#6036=CARTESIAN_POINT('Origin',(0.,0.,3.5));
#6037=CARTESIAN_POINT('',(-1.13672343920857E-15,9.28205128205128,3.15));
#6038=CARTESIAN_POINT('Origin',(0.,6.42939569552366E-17,3.15));
#6039=CARTESIAN_POINT('',(-1.13672343920857E-15,9.28205128205128,3.276));
#6040=CARTESIAN_POINT('',(-1.13672343920857E-15,9.28205128205128,3.5));
#6041=CARTESIAN_POINT('Origin',(0.,4.11481324513517E-17,3.276));
#6042=CARTESIAN_POINT('Origin',(0.,0.,3.5));
#6043=CARTESIAN_POINT('',(-1.04695996895106E-15,8.54907692307691,3.276));
#6044=CARTESIAN_POINT('Origin',(0.,4.11481324513517E-17,3.276));
#6045=CARTESIAN_POINT('',(-1.04695996895106E-15,8.54907692307691,3.5));
#6046=CARTESIAN_POINT('Origin',(0.,0.,3.5));
#6047=CARTESIAN_POINT('',(-1.03152941928181E-15,8.42307692307691,-1.66250000000001));
#6048=CARTESIAN_POINT('',(-1.03152941928181E-15,8.42307692307691,3.5));
#6049=CARTESIAN_POINT('Origin',(0.,9.48335865089733E-16,-1.66250000000001));
#6050=CARTESIAN_POINT('Origin',(0.,8.67361737988404E-16,-6.19962980357202E-15));
#6051=CARTESIAN_POINT('',(-1.03152941928181E-15,8.42307692307692,1.6625));
#6052=CARTESIAN_POINT('Origin',(-9.18485099360515E-16,7.5,-4.82190215453125E-15));
#6053=CARTESIAN_POINT('Origin',(0.,3.37543274014991E-16,1.66249999999999));
#6054=CARTESIAN_POINT('Origin',(0.,0.,3.5));
#6055=CARTESIAN_POINT('',(-1.03152941928181E-15,8.42307692307692,3.5));
#6056=CARTESIAN_POINT('Origin',(0.,0.,3.5));
#6057=CARTESIAN_POINT('',(-1.04695996895106E-15,8.54907692307691,-3.276));
#6058=CARTESIAN_POINT('',(-1.04695996895106E-15,8.54907692307691,3.5));
#6059=CARTESIAN_POINT('Origin',(0.,1.24473100665337E-15,-3.276));
#6060=CARTESIAN_POINT('Origin',(0.,0.,3.5));
#6061=CARTESIAN_POINT('',(-1.13672343920857E-15,9.28205128205128,-3.276));
#6062=CARTESIAN_POINT('Origin',(0.,1.24473100665337E-15,-3.276));
#6063=CARTESIAN_POINT('',(-1.13672343920857E-15,9.28205128205128,-3.15));
#6064=CARTESIAN_POINT('',(-1.13672343920857E-15,9.28205128205128,3.5));
#6065=CARTESIAN_POINT('Origin',(0.,1.22158518214949E-15,-3.15));
#6066=CARTESIAN_POINT('Origin',(0.,1.28587913910472E-15,-3.50000000000001));
#6067=CARTESIAN_POINT('',(-1.34711147906209E-15,11.,-3.15));
#6068=CARTESIAN_POINT('Origin',(0.,1.22158518214949E-15,-3.15000000000001));
#6069=CARTESIAN_POINT('',(-1.30424884109193E-15,10.65,-3.5));
#6070=CARTESIAN_POINT('',(-1.30424884109193E-15,10.65,-3.5));
#6071=CARTESIAN_POINT('Origin',(0.,1.28587913910472E-15,-3.50000000000001));
#6072=CARTESIAN_POINT('Origin',(0.,6.42939569552386E-17,3.14999999999999));
#6073=CARTESIAN_POINT('',(1.34711147906209E-15,11.,3.14999999999999));
#6074=CARTESIAN_POINT('',(-1.34711147906209E-15,-11.,3.14999999999999));
#6075=CARTESIAN_POINT('Origin',(0.,6.42939569552386E-17,3.14999999999999));
#6076=CARTESIAN_POINT('',(-1.30424884109193E-15,-10.65,3.49999999999999));
#6077=CARTESIAN_POINT('',(-1.34711147906209E-15,-11.,3.14999999999999));
#6078=CARTESIAN_POINT('Origin',(0.,2.59002466779415E-30,3.49999999999999));
#6079=CARTESIAN_POINT('Origin',(0.,6.42939569552386E-17,3.14999999999999));
#6080=CARTESIAN_POINT('Origin',(0.,0.,3.5));
#6081=CARTESIAN_POINT('',(-1.34711147906209E-15,11.,3.5));
#6082=CARTESIAN_POINT('Origin',(0.,10.65,3.49999999999999));
#6083=CARTESIAN_POINT('Origin',(0.,10.65,-3.5));
#6084=CARTESIAN_POINT('Origin',(0.,8.42307692307692,-3.15));
#6085=CARTESIAN_POINT('Origin',(0.,8.54907692307691,-3.276));
#6086=CARTESIAN_POINT('Origin',(0.,8.54907692307691,3.276));
#6087=CARTESIAN_POINT('Origin',(0.,8.42307692307692,3.15));
#6088=CARTESIAN_POINT('Origin',(-5.86373611851023,4.67617351394049,-5.18728510125044E-16));
#6089=CARTESIAN_POINT('',(-6.22458141811086,4.96393803787529,-2.12059268767998));
#6090=CARTESIAN_POINT('Origin',(-6.22458141811086,4.96393803787529,-5.50650264594278E-16));
#6091=CARTESIAN_POINT('',(-5.5028908189096,4.38840899000569,-2.12059268767998));
#6092=CARTESIAN_POINT('Origin',(-5.86373611851023,4.67617351394049,-1.41742798638447));
#6093=CARTESIAN_POINT('Origin',(-5.5028908189096,4.38840899000569,-4.86806755655811E-16));
#6094=CARTESIAN_POINT('',(-6.94718693348869,2.82605621160727,0.583333333333333));
#6095=CARTESIAN_POINT('',(-7.34016827033924,3.08350846239492,0.583333333333333));
#6096=CARTESIAN_POINT('Ctrl Pts',(-6.94718693348829,2.82605621160862,0.583333333333333));
#6097=CARTESIAN_POINT('Ctrl Pts',(-7.04323334665362,2.85448182665589,0.583333333333333));
#6098=CARTESIAN_POINT('Ctrl Pts',(-7.14710017587719,2.90886505889338,0.583333333333333));
#6099=CARTESIAN_POINT('Ctrl Pts',(-7.26406112268512,3.00213830151118,0.583333333333333));
#6100=CARTESIAN_POINT('Ctrl Pts',(-7.30439956117597,3.04086255338479,0.583333333333333));
#6101=CARTESIAN_POINT('Ctrl Pts',(-7.34016827033925,3.08350846239492,0.583333333333333));
#6102=CARTESIAN_POINT('',(-6.94718693348869,2.82605621160727,-0.583333333333334));
#6103=CARTESIAN_POINT('Ctrl Pts',(-6.94718693348818,2.8260562116085,0.583333333332992));
#6104=CARTESIAN_POINT('Ctrl Pts',(-6.95999700744373,2.79456569205146,0.450520233897233));
#6105=CARTESIAN_POINT('Ctrl Pts',(-6.96819658134755,2.77386785437931,0.314640502813636));
#6106=CARTESIAN_POINT('Ctrl Pts',(-6.97908069960362,2.74641615535727,-0.0778945223290828));
#6107=CARTESIAN_POINT('Ctrl Pts',(-6.97108681315265,2.76730404276103,-0.335542640992363));
#6108=CARTESIAN_POINT('Ctrl Pts',(-6.94718693348818,2.8260562116085,-0.583333333332993));
#6109=CARTESIAN_POINT('',(-7.34016827033925,3.08350846239492,-0.583333333333334));
#6110=CARTESIAN_POINT('Ctrl Pts',(-6.94718693348828,2.82605621160862,-0.583333333333334));
#6111=CARTESIAN_POINT('Ctrl Pts',(-7.04284969042376,2.85436828088212,-0.583333333333334));
#6112=CARTESIAN_POINT('Ctrl Pts',(-7.14706143494417,2.90883416403023,-0.583333333333334));
#6113=CARTESIAN_POINT('Ctrl Pts',(-7.26403831991238,3.00212011690674,-0.583333333333334));
#6114=CARTESIAN_POINT('Ctrl Pts',(-7.3044100389806,3.04087504574231,-0.583333333333334));
#6115=CARTESIAN_POINT('Ctrl Pts',(-7.34016827033925,3.08350846239492,-0.583333333333334));
#6116=CARTESIAN_POINT('Ctrl Pts',(-7.34016827033925,3.08350846239492,-0.583333333333334));
#6117=CARTESIAN_POINT('Ctrl Pts',(-7.36932936108226,3.01409165501114,-0.329723516114919));
#6118=CARTESIAN_POINT('Ctrl Pts',(-7.37864291698778,2.99038221699335,-0.0638482260450974));
#6119=CARTESIAN_POINT('Ctrl Pts',(-7.36407228866812,3.02600339107733,0.32988203164484));
#6120=CARTESIAN_POINT('Ctrl Pts',(-7.35453552761858,3.04930778245528,0.458383360623048));
#6121=CARTESIAN_POINT('Ctrl Pts',(-7.34016827033925,3.08350846239492,0.583333333333333));
#6122=CARTESIAN_POINT('',(-4.63953956635008,6.46998974395077,0.583333333333333));
#6123=CARTESIAN_POINT('',(-4.30109560690003,6.14414978498289,0.583333333333333));
#6124=CARTESIAN_POINT('Origin',(-5.03423526696909,5.71707174455338,0.58333333333069));
#6125=CARTESIAN_POINT('',(-4.63953956635008,6.46998974395077,-0.583333333333334));
#6126=CARTESIAN_POINT('Ctrl Pts',(-4.63953956635008,6.46998974395077,0.583333333333333));
#6127=CARTESIAN_POINT('Ctrl Pts',(-4.59393459057117,6.50269243714229,0.394309712275718));
#6128=CARTESIAN_POINT('Ctrl Pts',(-4.57040644471337,6.51900909683969,0.197856663950204));
#6129=CARTESIAN_POINT('Ctrl Pts',(-4.57040644471337,6.51900909683969,-3.90661740811476E-16));
#6130=CARTESIAN_POINT('Ctrl Pts',(-4.57040644471337,6.51900909683969,-0.197556443029392));
#6131=CARTESIAN_POINT('Ctrl Pts',(-4.59386851892623,6.50273981619899,-0.394035858351621));
#6132=CARTESIAN_POINT('Ctrl Pts',(-4.63953956635008,6.46998974395077,-0.583333333333331));
#6133=CARTESIAN_POINT('',(-4.30109560690652,6.14414978499216,-0.583333333333334));
#6134=CARTESIAN_POINT('Origin',(-5.03423526695018,5.71707174457768,-0.583333333333975));
#6135=CARTESIAN_POINT('Ctrl Pts',(-4.30109560690089,6.14414978498229,-0.583333333333065));
#6136=CARTESIAN_POINT('Ctrl Pts',(-4.2611612729852,6.1721050585645,-0.392894846874719));
#6137=CARTESIAN_POINT('Ctrl Pts',(-4.2408903543246,6.18585879264929,-0.196622784563447));
#6138=CARTESIAN_POINT('Ctrl Pts',(-4.2408903543246,6.18585879264929,-3.61845776804017E-16));
#6139=CARTESIAN_POINT('Ctrl Pts',(-4.2408903543246,6.18585879264929,0.196866595658783));
#6140=CARTESIAN_POINT('Ctrl Pts',(-4.26120643982234,6.17207344037621,0.393110238074711));
#6141=CARTESIAN_POINT('Ctrl Pts',(-4.30109560690089,6.14414978498229,0.583333333333064));
#6142=CARTESIAN_POINT('Origin',(-5.86373611851023,4.67617351394049,-5.18728510125044E-16));
#6143=CARTESIAN_POINT('',(-7.18192881927108,3.43598502754007,0.583333333333333));
#6144=CARTESIAN_POINT('',(-6.81320288033921,3.13532558298775,0.583333333333333));
#6145=CARTESIAN_POINT('Origin',(-5.86373611851023,4.67617351394049,0.583333333333333));
#6146=CARTESIAN_POINT('',(-7.18192881927108,3.43598502754007,-0.583333333333334));
#6147=CARTESIAN_POINT('Ctrl Pts',(-7.18192881927108,3.43598502754007,0.583333333333331));
#6148=CARTESIAN_POINT('Ctrl Pts',(-7.2104778947514,3.37631147648784,0.391951103843218));
#6149=CARTESIAN_POINT('Ctrl Pts',(-7.2237597732134,3.34714645832238,0.189979969828894));
#6150=CARTESIAN_POINT('Ctrl Pts',(-7.2237597732134,3.34714645832238,-0.189979969828896));
#6151=CARTESIAN_POINT('Ctrl Pts',(-7.2104778947514,3.37631147648784,-0.39195110384322));
#6152=CARTESIAN_POINT('Ctrl Pts',(-7.18192881927108,3.43598502754008,-0.583333333333333));
#6153=CARTESIAN_POINT('',(-6.99218367398269,3.26114503624558,-0.583333333333334));
#6154=CARTESIAN_POINT('Origin',(-5.86373611851023,4.67617351394049,-0.583333333333333));
#6155=CARTESIAN_POINT('',(-4.73528856303777,6.0912019916354,-0.583333333333334));
#6156=CARTESIAN_POINT('Origin',(-5.86373611851023,4.67617351394049,-5.18728510125044E-16));
#6157=CARTESIAN_POINT('',(-4.94796721765965,6.23728427182228,-0.583333333333334));
#6158=CARTESIAN_POINT('Origin',(-5.86373611851023,4.67617351394049,-0.583333333333334));
#6159=CARTESIAN_POINT('',(-4.94796721765965,6.23728427182228,0.583333333333333));
#6160=CARTESIAN_POINT('Ctrl Pts',(-4.94796721765965,6.23728427182228,-0.583333333333333));
#6161=CARTESIAN_POINT('Ctrl Pts',(-4.89614257405928,6.27839617668766,-0.39195110384322));
#6162=CARTESIAN_POINT('Ctrl Pts',(-4.87066427979054,6.2978348778075,-0.189979969828895));
#6163=CARTESIAN_POINT('Ctrl Pts',(-4.87066427979054,6.2978348778075,0.189979969828895));
#6164=CARTESIAN_POINT('Ctrl Pts',(-4.89614257405928,6.27839617668766,0.391951103843219));
#6165=CARTESIAN_POINT('Ctrl Pts',(-4.94796721765965,6.23728427182228,0.583333333333333));
#6166=CARTESIAN_POINT('',(-4.57279669279946,5.94470608241672,0.583333333333333));
#6167=CARTESIAN_POINT('Origin',(-5.86373611851023,4.67617351394049,0.583333333333333));
#6168=CARTESIAN_POINT('',(-4.57279669279946,5.94470608241672,-0.583333333333334));
#6169=CARTESIAN_POINT('Ctrl Pts',(-4.57279669279946,5.94470608241672,0.583333333333331));
#6170=CARTESIAN_POINT('Ctrl Pts',(-4.52331015969355,5.9827721956589,0.391038097279877));
#6171=CARTESIAN_POINT('Ctrl Pts',(-4.49921842132054,6.00058610447762,0.189582069859749));
#6172=CARTESIAN_POINT('Ctrl Pts',(-4.49921842132054,6.00058610447762,-0.189582069859749));
#6173=CARTESIAN_POINT('Ctrl Pts',(-4.52331015969355,5.9827721956589,-0.391038097279878));
#6174=CARTESIAN_POINT('Ctrl Pts',(-4.57279669279946,5.94470608241672,-0.583333333333332));
#6175=CARTESIAN_POINT('Origin',(-5.86373611851023,4.67617351394049,-0.583333333333334));
#6176=CARTESIAN_POINT('',(-6.81320288033921,3.13532558298775,-0.583333333333334));
#6177=CARTESIAN_POINT('Origin',(-5.86373611851023,4.67617351394049,-0.583333333333333));
#6178=CARTESIAN_POINT('Ctrl Pts',(-6.81320288033921,3.13532558298775,-0.583333333333334));
#6179=CARTESIAN_POINT('Ctrl Pts',(-6.83930280708231,3.07860927351495,-0.391038097279879));
#6180=CARTESIAN_POINT('Ctrl Pts',(-6.85130916789134,3.05115759769437,-0.18958206985975));
#6181=CARTESIAN_POINT('Ctrl Pts',(-6.85130916789134,3.05115759769437,0.189582069859748));
#6182=CARTESIAN_POINT('Ctrl Pts',(-6.83930280708231,3.07860927351495,0.391038097279877));
#6183=CARTESIAN_POINT('Ctrl Pts',(-6.81320288033921,3.13532558298775,0.583333333333331));
#6184=CARTESIAN_POINT('',(-5.5028908189096,4.38840899000569,1.84471122521598));
#6185=CARTESIAN_POINT('Origin',(-5.5028908189096,4.38840899000569,-4.86806755655811E-16));
#6186=CARTESIAN_POINT('',(-6.22458141811086,4.96393803787529,1.84471122521598));
#6187=CARTESIAN_POINT('Origin',(-6.22458141811086,4.96393803787529,-5.50650264594278E-16));
#6188=CARTESIAN_POINT('Origin',(-7.31195934136366,-1.66890700467239,-1.68430089224277E-15));
#6189=CARTESIAN_POINT('',(-7.76192607006297,-1.77160897419069,-2.12059268767998));
#6190=CARTESIAN_POINT('Origin',(-7.76192607006297,-1.77160897419069,-1.78795017791924E-15));
#6191=CARTESIAN_POINT('',(-6.86199261266436,-1.56620503515408,-2.12059268767998));
#6192=CARTESIAN_POINT('Origin',(-7.31195934136366,-1.66890700467239,-1.41742798638447));
#6193=CARTESIAN_POINT('Origin',(-6.86199261266436,-1.56620503515409,-1.58065160656629E-15));
#6194=CARTESIAN_POINT('',(-6.54099992209603,-3.6695122317741,0.583333333333331));
#6195=CARTESIAN_POINT('',(-6.98730405284115,-3.81623856011464,0.583333333333331));
#6196=CARTESIAN_POINT('Ctrl Pts',(-6.54099992209603,-3.6695122317741,0.583333333333332));
#6197=CARTESIAN_POINT('Ctrl Pts',(-6.62277994255484,-3.72665210038444,0.583333333333332));
#6198=CARTESIAN_POINT('Ctrl Pts',(-6.73033804466289,-3.77416920040136,0.583333333333331));
#6199=CARTESIAN_POINT('Ctrl Pts',(-6.87620583432488,-3.80746257151543,0.583333333333331));
#6200=CARTESIAN_POINT('Ctrl Pts',(-6.9316770129121,-3.81486314958359,0.583333333333331));
#6201=CARTESIAN_POINT('Ctrl Pts',(-6.98730405284112,-3.81623856011582,0.583333333333331));
#6202=CARTESIAN_POINT('',(-6.54099992209603,-3.6695122317741,-0.583333333333335));
#6203=CARTESIAN_POINT('Ctrl Pts',(-6.54099992209603,-3.6695122317741,0.583333333333332));
#6204=CARTESIAN_POINT('Ctrl Pts',(-6.52436659297937,-3.69916156868438,0.450520233897465));
#6205=CARTESIAN_POINT('Ctrl Pts',(-6.51329672257687,-3.71847714441435,0.314640502813752));
#6206=CARTESIAN_POINT('Ctrl Pts',(-6.49862025676908,-3.74410254510981,-0.0778945223292023));
#6207=CARTESIAN_POINT('Ctrl Pts',(-6.5099669580642,-3.72482928823652,-0.335542640992601));
#6208=CARTESIAN_POINT('Ctrl Pts',(-6.54099992209603,-3.6695122317741,-0.583333333333336));
#6209=CARTESIAN_POINT('',(-6.98730405284343,-3.81623856011588,-0.583333333333335));
#6210=CARTESIAN_POINT('Ctrl Pts',(-6.54099992209603,-3.6695122317741,-0.583333333333335));
#6211=CARTESIAN_POINT('Ctrl Pts',(-6.62277994255484,-3.72665210038444,-0.583333333333335));
#6212=CARTESIAN_POINT('Ctrl Pts',(-6.73033804466289,-3.77416920040136,-0.583333333333335));
#6213=CARTESIAN_POINT('Ctrl Pts',(-6.87620583432557,-3.80746257151559,-0.583333333333335));
#6214=CARTESIAN_POINT('Ctrl Pts',(-6.93167701291364,-3.81486314958378,-0.583333333333335));
#6215=CARTESIAN_POINT('Ctrl Pts',(-6.98730405284343,-3.81623856011588,-0.583333333333335));
#6216=CARTESIAN_POINT('Ctrl Pts',(-6.98730405284056,-3.81623856011571,-0.583333333333698));
#6217=CARTESIAN_POINT('Ctrl Pts',(-6.9512134501048,-3.88231829040315,-0.329723516115171));
#6218=CARTESIAN_POINT('Ctrl Pts',(-6.93848357215699,-3.90438251443574,-0.0638482260452168));
#6219=CARTESIAN_POINT('Ctrl Pts',(-6.95724868933435,-3.87078129972448,0.32988203164497));
#6220=CARTESIAN_POINT('Ctrl Pts',(-6.96952272293625,-3.84879510933246,0.458383360623298));
#6221=CARTESIAN_POINT('Ctrl Pts',(-6.98730405284056,-3.81623856011571,0.583333333333695));
#6222=CARTESIAN_POINT('',(-7.95114727800535,0.406634526355324,0.583333333333332));
#6223=CARTESIAN_POINT('',(-7.48537898262037,0.46808277744997,0.583333333333332));
#6224=CARTESIAN_POINT('Origin',(-7.60858102653359,-0.371387692640817,0.583333333330685));
#6225=CARTESIAN_POINT('',(-7.95114727800535,0.406634526355325,-0.583333333333335));
#6226=CARTESIAN_POINT('Ctrl Pts',(-7.95114727800535,0.406634526355324,0.583333333333332));
#6227=CARTESIAN_POINT('Ctrl Pts',(-7.94828103579181,0.4626797278747,0.394309712275717));
#6228=CARTESIAN_POINT('Ctrl Pts',(-7.94636835503297,0.491248043952156,0.197856663950203));
#6229=CARTESIAN_POINT('Ctrl Pts',(-7.94636835503297,0.491248043952156,-1.15697388343772E-15));
#6230=CARTESIAN_POINT('Ctrl Pts',(-7.94636835503297,0.491248043952156,-0.197556443029391));
#6231=CARTESIAN_POINT('Ctrl Pts',(-7.94827688323313,0.462760925125483,-0.394035858351621));
#6232=CARTESIAN_POINT('Ctrl Pts',(-7.95114727800535,0.406634526355325,-0.583333333333331));
#6233=CARTESIAN_POINT('',(-7.48537898263166,0.468082777450677,-0.583333333333335));
#6234=CARTESIAN_POINT('Origin',(-7.60858102654053,-0.371387692611924,-0.583333333333968));
#6235=CARTESIAN_POINT('Ctrl Pts',(-7.48537898262043,0.468082777448922,-0.583333333333066));
#6236=CARTESIAN_POINT('Ctrl Pts',(-7.48233664566756,0.516734524922274,-0.39289484687472));
#6237=CARTESIAN_POINT('Ctrl Pts',(-7.48045103691735,0.541158280249024,-0.196622784563449));
#6238=CARTESIAN_POINT('Ctrl Pts',(-7.48045103691735,0.541158280249024,-1.06613881965866E-15));
#6239=CARTESIAN_POINT('Ctrl Pts',(-7.48045103691735,0.541158280249024,0.196866595658782));
#6240=CARTESIAN_POINT('Ctrl Pts',(-7.48234008663487,0.516679498449081,0.39311023807471));
#6241=CARTESIAN_POINT('Ctrl Pts',(-7.48537898262043,0.468082777448921,0.583333333333063));
#6242=CARTESIAN_POINT('Origin',(-7.31195934136367,-1.66890700467239,-1.68430089224277E-15));
#6243=CARTESIAN_POINT('',(-7.16422064431046,-3.47275643174006,0.583333333333332));
#6244=CARTESIAN_POINT('',(-6.69925876245329,-3.37193298179142,0.583333333333332));
#6245=CARTESIAN_POINT('Origin',(-7.31195934136367,-1.66890700467239,0.583333333333332));
#6246=CARTESIAN_POINT('',(-7.16422064431046,-3.47275643174006,-0.583333333333335));
#6247=CARTESIAN_POINT('Ctrl Pts',(-7.16422064431046,-3.47275643174006,0.58333333333333));
#6248=CARTESIAN_POINT('Ctrl Pts',(-7.13536604084163,-3.53228284826769,0.391951103843217));
#6249=CARTESIAN_POINT('Ctrl Pts',(-7.1208450272237,-3.56085113039279,0.189979969828893));
#6250=CARTESIAN_POINT('Ctrl Pts',(-7.1208450272237,-3.56085113039279,-0.189979969828897));
#6251=CARTESIAN_POINT('Ctrl Pts',(-7.13536604084163,-3.53228284826769,-0.391951103843221));
#6252=CARTESIAN_POINT('Ctrl Pts',(-7.16422064431046,-3.47275643174006,-0.583333333333334));
#6253=CARTESIAN_POINT('',(-6.90922107168248,-3.43341865503731,-0.583333333333335));
#6254=CARTESIAN_POINT('Origin',(-7.31195934136367,-1.66890700467239,-0.583333333333335));
#6255=CARTESIAN_POINT('',(-7.71469761104486,0.0956046456925347,-0.583333333333335));
#6256=CARTESIAN_POINT('Origin',(-7.31195934136367,-1.66890700467239,-1.68430089224277E-15));
#6257=CARTESIAN_POINT('',(-7.96151230895546,0.0204065897889998,-0.583333333333335));
#6258=CARTESIAN_POINT('Origin',(-7.31195934136367,-1.66890700467239,-0.583333333333335));
#6259=CARTESIAN_POINT('',(-7.96151230895546,0.0204065897889996,0.583333333333332));
#6260=CARTESIAN_POINT('Ctrl Pts',(-7.96151230895546,0.0204065897889972,
-0.583333333333333));
#6261=CARTESIAN_POINT('Ctrl Pts',(-7.96134275371366,0.0865575811419954,
-0.39195110384322));
#6262=CARTESIAN_POINT('Ctrl Pts',(-7.96065508558212,0.118597145630485,-0.189979969828896));
#6263=CARTESIAN_POINT('Ctrl Pts',(-7.96065508558212,0.118597145630485,0.189979969828893));
#6264=CARTESIAN_POINT('Ctrl Pts',(-7.96134275371366,0.0865575811419953,
0.391951103843218));
#6265=CARTESIAN_POINT('Ctrl Pts',(-7.96151230895546,0.0204065897889968,
0.583333333333331));
#6266=CARTESIAN_POINT('',(-7.49885047318638,0.131307200078088,0.583333333333332));
#6267=CARTESIAN_POINT('Origin',(-7.31195934136367,-1.66890700467239,0.583333333333332));
#6268=CARTESIAN_POINT('',(-7.49885047318638,0.131307200078089,-0.583333333333335));
#6269=CARTESIAN_POINT('Ctrl Pts',(-7.49885047318638,0.131307200078084,0.583333333333329));
#6270=CARTESIAN_POINT('Ctrl Pts',(-7.49775741021344,0.193731163021385,0.391038097279876));
#6271=CARTESIAN_POINT('Ctrl Pts',(-7.49666393176911,0.223673633028496,0.189582069859747));
#6272=CARTESIAN_POINT('Ctrl Pts',(-7.49666393176911,0.223673633028496,-0.18958206985975));
#6273=CARTESIAN_POINT('Ctrl Pts',(-7.49775741021344,0.193731163021385,-0.391038097279879));
#6274=CARTESIAN_POINT('Ctrl Pts',(-7.49885047318638,0.131307200078084,-0.583333333333333));
#6275=CARTESIAN_POINT('Origin',(-7.31195934136367,-1.66890700467239,-0.583333333333335));
#6276=CARTESIAN_POINT('',(-6.69925876245329,-3.37193298179141,-0.583333333333335));
#6277=CARTESIAN_POINT('Origin',(-7.31195934136367,-1.66890700467239,-0.583333333333335));
#6278=CARTESIAN_POINT('Ctrl Pts',(-6.69925876245329,-3.37193298179142,-0.583333333333335));
#6279=CARTESIAN_POINT('Ctrl Pts',(-6.67118920429164,-3.42770076676464,-0.391038097279881));
#6280=CARTESIAN_POINT('Ctrl Pts',(-6.65721246341047,-3.45420355755307,-0.189582069859751));
#6281=CARTESIAN_POINT('Ctrl Pts',(-6.65721246341047,-3.45420355755307,0.189582069859747));
#6282=CARTESIAN_POINT('Ctrl Pts',(-6.67118920429164,-3.42770076676464,0.391038097279875));
#6283=CARTESIAN_POINT('Ctrl Pts',(-6.69925876245329,-3.37193298179142,0.583333333333329));
#6284=CARTESIAN_POINT('',(-6.86199261266437,-1.56620503515409,1.84471122521597));
#6285=CARTESIAN_POINT('Origin',(-6.86199261266437,-1.56620503515409,-1.58065160656629E-15));
#6286=CARTESIAN_POINT('',(-7.76192607006297,-1.77160897419069,1.84471122521598));
#6287=CARTESIAN_POINT('Origin',(-7.76192607006297,-1.77160897419069,-1.78795017791924E-15));
#6288=CARTESIAN_POINT('Origin',(-3.25412804338164,-6.75726650926816,-2.6190173692749E-15));
#6289=CARTESIAN_POINT('',(-3.45438207682051,-7.17309829445389,-2.12059268767998));
#6290=CARTESIAN_POINT('Origin',(-3.45438207682051,-7.17309829445389,-2.78018766892259E-15));
#6291=CARTESIAN_POINT('',(-3.05387400994277,-6.34143472408243,-2.12059268767998));
#6292=CARTESIAN_POINT('Origin',(-3.25412804338164,-6.75726650926816,-1.41742798638447));
#6293=CARTESIAN_POINT('Origin',(-3.05387400994277,-6.34143472408243,-2.45784706962721E-15));
#6294=CARTESIAN_POINT('',(-1.20930655728312,-7.40186312022264,0.583333333333331));
#6295=CARTESIAN_POINT('',(-1.37285736852509,-7.84228010977946,0.583333333333331));
#6296=CARTESIAN_POINT('Origin',(-2.05067320252719,-7.33618493685493,0.583333333333368));
#6297=CARTESIAN_POINT('',(-1.20930655728312,-7.40186312022264,-0.583333333333336));
#6298=CARTESIAN_POINT('Ctrl Pts',(-1.20930655728311,-7.40186312022264,0.583333333333331));
#6299=CARTESIAN_POINT('Ctrl Pts',(-1.16119762703471,-7.40972309329541,0.392894846874902));
#6300=CARTESIAN_POINT('Ctrl Pts',(-1.13696663882617,-7.41331955753941,0.196622784563539));
#6301=CARTESIAN_POINT('Ctrl Pts',(-1.13696663882617,-7.41331955753941,-2.24893474290902E-15));
#6302=CARTESIAN_POINT('Ctrl Pts',(-1.13696663882617,-7.41331955753941,-0.196866595658878));
#6303=CARTESIAN_POINT('Ctrl Pts',(-1.1612520395666,-7.40971420344828,-0.393110238074899));
#6304=CARTESIAN_POINT('Ctrl Pts',(-1.20930655728311,-7.40186312022264,-0.583333333333337));
#6305=CARTESIAN_POINT('',(-1.37285736852504,-7.84228010977917,-0.583333333333336));
#6306=CARTESIAN_POINT('Origin',(-2.050673202525,-7.33618493685539,-0.58333333333378));
#6307=CARTESIAN_POINT('Ctrl Pts',(-1.37285736852523,-7.84228010977943,-0.583333333333296));
#6308=CARTESIAN_POINT('Ctrl Pts',(-1.31757953832584,-7.85195696082823,-0.394309712275693));
#6309=CARTESIAN_POINT('Ctrl Pts',(-1.28930187806908,-7.85644928334446,-0.197856663950192));
#6310=CARTESIAN_POINT('Ctrl Pts',(-1.28930187806908,-7.85644928334446,-2.40501545314946E-15));
#6311=CARTESIAN_POINT('Ctrl Pts',(-1.28930187806908,-7.85644928334446,0.197556443029373));
#6312=CARTESIAN_POINT('Ctrl Pts',(-1.31749945282842,-7.85197098047095,0.394035858351589));
#6313=CARTESIAN_POINT('Ctrl Pts',(-1.37285736852522,-7.84228010977943,0.583333333333288));
#6314=CARTESIAN_POINT('',(-5.27537891547622,-5.96292478341837,0.583333333333331));
#6315=CARTESIAN_POINT('',(-5.03301931052295,-5.56046010865136,0.583333333333331));
#6316=CARTESIAN_POINT('Origin',(-4.45351008635356,-6.18018462234915,0.583333333330667));
#6317=CARTESIAN_POINT('',(-5.27537891547622,-5.96292478341837,-0.583333333333336));
#6318=CARTESIAN_POINT('Ctrl Pts',(-5.27537891547622,-5.96292478341837,0.583333333333331));
#6319=CARTESIAN_POINT('Ctrl Pts',(-5.33177097433503,-5.91303492414473,0.32972351611491));
#6320=CARTESIAN_POINT('Ctrl Pts',(-5.35044933787491,-5.89571445907601,0.0638482260450813));
#6321=CARTESIAN_POINT('Ctrl Pts',(-5.3218662071698,-5.92148606926718,-0.329882031644848));
#6322=CARTESIAN_POINT('Ctrl Pts',(-5.30316248589461,-5.93834475484088,-0.458383360623054));
#6323=CARTESIAN_POINT('Ctrl Pts',(-5.27537891547622,-5.96292478341837,-0.583333333333336));
#6324=CARTESIAN_POINT('',(-5.03301931053055,-5.56046010865975,-0.583333333333336));
#6325=CARTESIAN_POINT('Origin',(-4.45351008637642,-6.18018462233897,-0.583333333333971));
#6326=CARTESIAN_POINT('Ctrl Pts',(-5.03301931052217,-5.56046010865206,-0.583333333333067));
#6327=CARTESIAN_POINT('Ctrl Pts',(-5.05822401272382,-5.53764621368329,-0.450520233897288));
#6328=CARTESIAN_POINT('Ctrl Pts',(-5.07459202874207,-5.52255576809234,-0.314640502813667));
#6329=CARTESIAN_POINT('Ctrl Pts',(-5.09630912626218,-5.50254508382839,0.0778945223290976));
#6330=CARTESIAN_POINT('Ctrl Pts',(-5.08004396874728,-5.51789600275201,0.335542640992405));
#6331=CARTESIAN_POINT('Ctrl Pts',(-5.03301931052217,-5.56046010865206,0.583333333333062));
#6332=CARTESIAN_POINT('Origin',(-3.25412804338165,-6.75726650926816,-2.6190173692749E-15));
#6333=CARTESIAN_POINT('',(-1.75170820071565,-7.76644146659856,0.583333333333331));
#6334=CARTESIAN_POINT('',(-1.54063615646554,-7.34005723638386,0.583333333333331));
#6335=CARTESIAN_POINT('Origin',(-3.25412804338165,-6.75726650926816,0.583333333333331));
#6336=CARTESIAN_POINT('',(-1.75170820071565,-7.76644146659856,-0.583333333333336));
#6337=CARTESIAN_POINT('Ctrl Pts',(-1.75170820071565,-7.76644146659856,0.583333333333331));
#6338=CARTESIAN_POINT('Ctrl Pts',(-1.68717802323634,-7.78099614283868,0.391951103843217));
#6339=CARTESIAN_POINT('Ctrl Pts',(-1.65578873696748,-7.78745518979646,0.189979969828893));
#6340=CARTESIAN_POINT('Ctrl Pts',(-1.65578873696748,-7.78745518979646,-0.189979969828898));
#6341=CARTESIAN_POINT('Ctrl Pts',(-1.68717802323634,-7.78099614283868,-0.391951103843223));
#6342=CARTESIAN_POINT('Ctrl Pts',(-1.75170820071565,-7.76644146659856,-0.583333333333337));
#6343=CARTESIAN_POINT('',(-1.62347407998027,-7.54254807010016,-0.583333333333336));
#6344=CARTESIAN_POINT('Origin',(-3.25412804338165,-6.75726650926816,-0.583333333333335));
#6345=CARTESIAN_POINT('',(-4.88478200678302,-5.97198494843617,-0.583333333333336));
#6346=CARTESIAN_POINT('Origin',(-3.25412804338165,-6.75726650926816,-2.6190173692749E-15));
#6347=CARTESIAN_POINT('',(-4.97987624635334,-6.21183767057397,-0.583333333333336));
#6348=CARTESIAN_POINT('Origin',(-3.25412804338165,-6.75726650926816,-0.583333333333336));
#6349=CARTESIAN_POINT('',(-4.97987624635334,-6.21183767057397,0.583333333333331));
#6350=CARTESIAN_POINT('Ctrl Pts',(-4.97987624635334,-6.21183767057397,-0.583333333333336));
#6351=CARTESIAN_POINT('Ctrl Pts',(-5.03148945802547,-6.17046063845647,-0.391951103843222));
#6352=CARTESIAN_POINT('Ctrl Pts',(-5.05611024416006,-6.14994665614717,-0.189979969828898));
#6353=CARTESIAN_POINT('Ctrl Pts',(-5.05611024416006,-6.14994665614717,0.189979969828892));
#6354=CARTESIAN_POINT('Ctrl Pts',(-5.03148945802547,-6.17046063845647,0.391951103843216));
#6355=CARTESIAN_POINT('Ctrl Pts',(-4.97987624635334,-6.21183767057397,0.583333333333329));
#6356=CARTESIAN_POINT('',(-4.77811689859101,-5.78096868209809,0.583333333333331));
#6357=CARTESIAN_POINT('Origin',(-3.25412804338165,-6.75726650926816,0.583333333333331));
#6358=CARTESIAN_POINT('',(-4.77811689859101,-5.78096868209809,-0.583333333333336));
#6359=CARTESIAN_POINT('Ctrl Pts',(-4.77811689859101,-5.7809686820981,0.583333333333329));
#6360=CARTESIAN_POINT('Ctrl Pts',(-4.82624040446408,-5.74119338676678,0.391038097279874));
#6361=CARTESIAN_POINT('Ctrl Pts',(-4.8489685975199,-5.7216696462017,0.189582069859746));
#6362=CARTESIAN_POINT('Ctrl Pts',(-4.8489685975199,-5.7216696462017,-0.189582069859751));
#6363=CARTESIAN_POINT('Ctrl Pts',(-4.82624040446408,-5.74119338676678,-0.391038097279879));
#6364=CARTESIAN_POINT('Ctrl Pts',(-4.77811689859101,-5.7809686820981,-0.583333333333333));
#6365=CARTESIAN_POINT('Origin',(-3.25412804338165,-6.75726650926816,-0.583333333333336));
#6366=CARTESIAN_POINT('',(-1.54063615646555,-7.34005723638386,-0.583333333333336));
#6367=CARTESIAN_POINT('Origin',(-3.25412804338165,-6.75726650926816,-0.583333333333335));
#6368=CARTESIAN_POINT('Ctrl Pts',(-1.54063615646554,-7.34005723638386,-0.583333333333335));
#6369=CARTESIAN_POINT('Ctrl Pts',(-1.4795340632095,-7.35288221731716,-0.391038097279881));
#6370=CARTESIAN_POINT('Ctrl Pts',(-1.45009899159521,-7.35847898105135,-0.189582069859752));
#6371=CARTESIAN_POINT('Ctrl Pts',(-1.45009899159521,-7.35847898105135,0.189582069859746));
#6372=CARTESIAN_POINT('Ctrl Pts',(-1.4795340632095,-7.35288221731716,0.391038097279875));
#6373=CARTESIAN_POINT('Ctrl Pts',(-1.54063615646554,-7.34005723638386,0.583333333333329));
#6374=CARTESIAN_POINT('',(-3.05387400994277,-6.34143472408243,1.84471122521597));
#6375=CARTESIAN_POINT('Origin',(-3.05387400994277,-6.34143472408243,-2.45784706962721E-15));
#6376=CARTESIAN_POINT('',(-3.45438207682051,-7.17309829445389,1.84471122521597));
#6377=CARTESIAN_POINT('Origin',(-3.45438207682051,-7.17309829445389,-2.78018766892259E-15));
#6378=CARTESIAN_POINT('Origin',(3.25412804338174,-6.75726650926811,-2.61901736927489E-15));
#6379=CARTESIAN_POINT('',(3.45438207682061,-7.17309829445384,-2.12059268767998));
#6380=CARTESIAN_POINT('Origin',(3.45438207682061,-7.17309829445384,-2.78018766892258E-15));
#6381=CARTESIAN_POINT('',(3.05387400994286,-6.34143472408238,-2.12059268767998));
#6382=CARTESIAN_POINT('Origin',(3.25412804338174,-6.75726650926811,-1.41742798638447));
#6383=CARTESIAN_POINT('Origin',(3.05387400994286,-6.34143472408239,-2.45784706962721E-15));
#6384=CARTESIAN_POINT('',(5.03301931052202,-5.5604601086522,0.583333333333331));
#6385=CARTESIAN_POINT('',(5.27537891547603,-5.96292478341854,0.583333333333331));
#6386=CARTESIAN_POINT('Ctrl Pts',(5.03301931052218,-5.56046010865202,0.583333333333331));
#6387=CARTESIAN_POINT('Ctrl Pts',(5.10692432986027,-5.62747491632681,0.583333333333331));
#6388=CARTESIAN_POINT('Ctrl Pts',(5.17718400630836,-5.72176276277859,0.583333333333331));
#6389=CARTESIAN_POINT('Ctrl Pts',(5.24210127988777,-5.85656487037337,0.583333333333331));
#6390=CARTESIAN_POINT('Ctrl Pts',(5.26165980847954,-5.90899848715597,0.583333333333331));
#6391=CARTESIAN_POINT('Ctrl Pts',(5.27537891547634,-5.96292478341846,0.583333333333331));
#6392=CARTESIAN_POINT('',(5.03301931052202,-5.5604601086522,-0.583333333333336));
#6393=CARTESIAN_POINT('Ctrl Pts',(5.03301931052219,-5.56046010865205,0.583333333333388));
#6394=CARTESIAN_POINT('Ctrl Pts',(5.06915991231005,-5.52774764544974,0.392894846874936));
#6395=CARTESIAN_POINT('Ctrl Pts',(5.08707951531857,-5.51104545479587,0.19662278456355));
#6396=CARTESIAN_POINT('Ctrl Pts',(5.08707951531857,-5.51104545479587,-2.00514444825353E-15));
#6397=CARTESIAN_POINT('Ctrl Pts',(5.08707951531857,-5.51104545479587,-0.196866595658898));
#6398=CARTESIAN_POINT('Ctrl Pts',(5.06911903628896,-5.52778464415118,-0.393110238074938));
#6399=CARTESIAN_POINT('Ctrl Pts',(5.03301931052219,-5.56046010865205,-0.583333333333393));
#6400=CARTESIAN_POINT('',(5.2753789154765,-5.96292478341907,-0.583333333333336));
#6401=CARTESIAN_POINT('Ctrl Pts',(5.03301931052218,-5.56046010865202,-0.583333333333336));
#6402=CARTESIAN_POINT('Ctrl Pts',(5.10722072651446,-5.6277436797336,-0.583333333333336));
#6403=CARTESIAN_POINT('Ctrl Pts',(5.17720550590419,-5.72180740714934,-0.583333333333336));
#6404=CARTESIAN_POINT('Ctrl Pts',(5.24211393447202,-5.85659114788831,-0.583333333333336));
#6405=CARTESIAN_POINT('Ctrl Pts',(5.2616557885347,-5.9089826857821,-0.583333333333336));
#6406=CARTESIAN_POINT('Ctrl Pts',(5.2753789154765,-5.96292478341907,-0.583333333333336));
#6407=CARTESIAN_POINT('Ctrl Pts',(5.27537891547628,-5.96292478341832,-0.583333333333435));
#6408=CARTESIAN_POINT('Ctrl Pts',(5.31740974567561,-5.92574025342893,-0.394309712275787));
#6409=CARTESIAN_POINT('Ctrl Pts',(5.33855281763872,-5.90643280566518,-0.197856663950237));
#6410=CARTESIAN_POINT('Ctrl Pts',(5.33855281763872,-5.90643280566518,-2.1551066250837E-15));
#6411=CARTESIAN_POINT('Ctrl Pts',(5.33855281763872,-5.90643280566518,0.197556443029416));
#6412=CARTESIAN_POINT('Ctrl Pts',(5.31747063916457,-5.92568638117002,0.394035858351683));
#6413=CARTESIAN_POINT('Ctrl Pts',(5.27537891547628,-5.96292478341832,0.583333333333427));
#6414=CARTESIAN_POINT('',(1.37285736852535,-7.84228010977941,0.583333333333331));
#6415=CARTESIAN_POINT('',(1.20930655728211,-7.4018631202228,0.583333333333331));
#6416=CARTESIAN_POINT('Origin',(2.05514478390188,-7.33517647863861,0.583333333330683));
#6417=CARTESIAN_POINT('',(1.37285736852535,-7.84228010977941,-0.583333333333336));
#6418=CARTESIAN_POINT('Ctrl Pts',(1.37285736852535,-7.84228010977941,0.583333333333331));
#6419=CARTESIAN_POINT('Ctrl Pts',(1.29869203228503,-7.85526337828313,0.329723516114914));
#6420=CARTESIAN_POINT('Ctrl Pts',(1.27350457822079,-7.8590675776058,0.0638482260450902));
#6421=CARTESIAN_POINT('Ctrl Pts',(1.31147492492197,-7.85278872228472,-0.329882031644843));
#6422=CARTESIAN_POINT('Ctrl Pts',(1.3363171555284,-7.84867678268042,-0.458383360623052));
#6423=CARTESIAN_POINT('Ctrl Pts',(1.37285736852535,-7.84228010977941,-0.583333333333336));
#6424=CARTESIAN_POINT('',(1.20930655728394,-7.40186312023398,-0.583333333333336));
#6425=CARTESIAN_POINT('Origin',(2.05514478387594,-7.33517647865158,-0.583333333333982));
#6426=CARTESIAN_POINT('Ctrl Pts',(1.20930655728315,-7.40186312022263,-0.583333333333067));
#6427=CARTESIAN_POINT('Ctrl Pts',(1.17575506117723,-7.4073447190564,-0.450520233897287));
#6428=CARTESIAN_POINT('Ctrl Pts',(1.15375158466572,-7.41073301035356,-0.314640502813665));
#6429=CARTESIAN_POINT('Ctrl Pts',(1.12456621289267,-7.41523566333582,0.0778945223291033));
#6430=CARTESIAN_POINT('Ctrl Pts',(1.14670920442813,-7.41209019252141,0.335542640992408));
#6431=CARTESIAN_POINT('Ctrl Pts',(1.20930655728315,-7.40186312022263,0.583333333333061));
#6432=CARTESIAN_POINT('Origin',(3.25412804338174,-6.75726650926812,-2.61901736927489E-15));
#6433=CARTESIAN_POINT('',(4.97987624635343,-6.2118376705739,0.583333333333331));
#6434=CARTESIAN_POINT('',(4.77811689859109,-5.78096868209803,0.583333333333331));
#6435=CARTESIAN_POINT('Origin',(3.25412804338174,-6.75726650926812,0.583333333333331));
#6436=CARTESIAN_POINT('',(4.97987624635343,-6.2118376705739,-0.583333333333336));
#6437=CARTESIAN_POINT('Ctrl Pts',(4.97987624635343,-6.2118376705739,0.58333333333333));
#6438=CARTESIAN_POINT('Ctrl Pts',(5.03148945802556,-6.1704606384564,0.391951103843217));
#6439=CARTESIAN_POINT('Ctrl Pts',(5.05611024416014,-6.1499466561471,0.189979969828892));
#6440=CARTESIAN_POINT('Ctrl Pts',(5.05611024416014,-6.1499466561471,-0.189979969828897));
#6441=CARTESIAN_POINT('Ctrl Pts',(5.03148945802556,-6.1704606384564,-0.391951103843221));
#6442=CARTESIAN_POINT('Ctrl Pts',(4.97987624635343,-6.2118376705739,-0.583333333333334));
#6443=CARTESIAN_POINT('',(4.8847820067831,-5.9719849484361,-0.583333333333336));
#6444=CARTESIAN_POINT('Origin',(3.25412804338174,-6.75726650926812,-0.583333333333335));
#6445=CARTESIAN_POINT('',(1.62347407998037,-7.54254807010013,-0.583333333333336));
#6446=CARTESIAN_POINT('Origin',(3.25412804338174,-6.75726650926812,-2.61901736927489E-15));
#6447=CARTESIAN_POINT('',(1.75170820071575,-7.76644146659854,-0.583333333333336));
#6448=CARTESIAN_POINT('Origin',(3.25412804338174,-6.75726650926812,-0.583333333333336));
#6449=CARTESIAN_POINT('',(1.75170820071575,-7.76644146659854,0.583333333333331));
#6450=CARTESIAN_POINT('Ctrl Pts',(1.75170820071575,-7.76644146659854,-0.583333333333336));
#6451=CARTESIAN_POINT('Ctrl Pts',(1.68717802323645,-7.78099614283865,-0.391951103843222));
#6452=CARTESIAN_POINT('Ctrl Pts',(1.65578873696759,-7.78745518979643,-0.189979969828898));
#6453=CARTESIAN_POINT('Ctrl Pts',(1.65578873696759,-7.78745518979643,0.189979969828892));
#6454=CARTESIAN_POINT('Ctrl Pts',(1.68717802323645,-7.78099614283865,0.391951103843217));
#6455=CARTESIAN_POINT('Ctrl Pts',(1.75170820071575,-7.76644146659854,0.58333333333333));
#6456=CARTESIAN_POINT('',(1.54063615646564,-7.34005723638384,0.583333333333331));
#6457=CARTESIAN_POINT('Origin',(3.25412804338174,-6.75726650926812,0.583333333333331));
#6458=CARTESIAN_POINT('',(1.54063615646564,-7.34005723638384,-0.583333333333336));
#6459=CARTESIAN_POINT('Ctrl Pts',(1.54063615646564,-7.34005723638384,0.583333333333328));
#6460=CARTESIAN_POINT('Ctrl Pts',(1.4795340632096,-7.35288221731714,0.391038097279874));
#6461=CARTESIAN_POINT('Ctrl Pts',(1.45009899159531,-7.35847898105133,0.189582069859746));
#6462=CARTESIAN_POINT('Ctrl Pts',(1.45009899159531,-7.35847898105133,-0.189582069859751));
#6463=CARTESIAN_POINT('Ctrl Pts',(1.4795340632096,-7.35288221731714,-0.39103809727988));
#6464=CARTESIAN_POINT('Ctrl Pts',(1.54063615646564,-7.34005723638384,-0.583333333333333));
#6465=CARTESIAN_POINT('Origin',(3.25412804338174,-6.75726650926812,-0.583333333333336));
#6466=CARTESIAN_POINT('',(4.77811689859109,-5.78096868209803,-0.583333333333335));
#6467=CARTESIAN_POINT('Origin',(3.25412804338174,-6.75726650926812,-0.583333333333335));
#6468=CARTESIAN_POINT('Ctrl Pts',(4.77811689859109,-5.78096868209803,-0.583333333333335));
#6469=CARTESIAN_POINT('Ctrl Pts',(4.82624040446416,-5.74119338676671,-0.39103809727988));
#6470=CARTESIAN_POINT('Ctrl Pts',(4.84896859751998,-5.72166964620163,-0.189582069859752));
#6471=CARTESIAN_POINT('Ctrl Pts',(4.84896859751998,-5.72166964620163,0.189582069859747));
#6472=CARTESIAN_POINT('Ctrl Pts',(4.82624040446416,-5.74119338676671,0.391038097279875));
#6473=CARTESIAN_POINT('Ctrl Pts',(4.77811689859109,-5.78096868209803,0.583333333333329));
#6474=CARTESIAN_POINT('',(3.05387400994286,-6.34143472408239,1.84471122521597));
#6475=CARTESIAN_POINT('Origin',(3.05387400994286,-6.34143472408239,-2.45784706962721E-15));
#6476=CARTESIAN_POINT('',(3.45438207682061,-7.17309829445385,1.84471122521597));
#6477=CARTESIAN_POINT('Origin',(3.45438207682061,-7.17309829445384,-2.78018766892258E-15));
#6478=CARTESIAN_POINT('Origin',(7.31195934136369,-1.66890700467229,-1.68430089224275E-15));
#6479=CARTESIAN_POINT('',(7.76192607006299,-1.77160897419058,-2.12059268767998));
#6480=CARTESIAN_POINT('Origin',(7.76192607006299,-1.77160897419058,-1.78795017791923E-15));
#6481=CARTESIAN_POINT('',(6.86199261266438,-1.56620503515399,-2.12059268767998));
#6482=CARTESIAN_POINT('Origin',(7.31195934136369,-1.66890700467229,-1.41742798638447));
#6483=CARTESIAN_POINT('Origin',(6.86199261266438,-1.56620503515399,-1.58065160656627E-15));
#6484=CARTESIAN_POINT('',(7.48537898262045,0.468082777448677,0.583333333333332));
#6485=CARTESIAN_POINT('',(7.95114727800534,0.406634526355431,0.583333333333332));
#6486=CARTESIAN_POINT('Origin',(7.60762669775614,-0.377238549628675,0.583333333336284));
#6487=CARTESIAN_POINT('',(7.48537898262045,0.468082777448677,-0.583333333333334));
#6488=CARTESIAN_POINT('Ctrl Pts',(7.48537898262043,0.468082777448937,0.583333333333398));
#6489=CARTESIAN_POINT('Ctrl Pts',(7.48233664566756,0.516734524922346,0.392894846874948));
#6490=CARTESIAN_POINT('Ctrl Pts',(7.48045103691735,0.541158280249124,0.196622784563564));
#6491=CARTESIAN_POINT('Ctrl Pts',(7.48045103691734,0.541158280249124,-5.79384346603409E-16));
#6492=CARTESIAN_POINT('Ctrl Pts',(7.48045103691734,0.541158280249124,-0.196866595658899));
#6493=CARTESIAN_POINT('Ctrl Pts',(7.48234008663487,0.516679498449154,-0.393110238074942));
#6494=CARTESIAN_POINT('Ctrl Pts',(7.48537898262043,0.468082777448937,-0.583333333333401));
#6495=CARTESIAN_POINT('',(7.95114727800534,0.406634526355431,-0.583333333333334));
#6496=CARTESIAN_POINT('Origin',(7.60762669775563,-0.377238549632287,-0.583333333336282));
#6497=CARTESIAN_POINT('Ctrl Pts',(7.95114727800534,0.406634526355433,-0.583333333333335));
#6498=CARTESIAN_POINT('Ctrl Pts',(7.9482810357918,0.462679727874809,-0.394309712275719));
#6499=CARTESIAN_POINT('Ctrl Pts',(7.94636835503296,0.491248043952265,-0.197856663950203));
#6500=CARTESIAN_POINT('Ctrl Pts',(7.94636835503296,0.491248043952265,-6.58003077036649E-16));
#6501=CARTESIAN_POINT('Ctrl Pts',(7.94636835503296,0.491248043952265,0.197556443029386));
#6502=CARTESIAN_POINT('Ctrl Pts',(7.94827688323312,0.462760925125592,0.394035858351616));
#6503=CARTESIAN_POINT('Ctrl Pts',(7.95114727800534,0.406634526355434,0.583333333333328));
#6504=CARTESIAN_POINT('',(6.98730405284056,-3.81623856011571,0.583333333333331));
#6505=CARTESIAN_POINT('',(6.54099992209553,-3.66951223177499,0.583333333333331));
#6506=CARTESIAN_POINT('Origin',(7.01623371456397,-2.96663083618305,0.58333333333068));
#6507=CARTESIAN_POINT('',(6.98730405284056,-3.81623856011571,-0.583333333333335));
#6508=CARTESIAN_POINT('Ctrl Pts',(6.98730405284056,-3.81623856011571,0.583333333333331));
#6509=CARTESIAN_POINT('Ctrl Pts',(6.95121345010484,-3.88231829040308,0.329723516114913));
#6510=CARTESIAN_POINT('Ctrl Pts',(6.93848357215705,-3.90438251443564,0.063848226045087));
#6511=CARTESIAN_POINT('Ctrl Pts',(6.95724868933439,-3.87078129972439,-0.329882031644845));
#6512=CARTESIAN_POINT('Ctrl Pts',(6.96952272293628,-3.84879510933241,-0.458383360623052));
#6513=CARTESIAN_POINT('Ctrl Pts',(6.98730405284056,-3.81623856011571,-0.583333333333335));
#6514=CARTESIAN_POINT('',(6.5409999221054,-3.66951223178053,-0.583333333333335));
#6515=CARTESIAN_POINT('Origin',(7.01623371455852,-2.96663083620922,-0.58333333333397));
#6516=CARTESIAN_POINT('Ctrl Pts',(6.54099992209604,-3.66951223177407,-0.583333333333066));
#6517=CARTESIAN_POINT('Ctrl Pts',(6.5243665929794,-3.69916156868432,-0.450520233897286));
#6518=CARTESIAN_POINT('Ctrl Pts',(6.51329672257692,-3.71847714441427,-0.314640502813666));
#6519=CARTESIAN_POINT('Ctrl Pts',(6.49862025676913,-3.74410254510971,0.0778945223291016));
#6520=CARTESIAN_POINT('Ctrl Pts',(6.50996695806425,-3.72482928823644,0.335542640992408));
#6521=CARTESIAN_POINT('Ctrl Pts',(6.54099992209604,-3.66951223177407,0.583333333333063));
#6522=CARTESIAN_POINT('Origin',(7.31195934136369,-1.66890700467229,-1.68430089224275E-15));
#6523=CARTESIAN_POINT('',(7.96151230895546,0.0204065897891075,0.583333333333332));
#6524=CARTESIAN_POINT('',(7.49885047318638,0.13130720007819,0.583333333333332));
#6525=CARTESIAN_POINT('Origin',(7.31195934136369,-1.66890700467229,0.583333333333332));
#6526=CARTESIAN_POINT('',(7.96151230895546,0.0204065897891075,-0.583333333333334));
#6527=CARTESIAN_POINT('Ctrl Pts',(7.96151230895546,0.0204065897891054,0.583333333333331));
#6528=CARTESIAN_POINT('Ctrl Pts',(7.96134275371365,0.0865575811421039,0.391951103843218));
#6529=CARTESIAN_POINT('Ctrl Pts',(7.96065508558211,0.118597145630594,0.189979969828893));
#6530=CARTESIAN_POINT('Ctrl Pts',(7.96065508558211,0.118597145630594,-0.189979969828896));
#6531=CARTESIAN_POINT('Ctrl Pts',(7.96134275371365,0.086557581142104,-0.39195110384322));
#6532=CARTESIAN_POINT('Ctrl Pts',(7.96151230895546,0.0204065897891058,-0.583333333333333));
#6533=CARTESIAN_POINT('',(7.71469761104486,0.0956046456926399,-0.583333333333334));
#6534=CARTESIAN_POINT('Origin',(7.31195934136369,-1.66890700467229,-0.583333333333335));
#6535=CARTESIAN_POINT('',(6.90922107168252,-3.43341865503721,-0.583333333333335));
#6536=CARTESIAN_POINT('Origin',(7.31195934136369,-1.66890700467229,-1.68430089224275E-15));
#6537=CARTESIAN_POINT('',(7.1642206443105,-3.47275643173996,-0.583333333333335));
#6538=CARTESIAN_POINT('Origin',(7.31195934136369,-1.66890700467229,-0.583333333333335));
#6539=CARTESIAN_POINT('',(7.1642206443105,-3.47275643173996,0.583333333333331));
#6540=CARTESIAN_POINT('Ctrl Pts',(7.16422064431051,-3.47275643173996,-0.583333333333335));
#6541=CARTESIAN_POINT('Ctrl Pts',(7.13536604084168,-3.53228284826759,-0.391951103843222));
#6542=CARTESIAN_POINT('Ctrl Pts',(7.12084502722375,-3.56085113039269,-0.189979969828897));
#6543=CARTESIAN_POINT('Ctrl Pts',(7.12084502722375,-3.56085113039269,0.189979969828893));
#6544=CARTESIAN_POINT('Ctrl Pts',(7.13536604084168,-3.53228284826759,0.391951103843218));
#6545=CARTESIAN_POINT('Ctrl Pts',(7.16422064431051,-3.47275643173996,0.583333333333331));
#6546=CARTESIAN_POINT('',(6.69925876245334,-3.37193298179133,0.583333333333331));
#6547=CARTESIAN_POINT('Origin',(7.31195934136369,-1.66890700467229,0.583333333333332));
#6548=CARTESIAN_POINT('',(6.69925876245334,-3.37193298179133,-0.583333333333335));
#6549=CARTESIAN_POINT('Ctrl Pts',(6.69925876245334,-3.37193298179133,0.583333333333329));
#6550=CARTESIAN_POINT('Ctrl Pts',(6.67118920429169,-3.42770076676455,0.391038097279875));
#6551=CARTESIAN_POINT('Ctrl Pts',(6.65721246341052,-3.45420355755298,0.189582069859747));
#6552=CARTESIAN_POINT('Ctrl Pts',(6.65721246341052,-3.45420355755298,-0.189582069859751));
#6553=CARTESIAN_POINT('Ctrl Pts',(6.67118920429169,-3.42770076676454,-0.391038097279879));
#6554=CARTESIAN_POINT('Ctrl Pts',(6.69925876245334,-3.37193298179133,-0.583333333333334));
#6555=CARTESIAN_POINT('Origin',(7.31195934136369,-1.66890700467229,-0.583333333333335));
#6556=CARTESIAN_POINT('',(7.49885047318638,0.131307200078182,-0.583333333333334));
#6557=CARTESIAN_POINT('Origin',(7.31195934136369,-1.66890700467229,-0.583333333333335));
#6558=CARTESIAN_POINT('Ctrl Pts',(7.49885047318638,0.131307200078185,-0.583333333333334));
#6559=CARTESIAN_POINT('Ctrl Pts',(7.49775741021344,0.193731163021486,-0.39103809727988));
#6560=CARTESIAN_POINT('Ctrl Pts',(7.4966639317691,0.223673633028597,-0.189582069859751));
#6561=CARTESIAN_POINT('Ctrl Pts',(7.4966639317691,0.223673633028597,0.189582069859747));
#6562=CARTESIAN_POINT('Ctrl Pts',(7.49775741021344,0.193731163021486,0.391038097279876));
#6563=CARTESIAN_POINT('Ctrl Pts',(7.49885047318638,0.131307200078185,0.58333333333333));
#6564=CARTESIAN_POINT('',(6.86199261266438,-1.56620503515399,1.84471122521597));
#6565=CARTESIAN_POINT('Origin',(6.86199261266439,-1.56620503515399,-1.58065160656627E-15));
#6566=CARTESIAN_POINT('',(7.76192607006299,-1.77160897419058,1.84471122521597));
#6567=CARTESIAN_POINT('Origin',(7.76192607006299,-1.77160897419058,-1.78795017791923E-15));
#6568=CARTESIAN_POINT('Origin',(5.86373611851016,4.67617351394057,-5.18728510125029E-16));
#6569=CARTESIAN_POINT('',(6.22458141811079,4.96393803787538,-2.12059268767998));
#6570=CARTESIAN_POINT('Origin',(6.22458141811079,4.96393803787538,-5.50650264594261E-16));
#6571=CARTESIAN_POINT('',(5.50289081890954,4.38840899000577,-2.12059268767998));
#6572=CARTESIAN_POINT('Origin',(5.86373611851016,4.67617351394057,-1.41742798638447));
#6573=CARTESIAN_POINT('Origin',(5.50289081890954,4.38840899000577,-4.86806755655796E-16));
#6574=CARTESIAN_POINT('',(4.63953956634627,6.46998974395351,0.583333333317891));
#6575=CARTESIAN_POINT('',(4.63953956634999,6.46998974395084,-0.583333333333333));
#6576=CARTESIAN_POINT('Ctrl Pts',(4.63953956634626,6.46998974395351,0.583333333317888));
#6577=CARTESIAN_POINT('Ctrl Pts',(4.59386851892486,6.50273981619993,0.394035858340938));
#6578=CARTESIAN_POINT('Ctrl Pts',(4.57040644471327,6.51900909683976,0.197556443024026));
#6579=CARTESIAN_POINT('Ctrl Pts',(4.57040644471327,6.51900909683976,1.08309065589595E-16));
#6580=CARTESIAN_POINT('Ctrl Pts',(4.57040644471327,6.51900909683976,-0.197856663950202));
#6581=CARTESIAN_POINT('Ctrl Pts',(4.59393459057107,6.50269243714236,-0.394309712275717));
#6582=CARTESIAN_POINT('Ctrl Pts',(4.63953956634999,6.46998974395084,-0.583333333333333));
#6583=CARTESIAN_POINT('',(4.30109560690086,6.14414978498231,0.583333333333333));
#6584=CARTESIAN_POINT('Origin',(5.03643128812797,5.71459959661872,0.583333333144268));
#6585=CARTESIAN_POINT('',(4.30109560689898,6.14414978498362,-0.583333333333333));
#6586=CARTESIAN_POINT('Ctrl Pts',(4.30109560690074,6.14414978498239,-0.583333333332783));
#6587=CARTESIAN_POINT('Ctrl Pts',(4.26120643982223,6.17207344037628,-0.393110238074517));
#6588=CARTESIAN_POINT('Ctrl Pts',(4.24089035432451,6.18585879264935,-0.196866595658686));
#6589=CARTESIAN_POINT('Ctrl Pts',(4.24089035432451,6.18585879264935,1.24908696251225E-16));
#6590=CARTESIAN_POINT('Ctrl Pts',(4.24089035432451,6.18585879264935,0.196622784563541));
#6591=CARTESIAN_POINT('Ctrl Pts',(4.26116127298513,6.17210505856455,0.392894846874905));
#6592=CARTESIAN_POINT('Ctrl Pts',(4.30109560690085,6.14414978498231,0.583333333333334));
#6593=CARTESIAN_POINT('Origin',(5.03643128687278,5.71459959767047,-0.583333333327787));
#6594=CARTESIAN_POINT('',(7.3401682703392,3.08350846239502,0.583333333333332));
#6595=CARTESIAN_POINT('',(6.94718693348853,2.82605621160765,0.583333333333333));
#6596=CARTESIAN_POINT('Origin',(6.69395555307004,3.63584833416945,0.58333333333067));
#6597=CARTESIAN_POINT('',(7.3401682703392,3.08350846239502,-0.583333333333334));
#6598=CARTESIAN_POINT('Ctrl Pts',(7.3401682703392,3.08350846239502,0.583333333333333));
#6599=CARTESIAN_POINT('Ctrl Pts',(7.36932936108221,3.01409165501124,0.329723516114916));
#6600=CARTESIAN_POINT('Ctrl Pts',(7.37864291698773,2.99038221699346,0.0638482260450916));
#6601=CARTESIAN_POINT('Ctrl Pts',(7.36407228866807,3.02600339107743,-0.329882031644842));
#6602=CARTESIAN_POINT('Ctrl Pts',(7.35453552761853,3.04930778245538,-0.45838336062305));
#6603=CARTESIAN_POINT('Ctrl Pts',(7.3401682703392,3.08350846239502,-0.583333333333334));
#6604=CARTESIAN_POINT('',(6.94718693349902,2.82605621161191,-0.583333333333334));
#6605=CARTESIAN_POINT('Origin',(6.69395555309315,3.63584833413999,-0.583333333333968));
#6606=CARTESIAN_POINT('Ctrl Pts',(6.94718693348814,2.82605621160862,-0.583333333333065));
#6607=CARTESIAN_POINT('Ctrl Pts',(6.95999700744368,2.79456569205157,-0.450520233897285));
#6608=CARTESIAN_POINT('Ctrl Pts',(6.96819658134751,2.77386785437941,-0.314640502813665));
#6609=CARTESIAN_POINT('Ctrl Pts',(6.97908069960358,2.74641615535736,0.0778945223291053));
#6610=CARTESIAN_POINT('Ctrl Pts',(6.9710868131526,2.76730404276113,0.33554264099241));
#6611=CARTESIAN_POINT('Ctrl Pts',(6.94718693348814,2.82605621160862,0.583333333333063));
#6612=CARTESIAN_POINT('Origin',(5.86373611851017,4.67617351394057,-5.18728510125029E-16));
#6613=CARTESIAN_POINT('',(4.57279669279951,5.94470608241668,0.58333333333384));
#6614=CARTESIAN_POINT('',(4.57279669279938,5.94470608241678,-0.583333333333333));
#6615=CARTESIAN_POINT('Ctrl Pts',(4.57279669279951,5.94470608241668,0.58333333333384));
#6616=CARTESIAN_POINT('Ctrl Pts',(4.52331015969351,5.98277219565894,0.391038097280232));
#6617=CARTESIAN_POINT('Ctrl Pts',(4.49921842132046,6.00058610447768,0.189582069859916));
#6618=CARTESIAN_POINT('Ctrl Pts',(4.49921842132046,6.00058610447768,-0.18958206985975));
#6619=CARTESIAN_POINT('Ctrl Pts',(4.52331015969347,5.98277219565897,-0.391038097279879));
#6620=CARTESIAN_POINT('Ctrl Pts',(4.57279669279938,5.94470608241678,-0.583333333333333));
#6621=CARTESIAN_POINT('',(4.94796721765956,6.23728427182235,0.583333333333335));
#6622=CARTESIAN_POINT('Origin',(5.86373611851017,4.67617351394057,0.583333333333333));
#6623=CARTESIAN_POINT('',(4.94796721765955,6.23728427182235,-0.583333333333333));
#6624=CARTESIAN_POINT('Ctrl Pts',(4.94796721765956,6.23728427182235,-0.583333333333333));
#6625=CARTESIAN_POINT('Ctrl Pts',(4.89614257405919,6.27839617668773,-0.391951103843219));
#6626=CARTESIAN_POINT('Ctrl Pts',(4.87066427979045,6.29783487780757,-0.189979969828895));
#6627=CARTESIAN_POINT('Ctrl Pts',(4.87066427979045,6.29783487780757,0.189979969828895));
#6628=CARTESIAN_POINT('Ctrl Pts',(4.89614257405919,6.27839617668773,0.39195110384322));
#6629=CARTESIAN_POINT('Ctrl Pts',(4.94796721765956,6.23728427182235,0.583333333333335));
#6630=CARTESIAN_POINT('',(4.73528856303768,6.09120199163547,-0.583333333333333));
#6631=CARTESIAN_POINT('Origin',(5.86373611851017,4.67617351394057,-0.583333333333333));
#6632=CARTESIAN_POINT('',(6.99218367398265,3.26114503624568,-0.583333333333334));
#6633=CARTESIAN_POINT('Origin',(5.86373611851017,4.67617351394057,-5.18728510125029E-16));
#6634=CARTESIAN_POINT('',(7.18192881927104,3.43598502754017,-0.583333333333334));
#6635=CARTESIAN_POINT('Origin',(5.86373611851017,4.67617351394057,-0.583333333333334));
#6636=CARTESIAN_POINT('',(7.18192881927104,3.43598502754017,0.583333333333333));
#6637=CARTESIAN_POINT('Ctrl Pts',(7.18192881927103,3.43598502754018,-0.583333333333334));
#6638=CARTESIAN_POINT('Ctrl Pts',(7.21047789475135,3.37631147648794,-0.39195110384322));
#6639=CARTESIAN_POINT('Ctrl Pts',(7.22375977321335,3.34714645832248,-0.189979969828896));
#6640=CARTESIAN_POINT('Ctrl Pts',(7.22375977321335,3.34714645832248,-5.19761263664847E-16));
#6641=CARTESIAN_POINT('Ctrl Pts',(7.22375977321335,3.34714645832248,0.189979969828894));
#6642=CARTESIAN_POINT('Ctrl Pts',(7.21047789475135,3.37631147648794,0.391951103843218));
#6643=CARTESIAN_POINT('Ctrl Pts',(7.18192881927103,3.43598502754018,0.583333333333331));
#6644=CARTESIAN_POINT('',(6.81320288033917,3.13532558298784,0.583333333333333));
#6645=CARTESIAN_POINT('Origin',(5.86373611851017,4.67617351394057,0.583333333333333));
#6646=CARTESIAN_POINT('',(6.81320288033917,3.13532558298784,-0.583333333333334));
#6647=CARTESIAN_POINT('Ctrl Pts',(6.81320288033917,3.13532558298785,0.58333333333333));
#6648=CARTESIAN_POINT('Ctrl Pts',(6.83930280708227,3.07860927351505,0.391038097279876));
#6649=CARTESIAN_POINT('Ctrl Pts',(6.8513091678913,3.05115759769447,0.189582069859748));
#6650=CARTESIAN_POINT('Ctrl Pts',(6.8513091678913,3.05115759769447,-5.17667632640893E-16));
#6651=CARTESIAN_POINT('Ctrl Pts',(6.8513091678913,3.05115759769447,-0.189582069859749));
#6652=CARTESIAN_POINT('Ctrl Pts',(6.83930280708226,3.07860927351505,-0.391038097279877));
#6653=CARTESIAN_POINT('Ctrl Pts',(6.81320288033917,3.13532558298785,-0.583333333333331));
#6654=CARTESIAN_POINT('Origin',(5.86373611851017,4.67617351394057,-0.583333333333334));
#6655=CARTESIAN_POINT('Origin',(5.86373611851017,4.67617351394057,-0.583333333333333));
#6656=CARTESIAN_POINT('',(5.50289081890954,4.38840899000577,1.84471122521597));
#6657=CARTESIAN_POINT('Origin',(5.50289081890954,4.38840899000577,-4.86806755655796E-16));
#6658=CARTESIAN_POINT('',(6.22458141811079,4.96393803787538,1.84471122521598));
#6659=CARTESIAN_POINT('Origin',(6.22458141811079,4.96393803787538,-5.50650264594261E-16));
#6660=CARTESIAN_POINT('Origin',(0.,7.5,0.));
#6661=CARTESIAN_POINT('',(-1.79149810867123,7.75735967976112,0.583333333333334));
#6662=CARTESIAN_POINT('',(-1.79666626531878,7.28162003479071,0.583333333333334));
#6663=CARTESIAN_POINT('Origin',(-8.37783994667467E-17,7.5,0.583333333333334));
#6664=CARTESIAN_POINT('',(-1.79149810867123,7.75735967976112,-0.583333333333333));
#6665=CARTESIAN_POINT('Ctrl Pts',(-1.79149810867123,7.75735967976112,0.583333333333333));
#6666=CARTESIAN_POINT('Ctrl Pts',(-1.855952826969,7.74247439524522,0.39195110384322));
#6667=CARTESIAN_POINT('Ctrl Pts',(-1.8870360721281,7.73467449457593,0.189979969828895));
#6668=CARTESIAN_POINT('Ctrl Pts',(-1.8870360721281,7.73467449457593,-0.189979969828895));
#6669=CARTESIAN_POINT('Ctrl Pts',(-1.855952826969,7.74247439524522,-0.391951103843219));
#6670=CARTESIAN_POINT('Ctrl Pts',(-1.79149810867123,7.75735967976112,-0.583333333333332));
#6671=CARTESIAN_POINT('',(-1.80988935522019,7.5,-0.583333333333333));
#6672=CARTESIAN_POINT('Origin',(8.37783994667466E-17,7.5,-0.583333333333333));
#6673=CARTESIAN_POINT('',(1.80988935522019,7.5,-0.583333333333333));
#6674=CARTESIAN_POINT('Origin',(0.,7.5,0.));
#6675=CARTESIAN_POINT('',(1.79149810867123,7.75735967976112,-0.583333333333333));
#6676=CARTESIAN_POINT('Origin',(0.,7.5,-0.583333333333333));
#6677=CARTESIAN_POINT('',(1.79149810867123,7.75735967976112,0.583333333333333));
#6678=CARTESIAN_POINT('Ctrl Pts',(1.79149810867123,7.75735967976112,-0.583333333333333));
#6679=CARTESIAN_POINT('Ctrl Pts',(1.855952826969,7.74247439524522,-0.391951103843219));
#6680=CARTESIAN_POINT('Ctrl Pts',(1.8870360721281,7.73467449457593,-0.189979969828895));
#6681=CARTESIAN_POINT('Ctrl Pts',(1.8870360721281,7.73467449457593,0.));
#6682=CARTESIAN_POINT('Ctrl Pts',(1.8870360721281,7.73467449457593,0.189979969828895));
#6683=CARTESIAN_POINT('Ctrl Pts',(1.855952826969,7.74247439524522,0.391951103843219));
#6684=CARTESIAN_POINT('Ctrl Pts',(1.79149810867123,7.75735967976112,0.583333333333333));
#6685=CARTESIAN_POINT('',(1.79666626531878,7.28162003479071,0.583333333333333));
#6686=CARTESIAN_POINT('Origin',(0.,7.5,0.583333333333333));
#6687=CARTESIAN_POINT('',(1.79666626531878,7.28162003479071,-0.583333333333333));
#6688=CARTESIAN_POINT('Ctrl Pts',(1.79666626531878,7.28162003479071,0.583333333333331));
#6689=CARTESIAN_POINT('Ctrl Pts',(1.8572818997876,7.26666373865322,0.391038097279877));
#6690=CARTESIAN_POINT('Ctrl Pts',(1.8862303277125,7.25893484960553,0.189582069859749));
#6691=CARTESIAN_POINT('Ctrl Pts',(1.8862303277125,7.25893484960553,0.));
#6692=CARTESIAN_POINT('Ctrl Pts',(1.8862303277125,7.25893484960553,-0.189582069859749));
#6693=CARTESIAN_POINT('Ctrl Pts',(1.8572818997876,7.26666373865322,-0.391038097279878));
#6694=CARTESIAN_POINT('Ctrl Pts',(1.79666626531878,7.28162003479071,-0.583333333333332));
#6695=CARTESIAN_POINT('Origin',(0.,7.5,-0.583333333333333));
#6696=CARTESIAN_POINT('',(-1.79666626531878,7.28162003479071,-0.583333333333333));
#6697=CARTESIAN_POINT('Origin',(8.37783994667466E-17,7.5,-0.583333333333333));
#6698=CARTESIAN_POINT('Ctrl Pts',(-1.79666626531878,7.28162003479071,-0.583333333333334));
#6699=CARTESIAN_POINT('Ctrl Pts',(-1.8572818997876,7.26666373865322,-0.391038097279879));
#6700=CARTESIAN_POINT('Ctrl Pts',(-1.8862303277125,7.25893484960553,-0.18958206985975));
#6701=CARTESIAN_POINT('Ctrl Pts',(-1.8862303277125,7.25893484960553,0.189582069859749));
#6702=CARTESIAN_POINT('Ctrl Pts',(-1.8572818997876,7.26666373865322,0.391038097279877));
#6703=CARTESIAN_POINT('Ctrl Pts',(-1.79666626531878,7.28162003479071,0.583333333333331));
#6704=CARTESIAN_POINT('',(0.,7.03846153846154,1.84471122521598));
#6705=CARTESIAN_POINT('Origin',(0.,7.03846153846154,0.));
#6706=CARTESIAN_POINT('',(0.,7.96153846153846,1.84471122521598));
#6707=CARTESIAN_POINT('Origin',(0.,7.96153846153846,0.));
#6708=CARTESIAN_POINT('Origin',(0.,7.49999999999999,0.));
#6709=CARTESIAN_POINT('',(-2.59697704726257E-16,7.96153846153846,-2.12059268767998));
#6710=CARTESIAN_POINT('Origin',(0.,7.96153846153846,0.));
#6711=CARTESIAN_POINT('',(-2.59697704726257E-16,7.03846153846154,-2.12059268767998));
#6712=CARTESIAN_POINT('Origin',(-1.73584864654761E-16,7.49999999999999,
-1.41742798638446));
#6713=CARTESIAN_POINT('Origin',(0.,7.03846153846154,0.));
#6714=CARTESIAN_POINT('',(-2.12200048717591,7.19354668660913,0.583333333333334));
#6715=CARTESIAN_POINT('',(-2.16573606812663,7.66131072061247,0.583333333333334));
#6716=CARTESIAN_POINT('Origin',(-1.33172347844148,7.50003307388807,0.583333333334433));
#6717=CARTESIAN_POINT('',(-2.12200048717591,7.19354668660913,-0.583333333333333));
#6718=CARTESIAN_POINT('Ctrl Pts',(-2.12200048717616,7.19354668660906,0.583333333333401));
#6719=CARTESIAN_POINT('Ctrl Pts',(-2.15460771723752,7.18392798792118,0.450520233897514));
#6720=CARTESIAN_POINT('Ctrl Pts',(-2.17590228905727,7.17743378223289,0.31464050281378));
#6721=CARTESIAN_POINT('Ctrl Pts',(-2.20415102833485,7.16882747416044,-0.0778945223292196));
#6722=CARTESIAN_POINT('Ctrl Pts',(-2.18283611368091,7.17560098684442,-0.335542640992643));
#6723=CARTESIAN_POINT('Ctrl Pts',(-2.12200048717616,7.19354668660906,-0.5833333333334));
#6724=CARTESIAN_POINT('',(-2.16573606812663,7.66131072061246,-0.583333333333333));
#6725=CARTESIAN_POINT('Origin',(-1.33172347844027,7.50003307388819,-0.583333333334429));
#6726=CARTESIAN_POINT('Ctrl Pts',(-2.16573606812663,7.66131072061247,-0.583333333333332));
#6727=CARTESIAN_POINT('Ctrl Pts',(-2.23818995624103,7.64082910793708,-0.329723516114916));
#6728=CARTESIAN_POINT('Ctrl Pts',(-2.2625336484411,7.63332814634586,-0.063848226045091));
#6729=CARTESIAN_POINT('Ctrl Pts',(-2.22559925493579,7.6441458091778,0.329882031644841));
#6730=CARTESIAN_POINT('Ctrl Pts',(-2.2014330748196,7.65121971951117,0.458383360623048));
#6731=CARTESIAN_POINT('Ctrl Pts',(-2.16573606812663,7.66131072061247,0.583333333333333));
#6732=CARTESIAN_POINT('',(2.16573606812663,7.66131072061247,0.583333333333333));
#6733=CARTESIAN_POINT('',(2.12200048717725,7.19354668660873,0.583333333333333));
#6734=CARTESIAN_POINT('Origin',(1.33099232830865,7.50045955109107,0.583333333330682));
#6735=CARTESIAN_POINT('',(2.16573606812663,7.66131072061247,-0.583333333333333));
#6736=CARTESIAN_POINT('Ctrl Pts',(2.16573606812663,7.66131072061247,0.583333333333333));
#6737=CARTESIAN_POINT('Ctrl Pts',(2.21973830053742,7.64604511048955,0.394309712275717));
#6738=CARTESIAN_POINT('Ctrl Pts',(2.24716473777655,7.63782333625555,0.197856663950202));
#6739=CARTESIAN_POINT('Ctrl Pts',(2.24716473777655,7.63782333625555,1.37599155163743E-16));
#6740=CARTESIAN_POINT('Ctrl Pts',(2.24716473777655,7.63782333625555,-0.197556443029387));
#6741=CARTESIAN_POINT('Ctrl Pts',(2.21981653797237,7.64602299395611,-0.394035858351618));
#6742=CARTESIAN_POINT('Ctrl Pts',(2.16573606812663,7.66131072061247,-0.583333333333329));
#6743=CARTESIAN_POINT('',(2.12200048718045,7.19354668661959,-0.583333333333333));
#6744=CARTESIAN_POINT('Origin',(1.3309923283389,7.50045955109138,-0.583333333333979));
#6745=CARTESIAN_POINT('Ctrl Pts',(2.12200048717624,7.19354668660903,-0.583333333333065));
#6746=CARTESIAN_POINT('Ctrl Pts',(2.16875545010427,7.17975459510904,-0.392894846874718));
#6747=CARTESIAN_POINT('Ctrl Pts',(2.19214726347245,7.17248146566098,-0.196622784563447));
#6748=CARTESIAN_POINT('Ctrl Pts',(2.19214726347244,7.17248146566098,1.34230306473558E-16));
#6749=CARTESIAN_POINT('Ctrl Pts',(2.19214726347244,7.17248146566098,0.196866595658782));
#6750=CARTESIAN_POINT('Ctrl Pts',(2.16870256894691,7.17977019434632,0.39311023807471));
#6751=CARTESIAN_POINT('Ctrl Pts',(2.12200048717624,7.19354668660903,0.583333333333065));
#6752=CARTESIAN_POINT('Origin',(0.,0.,0.583333333333333));
#6753=CARTESIAN_POINT('Origin',(0.,0.,-0.583333333333333));
#6754=CARTESIAN_POINT('Origin',(0.,0.,0.583333333333333));
#6755=CARTESIAN_POINT('Origin',(0.,0.,0.583333333333333));
#6756=CARTESIAN_POINT('Origin',(0.,0.,0.583333333333333));
#6757=CARTESIAN_POINT('Origin',(0.,0.,-0.583333333333333));
#6758=CARTESIAN_POINT('Origin',(0.,0.,0.583333333333333));
#6759=CARTESIAN_POINT('Origin',(0.,0.,-0.583333333333333));
#6760=CARTESIAN_POINT('Origin',(0.,7.96153846153846,1.84471122521598));
#6761=CARTESIAN_POINT('Origin',(0.,7.03846153846154,1.84471122521598));
#6762=CARTESIAN_POINT('Origin',(0.,0.,0.583333333333333));
#6763=CARTESIAN_POINT('Origin',(0.,0.,0.583333333333333));
#6764=CARTESIAN_POINT('Origin',(0.,0.,0.583333333333333));
#6765=CARTESIAN_POINT('Origin',(0.,0.,-0.583333333333333));
#6766=CARTESIAN_POINT('Origin',(0.,0.,-0.583333333333333));
#6767=CARTESIAN_POINT('Origin',(0.,0.,-0.583333333333333));
#6768=CARTESIAN_POINT('Origin',(0.,0.,0.583333333333333));
#6769=CARTESIAN_POINT('Origin',(0.,0.,0.583333333333333));
#6770=CARTESIAN_POINT('Origin',(5.50289081890954,4.38840899000577,1.84471122521598));
#6771=CARTESIAN_POINT('Origin',(6.22458141811079,4.96393803787538,1.84471122521598));
#6772=CARTESIAN_POINT('Origin',(-8.37783994667457E-17,4.03455507875023E-17,
-0.583333333333333));
#6773=CARTESIAN_POINT('Origin',(-8.37783994667457E-17,4.03455507875023E-17,
-0.583333333333333));
#6774=CARTESIAN_POINT('Origin',(-8.37783994667457E-17,4.03455507875023E-17,
-0.583333333333333));
#6775=CARTESIAN_POINT('Origin',(8.37783994667457E-17,-4.03455507875023E-17,
0.583333333333333));
#6776=CARTESIAN_POINT('Origin',(8.37783994667457E-17,-4.03455507875023E-17,
0.583333333333333));
#6777=CARTESIAN_POINT('Origin',(8.37783994667457E-17,-4.03455507875023E-17,
0.583333333333333));
#6778=CARTESIAN_POINT('Origin',(8.37783994667457E-17,-4.03455507875023E-17,
0.583333333333333));
#6779=CARTESIAN_POINT('Origin',(8.37783994667457E-17,-4.03455507875023E-17,
0.583333333333333));
#6780=CARTESIAN_POINT('Origin',(1.04469955367127E-16,-1.31001180507769E-16,
0.583333333333333));
#6781=CARTESIAN_POINT('Origin',(1.04469955367127E-16,-1.31001180507769E-16,
0.583333333333333));
#6782=CARTESIAN_POINT('Origin',(-1.04469955367127E-16,1.31001180507769E-16,
-0.583333333333333));
#6783=CARTESIAN_POINT('Origin',(1.04469955367127E-16,-1.31001180507769E-16,
0.583333333333333));
#6784=CARTESIAN_POINT('Origin',(-1.04469955367127E-16,1.31001180507769E-16,
-0.583333333333333));
#6785=CARTESIAN_POINT('Origin',(1.04469955367127E-16,-1.31001180507769E-16,
0.583333333333333));
#6786=CARTESIAN_POINT('Origin',(-1.04469955367127E-16,1.31001180507769E-16,
-0.583333333333333));
#6787=CARTESIAN_POINT('Origin',(1.04469955367127E-16,-1.31001180507769E-16,
0.583333333333333));
#6788=CARTESIAN_POINT('Origin',(6.86199261266438,-1.56620503515399,1.84471122521597));
#6789=CARTESIAN_POINT('Origin',(7.76192607006299,-1.77160897419058,1.84471122521597));
#6790=CARTESIAN_POINT('Origin',(-1.04469955367127E-16,1.31001180507769E-16,
-0.583333333333333));
#6791=CARTESIAN_POINT('Origin',(-1.04469955367127E-16,1.31001180507769E-16,
-0.583333333333333));
#6792=CARTESIAN_POINT('Origin',(-1.04469955367127E-16,1.31001180507769E-16,
-0.583333333333333));
#6793=CARTESIAN_POINT('Origin',(1.04469955367127E-16,-1.31001180507769E-16,
0.583333333333333));
#6794=CARTESIAN_POINT('Origin',(1.04469955367127E-16,-1.31001180507769E-16,
0.583333333333333));
#6795=CARTESIAN_POINT('Origin',(1.04469955367127E-16,-1.31001180507769E-16,
0.583333333333333));
#6796=CARTESIAN_POINT('Origin',(1.04469955367127E-16,-1.31001180507769E-16,
0.583333333333333));
#6797=CARTESIAN_POINT('Origin',(1.04469955367127E-16,-1.31001180507769E-16,
0.583333333333333));
#6798=CARTESIAN_POINT('Origin',(4.6493504077336E-17,-2.03701350943603E-16,
0.583333333333333));
#6799=CARTESIAN_POINT('Origin',(4.6493504077336E-17,-2.03701350943603E-16,
0.583333333333333));
#6800=CARTESIAN_POINT('Origin',(-4.6493504077336E-17,2.03701350943603E-16,
-0.583333333333333));
#6801=CARTESIAN_POINT('Origin',(4.6493504077336E-17,-2.03701350943603E-16,
0.583333333333333));
#6802=CARTESIAN_POINT('Origin',(-4.6493504077336E-17,2.03701350943603E-16,
-0.583333333333333));
#6803=CARTESIAN_POINT('Origin',(4.6493504077336E-17,-2.03701350943603E-16,
0.583333333333333));
#6804=CARTESIAN_POINT('Origin',(-4.6493504077336E-17,2.03701350943603E-16,
-0.583333333333333));
#6805=CARTESIAN_POINT('Origin',(4.6493504077336E-17,-2.03701350943603E-16,
0.583333333333333));
#6806=CARTESIAN_POINT('Origin',(3.05387400994286,-6.34143472408239,1.84471122521597));
#6807=CARTESIAN_POINT('Origin',(3.45438207682061,-7.17309829445385,1.84471122521597));
#6808=CARTESIAN_POINT('Origin',(-4.6493504077336E-17,2.03701350943603E-16,
-0.583333333333333));
#6809=CARTESIAN_POINT('Origin',(-4.6493504077336E-17,2.03701350943603E-16,
-0.583333333333333));
#6810=CARTESIAN_POINT('Origin',(-4.6493504077336E-17,2.03701350943603E-16,
-0.583333333333333));
#6811=CARTESIAN_POINT('Origin',(4.6493504077336E-17,-2.03701350943603E-16,
0.583333333333333));
#6812=CARTESIAN_POINT('Origin',(4.6493504077336E-17,-2.03701350943603E-16,
0.583333333333333));
#6813=CARTESIAN_POINT('Origin',(4.6493504077336E-17,-2.03701350943603E-16,
0.583333333333333));
#6814=CARTESIAN_POINT('Origin',(4.6493504077336E-17,-2.03701350943603E-16,
0.583333333333333));
#6815=CARTESIAN_POINT('Origin',(4.6493504077336E-17,-2.03701350943603E-16,
0.583333333333333));
#6816=CARTESIAN_POINT('Origin',(-4.64935040773347E-17,-2.03701350943604E-16,
0.583333333333333));
#6817=CARTESIAN_POINT('Origin',(-4.64935040773347E-17,-2.03701350943604E-16,
0.583333333333333));
#6818=CARTESIAN_POINT('Origin',(4.64935040773347E-17,2.03701350943604E-16,
-0.583333333333333));
#6819=CARTESIAN_POINT('Origin',(-4.64935040773347E-17,-2.03701350943604E-16,
0.583333333333333));
#6820=CARTESIAN_POINT('Origin',(4.64935040773347E-17,2.03701350943604E-16,
-0.583333333333333));
#6821=CARTESIAN_POINT('Origin',(-4.64935040773347E-17,-2.03701350943604E-16,
0.583333333333333));
#6822=CARTESIAN_POINT('Origin',(4.64935040773347E-17,2.03701350943604E-16,
-0.583333333333333));
#6823=CARTESIAN_POINT('Origin',(-4.64935040773347E-17,-2.03701350943604E-16,
0.583333333333333));
#6824=CARTESIAN_POINT('Origin',(-3.05387400994277,-6.34143472408243,1.84471122521597));
#6825=CARTESIAN_POINT('Origin',(-3.45438207682051,-7.17309829445389,1.84471122521597));
#6826=CARTESIAN_POINT('Origin',(4.64935040773347E-17,2.03701350943604E-16,
-0.583333333333333));
#6827=CARTESIAN_POINT('Origin',(4.64935040773347E-17,2.03701350943604E-16,
-0.583333333333333));
#6828=CARTESIAN_POINT('Origin',(4.64935040773347E-17,2.03701350943604E-16,
-0.583333333333333));
#6829=CARTESIAN_POINT('Origin',(-4.64935040773347E-17,-2.03701350943604E-16,
0.583333333333333));
#6830=CARTESIAN_POINT('Origin',(-4.64935040773347E-17,-2.03701350943604E-16,
0.583333333333333));
#6831=CARTESIAN_POINT('Origin',(-4.64935040773347E-17,-2.03701350943604E-16,
0.583333333333333));
#6832=CARTESIAN_POINT('Origin',(-4.64935040773347E-17,-2.03701350943604E-16,
0.583333333333333));
#6833=CARTESIAN_POINT('Origin',(-4.64935040773347E-17,-2.03701350943604E-16,
0.583333333333333));
#6834=CARTESIAN_POINT('Origin',(-1.04469955367127E-16,-1.31001180507771E-16,
0.583333333333333));
#6835=CARTESIAN_POINT('Origin',(-1.04469955367127E-16,-1.31001180507771E-16,
0.583333333333333));
#6836=CARTESIAN_POINT('Origin',(1.04469955367127E-16,1.31001180507771E-16,
-0.583333333333333));
#6837=CARTESIAN_POINT('Origin',(-1.04469955367127E-16,-1.31001180507771E-16,
0.583333333333333));
#6838=CARTESIAN_POINT('Origin',(1.04469955367127E-16,1.31001180507771E-16,
-0.583333333333333));
#6839=CARTESIAN_POINT('Origin',(-1.04469955367127E-16,-1.31001180507771E-16,
0.583333333333333));
#6840=CARTESIAN_POINT('Origin',(1.04469955367127E-16,1.31001180507771E-16,
-0.583333333333333));
#6841=CARTESIAN_POINT('Origin',(-1.04469955367127E-16,-1.31001180507771E-16,
0.583333333333333));
#6842=CARTESIAN_POINT('Origin',(-6.86199261266436,-1.56620503515409,1.84471122521597));
#6843=CARTESIAN_POINT('Origin',(-7.76192607006297,-1.77160897419069,1.84471122521597));
#6844=CARTESIAN_POINT('Origin',(1.04469955367127E-16,1.31001180507771E-16,
-0.583333333333333));
#6845=CARTESIAN_POINT('Origin',(1.04469955367127E-16,1.31001180507771E-16,
-0.583333333333333));
#6846=CARTESIAN_POINT('Origin',(1.04469955367127E-16,1.31001180507771E-16,
-0.583333333333333));
#6847=CARTESIAN_POINT('Origin',(-1.04469955367127E-16,-1.31001180507771E-16,
0.583333333333333));
#6848=CARTESIAN_POINT('Origin',(-1.04469955367127E-16,-1.31001180507771E-16,
0.583333333333333));
#6849=CARTESIAN_POINT('Origin',(-1.04469955367127E-16,-1.31001180507771E-16,
0.583333333333333));
#6850=CARTESIAN_POINT('Origin',(-1.04469955367127E-16,-1.31001180507771E-16,
0.583333333333333));
#6851=CARTESIAN_POINT('Origin',(-1.04469955367127E-16,-1.31001180507771E-16,
0.583333333333333));
#6852=CARTESIAN_POINT('Origin',(-8.37783994667466E-17,-4.03455507875035E-17,
0.583333333333333));
#6853=CARTESIAN_POINT('Origin',(-8.37783994667466E-17,-4.03455507875035E-17,
0.583333333333333));
#6854=CARTESIAN_POINT('Origin',(8.37783994667466E-17,4.03455507875035E-17,
-0.583333333333333));
#6855=CARTESIAN_POINT('Origin',(-8.37783994667466E-17,-4.03455507875035E-17,
0.583333333333333));
#6856=CARTESIAN_POINT('Origin',(8.37783994667466E-17,4.03455507875035E-17,
-0.583333333333333));
#6857=CARTESIAN_POINT('Origin',(-8.37783994667466E-17,-4.03455507875035E-17,
0.583333333333333));
#6858=CARTESIAN_POINT('Origin',(8.37783994667466E-17,4.03455507875035E-17,
-0.583333333333333));
#6859=CARTESIAN_POINT('Origin',(-8.37783994667466E-17,-4.03455507875035E-17,
0.583333333333333));
#6860=CARTESIAN_POINT('Origin',(-5.5028908189096,4.38840899000569,1.84471122521598));
#6861=CARTESIAN_POINT('Origin',(-6.22458141811086,4.96393803787529,1.84471122521598));
#6862=CARTESIAN_POINT('Origin',(8.37783994667466E-17,4.03455507875035E-17,
-0.583333333333333));
#6863=CARTESIAN_POINT('Origin',(8.37783994667466E-17,4.03455507875035E-17,
-0.583333333333333));
#6864=CARTESIAN_POINT('Origin',(8.37783994667466E-17,4.03455507875035E-17,
-0.583333333333333));
#6865=CARTESIAN_POINT('Origin',(-8.37783994667466E-17,-4.03455507875035E-17,
0.583333333333333));
#6866=CARTESIAN_POINT('Origin',(-8.37783994667466E-17,-4.03455507875035E-17,
0.583333333333333));
#6867=CARTESIAN_POINT('Origin',(-8.37783994667466E-17,-4.03455507875035E-17,
0.583333333333333));
#6868=CARTESIAN_POINT('Origin',(-8.37783994667466E-17,-4.03455507875035E-17,
0.583333333333333));
#6869=CARTESIAN_POINT('Origin',(-8.37783994667466E-17,-4.03455507875035E-17,
0.583333333333333));
#6870=CARTESIAN_POINT('Origin',(0.,0.,0.583333333333333));
#6871=CARTESIAN_POINT('Origin',(0.,0.,0.583333333333333));
#6872=CARTESIAN_POINT('Origin',(0.,0.,0.583333333333333));
#6873=CARTESIAN_POINT('Origin',(0.,0.,-0.583333333333333));
#6874=CARTESIAN_POINT('Origin',(0.,0.,-0.583333333333333));
#6875=CARTESIAN_POINT('Origin',(0.,0.,-0.583333333333333));
#6876=CARTESIAN_POINT('Origin',(0.,0.,0.583333333333333));
#6877=CARTESIAN_POINT('Origin',(0.,0.,0.583333333333333));
#6878=CARTESIAN_POINT('',(0.,0.,0.));
#6879=CARTESIAN_POINT('Origin',(-5.43966107523098E-16,-6.66133814775094E-15,
-19.546875));
#6880=CARTESIAN_POINT('',(-5.43966107523098E-16,-3.18810118395211,-18.84375));
#6881=CARTESIAN_POINT('',(-3.90429791028483E-16,-3.18810118395211,-19.));
#6882=CARTESIAN_POINT('',(-6.97502424017714E-16,-3.18810118395211,-19.546875));
#6883=CARTESIAN_POINT('',(-2.25432796628139,-2.2543279662814,-19.));
#6884=CARTESIAN_POINT('Ctrl Pts',(-2.25432796628139,-2.2543279662814,-19.));
#6885=CARTESIAN_POINT('Ctrl Pts',(-1.32055474861068,-3.18810118395211,-18.921875));
#6886=CARTESIAN_POINT('Ctrl Pts',(-3.90429791028483E-16,-3.18810118395211,
-18.84375));
#6887=CARTESIAN_POINT('Origin',(-2.21005684961713E-15,-1.11022302462516E-14,
-19.0000000000001));
#6888=CARTESIAN_POINT('Origin',(-5.43966107523098E-16,-6.66133814775094E-15,
-19.546875));
#6889=CARTESIAN_POINT('',(-5.43966107523098E-16,-3.18810118395211,-17.59375));
#6890=CARTESIAN_POINT('',(-5.43966107523098E-16,-3.18810118395211,-17.75));
#6891=CARTESIAN_POINT('',(-6.97502424017714E-16,-3.18810118395211,-19.546875));
#6892=CARTESIAN_POINT('Ctrl Pts',(-3.90429791028483E-16,-3.18810118395211,
-18.84375));
#6893=CARTESIAN_POINT('Ctrl Pts',(1.32055474861068,-3.18810118395211,-18.765625));
#6894=CARTESIAN_POINT('Ctrl Pts',(2.25432796628139,-2.2543279662814,-18.6875));
#6895=CARTESIAN_POINT('Ctrl Pts',(3.1881011839521,-1.32055474861069,-18.609375));
#6896=CARTESIAN_POINT('Ctrl Pts',(3.1881011839521,-9.69854892309327E-15,
-18.53125));
#6897=CARTESIAN_POINT('Ctrl Pts',(3.1881011839521,1.32055474861067,-18.453125));
#6898=CARTESIAN_POINT('Ctrl Pts',(2.25432796628139,2.25432796628138,-18.375));
#6899=CARTESIAN_POINT('Ctrl Pts',(1.32055474861068,3.18810118395209,-18.296875));
#6900=CARTESIAN_POINT('Ctrl Pts',(0.,3.18810118395209,-18.21875));
#6901=CARTESIAN_POINT('Ctrl Pts',(-1.32055474861068,3.18810118395209,-18.140625));
#6902=CARTESIAN_POINT('Ctrl Pts',(-2.25432796628139,2.25432796628138,-18.0625));
#6903=CARTESIAN_POINT('Ctrl Pts',(-3.1881011839521,1.32055474861067,-17.984375));
#6904=CARTESIAN_POINT('Ctrl Pts',(-3.1881011839521,-8.9176893410363E-15,
-17.90625));
#6905=CARTESIAN_POINT('Ctrl Pts',(-3.1881011839521,-1.32055474861069,-17.828125));
#6906=CARTESIAN_POINT('Ctrl Pts',(-2.25432796628139,-2.2543279662814,-17.75));
#6907=CARTESIAN_POINT('Ctrl Pts',(-1.32055474861068,-3.18810118395211,-17.671875));
#6908=CARTESIAN_POINT('Ctrl Pts',(-3.90429791028483E-16,-3.18810118395211,
-17.59375));
#6909=CARTESIAN_POINT('Ctrl Pts',(-3.90429791028483E-16,-3.18810118395211,
-19.));
#6910=CARTESIAN_POINT('Ctrl Pts',(1.32055474861069,-3.18810118395211,-18.921875));
#6911=CARTESIAN_POINT('Ctrl Pts',(2.25432796628139,-2.2543279662814,-18.84375));
#6912=CARTESIAN_POINT('Ctrl Pts',(3.1881011839521,-1.32055474861069,-18.765625));
#6913=CARTESIAN_POINT('Ctrl Pts',(3.1881011839521,-9.69854892309327E-15,
-18.6875));
#6914=CARTESIAN_POINT('Ctrl Pts',(3.1881011839521,1.32055474861067,-18.609375));
#6915=CARTESIAN_POINT('Ctrl Pts',(2.25432796628139,2.25432796628138,-18.53125));
#6916=CARTESIAN_POINT('Ctrl Pts',(1.32055474861068,3.18810118395209,-18.453125));
#6917=CARTESIAN_POINT('Ctrl Pts',(0.,3.18810118395209,-18.375));
#6918=CARTESIAN_POINT('Ctrl Pts',(-1.32055474861068,3.18810118395209,-18.296875));
#6919=CARTESIAN_POINT('Ctrl Pts',(-2.25432796628139,2.25432796628138,-18.21875));
#6920=CARTESIAN_POINT('Ctrl Pts',(-3.1881011839521,1.32055474861067,-18.140625));
#6921=CARTESIAN_POINT('Ctrl Pts',(-3.1881011839521,-8.9176893410363E-15,
-18.0625));
#6922=CARTESIAN_POINT('Ctrl Pts',(-3.1881011839521,-1.32055474861069,-17.984375));
#6923=CARTESIAN_POINT('Ctrl Pts',(-2.25432796628139,-2.2543279662814,-17.90625));
#6924=CARTESIAN_POINT('Ctrl Pts',(-1.32055474861068,-3.18810118395211,-17.828125));
#6925=CARTESIAN_POINT('Ctrl Pts',(-3.90429791028483E-16,-3.18810118395211,
-17.75));
#6926=CARTESIAN_POINT('Origin',(-5.43966107523098E-16,-6.66133814775094E-15,
-19.546875));
#6927=CARTESIAN_POINT('',(-5.43966107523098E-16,-3.18810118395211,-16.34375));
#6928=CARTESIAN_POINT('',(-5.43966107523098E-16,-3.18810118395211,-16.5));
#6929=CARTESIAN_POINT('',(-6.97502424017714E-16,-3.18810118395211,-19.546875));
#6930=CARTESIAN_POINT('Ctrl Pts',(-3.90429791028483E-16,-3.18810118395211,
-17.59375));
#6931=CARTESIAN_POINT('Ctrl Pts',(1.32055474861068,-3.18810118395211,-17.515625));
#6932=CARTESIAN_POINT('Ctrl Pts',(2.25432796628139,-2.2543279662814,-17.4375));
#6933=CARTESIAN_POINT('Ctrl Pts',(3.1881011839521,-1.32055474861069,-17.359375));
#6934=CARTESIAN_POINT('Ctrl Pts',(3.1881011839521,-9.69854892309327E-15,
-17.28125));
#6935=CARTESIAN_POINT('Ctrl Pts',(3.1881011839521,1.32055474861067,-17.203125));
#6936=CARTESIAN_POINT('Ctrl Pts',(2.25432796628139,2.25432796628138,-17.125));
#6937=CARTESIAN_POINT('Ctrl Pts',(1.32055474861068,3.18810118395209,-17.046875));
#6938=CARTESIAN_POINT('Ctrl Pts',(0.,3.18810118395209,-16.96875));
#6939=CARTESIAN_POINT('Ctrl Pts',(-1.32055474861068,3.18810118395209,-16.890625));
#6940=CARTESIAN_POINT('Ctrl Pts',(-2.25432796628139,2.25432796628138,-16.8125));
#6941=CARTESIAN_POINT('Ctrl Pts',(-3.1881011839521,1.32055474861067,-16.734375));
#6942=CARTESIAN_POINT('Ctrl Pts',(-3.1881011839521,-8.9176893410363E-15,
-16.65625));
#6943=CARTESIAN_POINT('Ctrl Pts',(-3.1881011839521,-1.32055474861069,-16.578125));
#6944=CARTESIAN_POINT('Ctrl Pts',(-2.25432796628139,-2.2543279662814,-16.5));
#6945=CARTESIAN_POINT('Ctrl Pts',(-1.32055474861068,-3.18810118395211,-16.421875));
#6946=CARTESIAN_POINT('Ctrl Pts',(-3.90429791028483E-16,-3.18810118395211,
-16.34375));
#6947=CARTESIAN_POINT('Ctrl Pts',(-3.90429791028483E-16,-3.18810118395211,
-17.75));
#6948=CARTESIAN_POINT('Ctrl Pts',(1.32055474861068,-3.18810118395211,-17.671875));
#6949=CARTESIAN_POINT('Ctrl Pts',(2.25432796628139,-2.2543279662814,-17.59375));
#6950=CARTESIAN_POINT('Ctrl Pts',(3.1881011839521,-1.32055474861069,-17.515625));
#6951=CARTESIAN_POINT('Ctrl Pts',(3.1881011839521,-9.69854892309327E-15,
-17.4375));
#6952=CARTESIAN_POINT('Ctrl Pts',(3.1881011839521,1.32055474861067,-17.359375));
#6953=CARTESIAN_POINT('Ctrl Pts',(2.25432796628139,2.25432796628138,-17.28125));
#6954=CARTESIAN_POINT('Ctrl Pts',(1.32055474861068,3.18810118395209,-17.203125));
#6955=CARTESIAN_POINT('Ctrl Pts',(0.,3.18810118395209,-17.125));
#6956=CARTESIAN_POINT('Ctrl Pts',(-1.32055474861068,3.18810118395209,-17.046875));
#6957=CARTESIAN_POINT('Ctrl Pts',(-2.25432796628139,2.25432796628138,-16.96875));
#6958=CARTESIAN_POINT('Ctrl Pts',(-3.1881011839521,1.32055474861067,-16.890625));
#6959=CARTESIAN_POINT('Ctrl Pts',(-3.1881011839521,-8.9176893410363E-15,
-16.8125));
#6960=CARTESIAN_POINT('Ctrl Pts',(-3.1881011839521,-1.32055474861069,-16.734375));
#6961=CARTESIAN_POINT('Ctrl Pts',(-2.25432796628139,-2.2543279662814,-16.65625));
#6962=CARTESIAN_POINT('Ctrl Pts',(-1.32055474861068,-3.18810118395211,-16.578125));
#6963=CARTESIAN_POINT('Ctrl Pts',(-3.90429791028483E-16,-3.18810118395211,
-16.5));
#6964=CARTESIAN_POINT('Origin',(-5.43966107523098E-16,-6.66133814775094E-15,
-19.546875));
#6965=CARTESIAN_POINT('',(-5.43966107523098E-16,-3.18810118395211,-15.09375));
#6966=CARTESIAN_POINT('',(-5.43966107523098E-16,-3.18810118395211,-15.25));
#6967=CARTESIAN_POINT('',(-6.97502424017714E-16,-3.18810118395211,-19.546875));
#6968=CARTESIAN_POINT('Ctrl Pts',(-3.90429791028483E-16,-3.18810118395211,
-16.34375));
#6969=CARTESIAN_POINT('Ctrl Pts',(1.32055474861068,-3.18810118395211,-16.265625));
#6970=CARTESIAN_POINT('Ctrl Pts',(2.25432796628139,-2.2543279662814,-16.1875));
#6971=CARTESIAN_POINT('Ctrl Pts',(3.1881011839521,-1.32055474861069,-16.109375));
#6972=CARTESIAN_POINT('Ctrl Pts',(3.1881011839521,-9.69854892309327E-15,
-16.03125));
#6973=CARTESIAN_POINT('Ctrl Pts',(3.1881011839521,1.32055474861067,-15.953125));
#6974=CARTESIAN_POINT('Ctrl Pts',(2.25432796628139,2.25432796628138,-15.875));
#6975=CARTESIAN_POINT('Ctrl Pts',(1.32055474861068,3.18810118395209,-15.796875));
#6976=CARTESIAN_POINT('Ctrl Pts',(0.,3.18810118395209,-15.71875));
#6977=CARTESIAN_POINT('Ctrl Pts',(-1.32055474861068,3.18810118395209,-15.640625));
#6978=CARTESIAN_POINT('Ctrl Pts',(-2.25432796628139,2.25432796628138,-15.5625));
#6979=CARTESIAN_POINT('Ctrl Pts',(-3.1881011839521,1.32055474861067,-15.484375));
#6980=CARTESIAN_POINT('Ctrl Pts',(-3.1881011839521,-8.9176893410363E-15,
-15.40625));
#6981=CARTESIAN_POINT('Ctrl Pts',(-3.1881011839521,-1.32055474861069,-15.328125));
#6982=CARTESIAN_POINT('Ctrl Pts',(-2.25432796628139,-2.2543279662814,-15.25));
#6983=CARTESIAN_POINT('Ctrl Pts',(-1.32055474861068,-3.18810118395211,-15.171875));
#6984=CARTESIAN_POINT('Ctrl Pts',(-3.90429791028483E-16,-3.18810118395211,
-15.09375));
#6985=CARTESIAN_POINT('Ctrl Pts',(-3.90429791028483E-16,-3.18810118395211,
-16.5));
#6986=CARTESIAN_POINT('Ctrl Pts',(1.32055474861068,-3.18810118395211,-16.421875));
#6987=CARTESIAN_POINT('Ctrl Pts',(2.25432796628139,-2.2543279662814,-16.34375));
#6988=CARTESIAN_POINT('Ctrl Pts',(3.1881011839521,-1.32055474861069,-16.265625));
#6989=CARTESIAN_POINT('Ctrl Pts',(3.1881011839521,-9.69854892309327E-15,
-16.1875));
#6990=CARTESIAN_POINT('Ctrl Pts',(3.1881011839521,1.32055474861067,-16.109375));
#6991=CARTESIAN_POINT('Ctrl Pts',(2.25432796628139,2.25432796628138,-16.03125));
#6992=CARTESIAN_POINT('Ctrl Pts',(1.32055474861068,3.18810118395209,-15.953125));
#6993=CARTESIAN_POINT('Ctrl Pts',(0.,3.18810118395209,-15.875));
#6994=CARTESIAN_POINT('Ctrl Pts',(-1.32055474861068,3.18810118395209,-15.796875));
#6995=CARTESIAN_POINT('Ctrl Pts',(-2.25432796628139,2.25432796628138,-15.71875));
#6996=CARTESIAN_POINT('Ctrl Pts',(-3.1881011839521,1.32055474861067,-15.640625));
#6997=CARTESIAN_POINT('Ctrl Pts',(-3.1881011839521,-8.9176893410363E-15,
-15.5625));
#6998=CARTESIAN_POINT('Ctrl Pts',(-3.1881011839521,-1.32055474861069,-15.484375));
#6999=CARTESIAN_POINT('Ctrl Pts',(-2.25432796628139,-2.2543279662814,-15.40625));
#7000=CARTESIAN_POINT('Ctrl Pts',(-1.32055474861068,-3.18810118395211,-15.328125));
#7001=CARTESIAN_POINT('Ctrl Pts',(-3.90429791028483E-16,-3.18810118395211,
-15.25));
#7002=CARTESIAN_POINT('Origin',(-5.43966107523098E-16,-6.66133814775094E-15,
-19.546875));
#7003=CARTESIAN_POINT('',(-5.43966107523098E-16,-3.18810118395211,-13.84375));
#7004=CARTESIAN_POINT('',(-5.43966107523098E-16,-3.18810118395211,-14.));
#7005=CARTESIAN_POINT('',(-6.97502424017714E-16,-3.18810118395211,-19.546875));
#7006=CARTESIAN_POINT('Ctrl Pts',(-3.90429791028483E-16,-3.18810118395211,
-15.09375));
#7007=CARTESIAN_POINT('Ctrl Pts',(1.32055474861068,-3.18810118395211,-15.015625));
#7008=CARTESIAN_POINT('Ctrl Pts',(2.25432796628139,-2.2543279662814,-14.9375));
#7009=CARTESIAN_POINT('Ctrl Pts',(3.1881011839521,-1.32055474861069,-14.859375));
#7010=CARTESIAN_POINT('Ctrl Pts',(3.1881011839521,-9.69854892309327E-15,
-14.78125));
#7011=CARTESIAN_POINT('Ctrl Pts',(3.1881011839521,1.32055474861067,-14.703125));
#7012=CARTESIAN_POINT('Ctrl Pts',(2.25432796628139,2.25432796628138,-14.625));
#7013=CARTESIAN_POINT('Ctrl Pts',(1.32055474861068,3.18810118395209,-14.546875));
#7014=CARTESIAN_POINT('Ctrl Pts',(0.,3.18810118395209,-14.46875));
#7015=CARTESIAN_POINT('Ctrl Pts',(-1.32055474861068,3.18810118395209,-14.390625));
#7016=CARTESIAN_POINT('Ctrl Pts',(-2.25432796628139,2.25432796628138,-14.3125));
#7017=CARTESIAN_POINT('Ctrl Pts',(-3.1881011839521,1.32055474861067,-14.234375));
#7018=CARTESIAN_POINT('Ctrl Pts',(-3.1881011839521,-8.9176893410363E-15,
-14.15625));
#7019=CARTESIAN_POINT('Ctrl Pts',(-3.1881011839521,-1.32055474861069,-14.078125));
#7020=CARTESIAN_POINT('Ctrl Pts',(-2.25432796628139,-2.2543279662814,-14.));
#7021=CARTESIAN_POINT('Ctrl Pts',(-1.32055474861068,-3.18810118395211,-13.921875));
#7022=CARTESIAN_POINT('Ctrl Pts',(-3.90429791028483E-16,-3.18810118395211,
-13.84375));
#7023=CARTESIAN_POINT('Ctrl Pts',(-3.90429791028483E-16,-3.18810118395211,
-15.25));
#7024=CARTESIAN_POINT('Ctrl Pts',(1.32055474861068,-3.18810118395211,-15.171875));
#7025=CARTESIAN_POINT('Ctrl Pts',(2.25432796628139,-2.2543279662814,-15.09375));
#7026=CARTESIAN_POINT('Ctrl Pts',(3.1881011839521,-1.32055474861069,-15.015625));
#7027=CARTESIAN_POINT('Ctrl Pts',(3.1881011839521,-9.69854892309327E-15,
-14.9375));
#7028=CARTESIAN_POINT('Ctrl Pts',(3.1881011839521,1.32055474861067,-14.859375));
#7029=CARTESIAN_POINT('Ctrl Pts',(2.25432796628139,2.25432796628138,-14.78125));
#7030=CARTESIAN_POINT('Ctrl Pts',(1.32055474861068,3.18810118395209,-14.703125));
#7031=CARTESIAN_POINT('Ctrl Pts',(0.,3.18810118395209,-14.625));
#7032=CARTESIAN_POINT('Ctrl Pts',(-1.32055474861068,3.18810118395209,-14.546875));
#7033=CARTESIAN_POINT('Ctrl Pts',(-2.25432796628139,2.25432796628138,-14.46875));
#7034=CARTESIAN_POINT('Ctrl Pts',(-3.1881011839521,1.32055474861067,-14.390625));
#7035=CARTESIAN_POINT('Ctrl Pts',(-3.1881011839521,-8.9176893410363E-15,
-14.3125));
#7036=CARTESIAN_POINT('Ctrl Pts',(-3.1881011839521,-1.32055474861069,-14.234375));
#7037=CARTESIAN_POINT('Ctrl Pts',(-2.25432796628139,-2.2543279662814,-14.15625));
#7038=CARTESIAN_POINT('Ctrl Pts',(-1.32055474861068,-3.18810118395211,-14.078125));
#7039=CARTESIAN_POINT('Ctrl Pts',(-3.90429791028483E-16,-3.18810118395211,
-14.));
#7040=CARTESIAN_POINT('Origin',(-5.43966107523098E-16,-6.66133814775094E-15,
-19.546875));
#7041=CARTESIAN_POINT('',(-5.43966107523098E-16,-3.18810118395211,-12.59375));
#7042=CARTESIAN_POINT('',(-5.43966107523098E-16,-3.18810118395211,-12.75));
#7043=CARTESIAN_POINT('',(-6.97502424017714E-16,-3.18810118395211,-19.546875));
#7044=CARTESIAN_POINT('Ctrl Pts',(-3.90429791028483E-16,-3.18810118395211,
-13.84375));
#7045=CARTESIAN_POINT('Ctrl Pts',(1.32055474861068,-3.18810118395211,-13.765625));
#7046=CARTESIAN_POINT('Ctrl Pts',(2.25432796628139,-2.2543279662814,-13.6875));
#7047=CARTESIAN_POINT('Ctrl Pts',(3.1881011839521,-1.32055474861069,-13.609375));
#7048=CARTESIAN_POINT('Ctrl Pts',(3.1881011839521,-9.69854892309327E-15,
-13.53125));
#7049=CARTESIAN_POINT('Ctrl Pts',(3.1881011839521,1.32055474861067,-13.453125));
#7050=CARTESIAN_POINT('Ctrl Pts',(2.25432796628139,2.25432796628138,-13.375));
#7051=CARTESIAN_POINT('Ctrl Pts',(1.32055474861068,3.18810118395209,-13.296875));
#7052=CARTESIAN_POINT('Ctrl Pts',(0.,3.18810118395209,-13.21875));
#7053=CARTESIAN_POINT('Ctrl Pts',(-1.32055474861068,3.18810118395209,-13.140625));
#7054=CARTESIAN_POINT('Ctrl Pts',(-2.25432796628139,2.25432796628138,-13.0625));
#7055=CARTESIAN_POINT('Ctrl Pts',(-3.1881011839521,1.32055474861067,-12.984375));
#7056=CARTESIAN_POINT('Ctrl Pts',(-3.1881011839521,-8.9176893410363E-15,
-12.90625));
#7057=CARTESIAN_POINT('Ctrl Pts',(-3.1881011839521,-1.32055474861069,-12.828125));
#7058=CARTESIAN_POINT('Ctrl Pts',(-2.25432796628139,-2.2543279662814,-12.75));
#7059=CARTESIAN_POINT('Ctrl Pts',(-1.32055474861068,-3.18810118395211,-12.671875));
#7060=CARTESIAN_POINT('Ctrl Pts',(-3.90429791028483E-16,-3.18810118395211,
-12.59375));
#7061=CARTESIAN_POINT('Ctrl Pts',(-3.90429791028483E-16,-3.18810118395211,
-14.));
#7062=CARTESIAN_POINT('Ctrl Pts',(1.32055474861068,-3.18810118395211,-13.921875));
#7063=CARTESIAN_POINT('Ctrl Pts',(2.25432796628139,-2.2543279662814,-13.84375));
#7064=CARTESIAN_POINT('Ctrl Pts',(3.1881011839521,-1.32055474861069,-13.765625));
#7065=CARTESIAN_POINT('Ctrl Pts',(3.1881011839521,-9.69854892309327E-15,
-13.6875));
#7066=CARTESIAN_POINT('Ctrl Pts',(3.1881011839521,1.32055474861067,-13.609375));
#7067=CARTESIAN_POINT('Ctrl Pts',(2.25432796628139,2.25432796628138,-13.53125));
#7068=CARTESIAN_POINT('Ctrl Pts',(1.32055474861068,3.18810118395209,-13.453125));
#7069=CARTESIAN_POINT('Ctrl Pts',(0.,3.18810118395209,-13.375));
#7070=CARTESIAN_POINT('Ctrl Pts',(-1.32055474861068,3.18810118395209,-13.296875));
#7071=CARTESIAN_POINT('Ctrl Pts',(-2.25432796628139,2.25432796628138,-13.21875));
#7072=CARTESIAN_POINT('Ctrl Pts',(-3.1881011839521,1.32055474861067,-13.140625));
#7073=CARTESIAN_POINT('Ctrl Pts',(-3.1881011839521,-8.9176893410363E-15,
-13.0625));
#7074=CARTESIAN_POINT('Ctrl Pts',(-3.1881011839521,-1.32055474861069,-12.984375));
#7075=CARTESIAN_POINT('Ctrl Pts',(-2.25432796628139,-2.2543279662814,-12.90625));
#7076=CARTESIAN_POINT('Ctrl Pts',(-1.32055474861068,-3.18810118395211,-12.828125));
#7077=CARTESIAN_POINT('Ctrl Pts',(-3.90429791028483E-16,-3.18810118395211,
-12.75));
#7078=CARTESIAN_POINT('Origin',(-5.43966107523098E-16,-6.66133814775094E-15,
-19.546875));
#7079=CARTESIAN_POINT('',(-5.43966107523098E-16,-3.18810118395211,-11.34375));
#7080=CARTESIAN_POINT('',(-5.43966107523098E-16,-3.18810118395211,-11.5));
#7081=CARTESIAN_POINT('',(-6.97502424017714E-16,-3.18810118395211,-19.546875));
#7082=CARTESIAN_POINT('Ctrl Pts',(-3.90429791028483E-16,-3.18810118395211,
-12.59375));
#7083=CARTESIAN_POINT('Ctrl Pts',(1.32055474861068,-3.18810118395211,-12.515625));
#7084=CARTESIAN_POINT('Ctrl Pts',(2.25432796628139,-2.2543279662814,-12.4375));
#7085=CARTESIAN_POINT('Ctrl Pts',(3.1881011839521,-1.32055474861069,-12.359375));
#7086=CARTESIAN_POINT('Ctrl Pts',(3.1881011839521,-9.69854892309327E-15,
-12.28125));
#7087=CARTESIAN_POINT('Ctrl Pts',(3.1881011839521,1.32055474861067,-12.203125));
#7088=CARTESIAN_POINT('Ctrl Pts',(2.25432796628139,2.25432796628138,-12.125));
#7089=CARTESIAN_POINT('Ctrl Pts',(1.32055474861068,3.18810118395209,-12.046875));
#7090=CARTESIAN_POINT('Ctrl Pts',(0.,3.18810118395209,-11.96875));
#7091=CARTESIAN_POINT('Ctrl Pts',(-1.32055474861068,3.18810118395209,-11.890625));
#7092=CARTESIAN_POINT('Ctrl Pts',(-2.25432796628139,2.25432796628138,-11.8125));
#7093=CARTESIAN_POINT('Ctrl Pts',(-3.1881011839521,1.32055474861067,-11.734375));
#7094=CARTESIAN_POINT('Ctrl Pts',(-3.1881011839521,-8.9176893410363E-15,
-11.65625));
#7095=CARTESIAN_POINT('Ctrl Pts',(-3.1881011839521,-1.32055474861069,-11.578125));
#7096=CARTESIAN_POINT('Ctrl Pts',(-2.25432796628139,-2.2543279662814,-11.5));
#7097=CARTESIAN_POINT('Ctrl Pts',(-1.32055474861068,-3.18810118395211,-11.421875));
#7098=CARTESIAN_POINT('Ctrl Pts',(-3.90429791028483E-16,-3.18810118395211,
-11.34375));
#7099=CARTESIAN_POINT('Ctrl Pts',(-3.90429791028483E-16,-3.18810118395211,
-12.75));
#7100=CARTESIAN_POINT('Ctrl Pts',(1.32055474861068,-3.18810118395211,-12.671875));
#7101=CARTESIAN_POINT('Ctrl Pts',(2.25432796628139,-2.2543279662814,-12.59375));
#7102=CARTESIAN_POINT('Ctrl Pts',(3.1881011839521,-1.32055474861069,-12.515625));
#7103=CARTESIAN_POINT('Ctrl Pts',(3.1881011839521,-9.69854892309327E-15,
-12.4375));
#7104=CARTESIAN_POINT('Ctrl Pts',(3.1881011839521,1.32055474861067,-12.359375));
#7105=CARTESIAN_POINT('Ctrl Pts',(2.25432796628139,2.25432796628138,-12.28125));
#7106=CARTESIAN_POINT('Ctrl Pts',(1.32055474861068,3.18810118395209,-12.203125));
#7107=CARTESIAN_POINT('Ctrl Pts',(0.,3.18810118395209,-12.125));
#7108=CARTESIAN_POINT('Ctrl Pts',(-1.32055474861068,3.18810118395209,-12.046875));
#7109=CARTESIAN_POINT('Ctrl Pts',(-2.25432796628139,2.25432796628138,-11.96875));
#7110=CARTESIAN_POINT('Ctrl Pts',(-3.1881011839521,1.32055474861067,-11.890625));
#7111=CARTESIAN_POINT('Ctrl Pts',(-3.1881011839521,-8.9176893410363E-15,
-11.8125));
#7112=CARTESIAN_POINT('Ctrl Pts',(-3.1881011839521,-1.32055474861069,-11.734375));
#7113=CARTESIAN_POINT('Ctrl Pts',(-2.25432796628139,-2.2543279662814,-11.65625));
#7114=CARTESIAN_POINT('Ctrl Pts',(-1.32055474861068,-3.18810118395211,-11.578125));
#7115=CARTESIAN_POINT('Ctrl Pts',(-3.90429791028483E-16,-3.18810118395211,
-11.5));
#7116=CARTESIAN_POINT('Origin',(-5.43966107523098E-16,-6.66133814775094E-15,
-19.546875));
#7117=CARTESIAN_POINT('',(-5.43966107523098E-16,-3.18810118395211,-10.09375));
#7118=CARTESIAN_POINT('',(-5.43966107523098E-16,-3.18810118395211,-10.25));
#7119=CARTESIAN_POINT('',(-6.97502424017714E-16,-3.18810118395211,-19.546875));
#7120=CARTESIAN_POINT('Ctrl Pts',(-3.90429791028483E-16,-3.18810118395211,
-11.34375));
#7121=CARTESIAN_POINT('Ctrl Pts',(1.32055474861068,-3.18810118395211,-11.265625));
#7122=CARTESIAN_POINT('Ctrl Pts',(2.25432796628139,-2.2543279662814,-11.1875));
#7123=CARTESIAN_POINT('Ctrl Pts',(3.1881011839521,-1.32055474861069,-11.109375));
#7124=CARTESIAN_POINT('Ctrl Pts',(3.1881011839521,-9.69854892309327E-15,
-11.03125));
#7125=CARTESIAN_POINT('Ctrl Pts',(3.1881011839521,1.32055474861067,-10.953125));
#7126=CARTESIAN_POINT('Ctrl Pts',(2.25432796628139,2.25432796628138,-10.875));
#7127=CARTESIAN_POINT('Ctrl Pts',(1.32055474861068,3.18810118395209,-10.796875));
#7128=CARTESIAN_POINT('Ctrl Pts',(0.,3.18810118395209,-10.71875));
#7129=CARTESIAN_POINT('Ctrl Pts',(-1.32055474861068,3.18810118395209,-10.640625));
#7130=CARTESIAN_POINT('Ctrl Pts',(-2.25432796628139,2.25432796628138,-10.5625));
#7131=CARTESIAN_POINT('Ctrl Pts',(-3.1881011839521,1.32055474861067,-10.484375));
#7132=CARTESIAN_POINT('Ctrl Pts',(-3.1881011839521,-8.9176893410363E-15,
-10.40625));
#7133=CARTESIAN_POINT('Ctrl Pts',(-3.1881011839521,-1.32055474861069,-10.328125));
#7134=CARTESIAN_POINT('Ctrl Pts',(-2.25432796628139,-2.2543279662814,-10.25));
#7135=CARTESIAN_POINT('Ctrl Pts',(-1.32055474861068,-3.18810118395211,-10.171875));
#7136=CARTESIAN_POINT('Ctrl Pts',(-3.90429791028483E-16,-3.18810118395211,
-10.09375));
#7137=CARTESIAN_POINT('Ctrl Pts',(-3.90429791028483E-16,-3.18810118395211,
-11.5));
#7138=CARTESIAN_POINT('Ctrl Pts',(1.32055474861068,-3.18810118395211,-11.421875));
#7139=CARTESIAN_POINT('Ctrl Pts',(2.25432796628139,-2.2543279662814,-11.34375));
#7140=CARTESIAN_POINT('Ctrl Pts',(3.1881011839521,-1.32055474861069,-11.265625));
#7141=CARTESIAN_POINT('Ctrl Pts',(3.1881011839521,-9.69854892309327E-15,
-11.1875));
#7142=CARTESIAN_POINT('Ctrl Pts',(3.1881011839521,1.32055474861067,-11.109375));
#7143=CARTESIAN_POINT('Ctrl Pts',(2.25432796628139,2.25432796628138,-11.03125));
#7144=CARTESIAN_POINT('Ctrl Pts',(1.32055474861068,3.18810118395209,-10.953125));
#7145=CARTESIAN_POINT('Ctrl Pts',(0.,3.18810118395209,-10.875));
#7146=CARTESIAN_POINT('Ctrl Pts',(-1.32055474861068,3.18810118395209,-10.796875));
#7147=CARTESIAN_POINT('Ctrl Pts',(-2.25432796628139,2.25432796628138,-10.71875));
#7148=CARTESIAN_POINT('Ctrl Pts',(-3.1881011839521,1.32055474861067,-10.640625));
#7149=CARTESIAN_POINT('Ctrl Pts',(-3.1881011839521,-8.9176893410363E-15,
-10.5625));
#7150=CARTESIAN_POINT('Ctrl Pts',(-3.1881011839521,-1.32055474861069,-10.484375));
#7151=CARTESIAN_POINT('Ctrl Pts',(-2.25432796628139,-2.2543279662814,-10.40625));
#7152=CARTESIAN_POINT('Ctrl Pts',(-1.32055474861068,-3.18810118395211,-10.328125));
#7153=CARTESIAN_POINT('Ctrl Pts',(-3.90429791028483E-16,-3.18810118395211,
-10.25));
#7154=CARTESIAN_POINT('Origin',(-5.43966107523098E-16,-6.66133814775094E-15,
-19.546875));
#7155=CARTESIAN_POINT('',(-5.43966107523098E-16,-3.18810118395211,-8.84375));
#7156=CARTESIAN_POINT('',(-5.43966107523098E-16,-3.18810118395211,-9.));
#7157=CARTESIAN_POINT('',(-6.97502424017714E-16,-3.18810118395211,-19.546875));
#7158=CARTESIAN_POINT('Ctrl Pts',(-3.90429791028483E-16,-3.18810118395211,
-10.09375));
#7159=CARTESIAN_POINT('Ctrl Pts',(1.32055474861068,-3.18810118395211,-10.015625));
#7160=CARTESIAN_POINT('Ctrl Pts',(2.25432796628139,-2.2543279662814,-9.9375));
#7161=CARTESIAN_POINT('Ctrl Pts',(3.1881011839521,-1.32055474861069,-9.859375));
#7162=CARTESIAN_POINT('Ctrl Pts',(3.1881011839521,-9.69854892309327E-15,
-9.78125));
#7163=CARTESIAN_POINT('Ctrl Pts',(3.1881011839521,1.32055474861067,-9.703125));
#7164=CARTESIAN_POINT('Ctrl Pts',(2.25432796628139,2.25432796628138,-9.625));
#7165=CARTESIAN_POINT('Ctrl Pts',(1.32055474861068,3.18810118395209,-9.546875));
#7166=CARTESIAN_POINT('Ctrl Pts',(0.,3.18810118395209,-9.46875));
#7167=CARTESIAN_POINT('Ctrl Pts',(-1.32055474861068,3.18810118395209,-9.39062499999999));
#7168=CARTESIAN_POINT('Ctrl Pts',(-2.25432796628139,2.25432796628138,-9.3125));
#7169=CARTESIAN_POINT('Ctrl Pts',(-3.1881011839521,1.32055474861067,-9.234375));
#7170=CARTESIAN_POINT('Ctrl Pts',(-3.1881011839521,-8.9176893410363E-15,
-9.15625));
#7171=CARTESIAN_POINT('Ctrl Pts',(-3.1881011839521,-1.32055474861069,-9.078125));
#7172=CARTESIAN_POINT('Ctrl Pts',(-2.25432796628139,-2.2543279662814,-9.));
#7173=CARTESIAN_POINT('Ctrl Pts',(-1.32055474861068,-3.18810118395211,-8.921875));
#7174=CARTESIAN_POINT('Ctrl Pts',(-3.90429791028483E-16,-3.18810118395211,
-8.84375));
#7175=CARTESIAN_POINT('Ctrl Pts',(-3.90429791028483E-16,-3.18810118395211,
-10.25));
#7176=CARTESIAN_POINT('Ctrl Pts',(1.32055474861068,-3.18810118395211,-10.171875));
#7177=CARTESIAN_POINT('Ctrl Pts',(2.25432796628139,-2.2543279662814,-10.09375));
#7178=CARTESIAN_POINT('Ctrl Pts',(3.1881011839521,-1.32055474861069,-10.015625));
#7179=CARTESIAN_POINT('Ctrl Pts',(3.1881011839521,-9.69854892309327E-15,
-9.9375));
#7180=CARTESIAN_POINT('Ctrl Pts',(3.1881011839521,1.32055474861067,-9.859375));
#7181=CARTESIAN_POINT('Ctrl Pts',(2.25432796628139,2.25432796628138,-9.78125));
#7182=CARTESIAN_POINT('Ctrl Pts',(1.32055474861068,3.18810118395209,-9.703125));
#7183=CARTESIAN_POINT('Ctrl Pts',(0.,3.18810118395209,-9.625));
#7184=CARTESIAN_POINT('Ctrl Pts',(-1.32055474861068,3.18810118395209,-9.546875));
#7185=CARTESIAN_POINT('Ctrl Pts',(-2.25432796628139,2.25432796628138,-9.46875));
#7186=CARTESIAN_POINT('Ctrl Pts',(-3.1881011839521,1.32055474861067,-9.39062499999999));
#7187=CARTESIAN_POINT('Ctrl Pts',(-3.1881011839521,-8.9176893410363E-15,
-9.3125));
#7188=CARTESIAN_POINT('Ctrl Pts',(-3.1881011839521,-1.32055474861069,-9.234375));
#7189=CARTESIAN_POINT('Ctrl Pts',(-2.25432796628139,-2.2543279662814,-9.15625));
#7190=CARTESIAN_POINT('Ctrl Pts',(-1.32055474861068,-3.18810118395211,-9.078125));
#7191=CARTESIAN_POINT('Ctrl Pts',(-3.90429791028483E-16,-3.18810118395211,
-9.));
#7192=CARTESIAN_POINT('Origin',(-5.43966107523098E-16,-6.66133814775094E-15,
-19.546875));
#7193=CARTESIAN_POINT('',(-5.43966107523098E-16,-3.18810118395211,-7.59375));
#7194=CARTESIAN_POINT('',(-5.43966107523098E-16,-3.18810118395211,-7.75));
#7195=CARTESIAN_POINT('',(-6.97502424017714E-16,-3.18810118395211,-19.546875));
#7196=CARTESIAN_POINT('Ctrl Pts',(-3.90429791028483E-16,-3.18810118395211,
-8.84375));
#7197=CARTESIAN_POINT('Ctrl Pts',(1.32055474861068,-3.18810118395211,-8.765625));
#7198=CARTESIAN_POINT('Ctrl Pts',(2.25432796628139,-2.2543279662814,-8.6875));
#7199=CARTESIAN_POINT('Ctrl Pts',(3.1881011839521,-1.32055474861069,-8.609375));
#7200=CARTESIAN_POINT('Ctrl Pts',(3.1881011839521,-9.69854892309327E-15,
-8.53124999999999));
#7201=CARTESIAN_POINT('Ctrl Pts',(3.1881011839521,1.32055474861067,-8.453125));
#7202=CARTESIAN_POINT('Ctrl Pts',(2.25432796628139,2.25432796628138,-8.375));
#7203=CARTESIAN_POINT('Ctrl Pts',(1.32055474861068,3.18810118395209,-8.296875));
#7204=CARTESIAN_POINT('Ctrl Pts',(0.,3.18810118395209,-8.21875));
#7205=CARTESIAN_POINT('Ctrl Pts',(-1.32055474861068,3.18810118395209,-8.140625));
#7206=CARTESIAN_POINT('Ctrl Pts',(-2.25432796628139,2.25432796628138,-8.0625));
#7207=CARTESIAN_POINT('Ctrl Pts',(-3.1881011839521,1.32055474861067,-7.984375));
#7208=CARTESIAN_POINT('Ctrl Pts',(-3.1881011839521,-8.9176893410363E-15,
-7.90625));
#7209=CARTESIAN_POINT('Ctrl Pts',(-3.1881011839521,-1.32055474861069,-7.828125));
#7210=CARTESIAN_POINT('Ctrl Pts',(-2.25432796628139,-2.2543279662814,-7.75));
#7211=CARTESIAN_POINT('Ctrl Pts',(-1.32055474861068,-3.18810118395211,-7.671875));
#7212=CARTESIAN_POINT('Ctrl Pts',(-3.90429791028483E-16,-3.18810118395211,
-7.59375));
#7213=CARTESIAN_POINT('Ctrl Pts',(-3.90429791028483E-16,-3.18810118395211,
-9.));
#7214=CARTESIAN_POINT('Ctrl Pts',(1.32055474861068,-3.18810118395211,-8.921875));
#7215=CARTESIAN_POINT('Ctrl Pts',(2.25432796628139,-2.2543279662814,-8.84375));
#7216=CARTESIAN_POINT('Ctrl Pts',(3.1881011839521,-1.32055474861069,-8.765625));
#7217=CARTESIAN_POINT('Ctrl Pts',(3.1881011839521,-9.69854892309327E-15,
-8.6875));
#7218=CARTESIAN_POINT('Ctrl Pts',(3.1881011839521,1.32055474861067,-8.609375));
#7219=CARTESIAN_POINT('Ctrl Pts',(2.25432796628139,2.25432796628138,-8.53125));
#7220=CARTESIAN_POINT('Ctrl Pts',(1.32055474861068,3.18810118395209,-8.453125));
#7221=CARTESIAN_POINT('Ctrl Pts',(0.,3.18810118395209,-8.375));
#7222=CARTESIAN_POINT('Ctrl Pts',(-1.32055474861068,3.18810118395209,-8.296875));
#7223=CARTESIAN_POINT('Ctrl Pts',(-2.25432796628139,2.25432796628138,-8.21875));
#7224=CARTESIAN_POINT('Ctrl Pts',(-3.1881011839521,1.32055474861067,-8.140625));
#7225=CARTESIAN_POINT('Ctrl Pts',(-3.1881011839521,-8.9176893410363E-15,
-8.0625));
#7226=CARTESIAN_POINT('Ctrl Pts',(-3.1881011839521,-1.32055474861069,-7.984375));
#7227=CARTESIAN_POINT('Ctrl Pts',(-2.25432796628139,-2.2543279662814,-7.90625));
#7228=CARTESIAN_POINT('Ctrl Pts',(-1.32055474861068,-3.18810118395211,-7.828125));
#7229=CARTESIAN_POINT('Ctrl Pts',(-3.90429791028483E-16,-3.18810118395211,
-7.75));
#7230=CARTESIAN_POINT('Origin',(-5.43966107523098E-16,-6.66133814775094E-15,
-19.546875));
#7231=CARTESIAN_POINT('',(-5.43966107523098E-16,-3.18810118395211,-6.34375));
#7232=CARTESIAN_POINT('',(-5.43966107523098E-16,-3.18810118395211,-6.5));
#7233=CARTESIAN_POINT('',(-6.97502424017714E-16,-3.18810118395211,-19.546875));
#7234=CARTESIAN_POINT('Ctrl Pts',(-3.90429791028483E-16,-3.18810118395211,
-7.59375));
#7235=CARTESIAN_POINT('Ctrl Pts',(1.32055474861068,-3.18810118395211,-7.515625));
#7236=CARTESIAN_POINT('Ctrl Pts',(2.25432796628139,-2.2543279662814,-7.4375));
#7237=CARTESIAN_POINT('Ctrl Pts',(3.1881011839521,-1.32055474861069,-7.359375));
#7238=CARTESIAN_POINT('Ctrl Pts',(3.1881011839521,-9.69854892309327E-15,
-7.28125));
#7239=CARTESIAN_POINT('Ctrl Pts',(3.1881011839521,1.32055474861067,-7.203125));
#7240=CARTESIAN_POINT('Ctrl Pts',(2.25432796628139,2.25432796628138,-7.125));
#7241=CARTESIAN_POINT('Ctrl Pts',(1.32055474861068,3.18810118395209,-7.046875));
#7242=CARTESIAN_POINT('Ctrl Pts',(0.,3.18810118395209,-6.96875));
#7243=CARTESIAN_POINT('Ctrl Pts',(-1.32055474861068,3.18810118395209,-6.890625));
#7244=CARTESIAN_POINT('Ctrl Pts',(-2.25432796628139,2.25432796628138,-6.8125));
#7245=CARTESIAN_POINT('Ctrl Pts',(-3.1881011839521,1.32055474861067,-6.734375));
#7246=CARTESIAN_POINT('Ctrl Pts',(-3.1881011839521,-8.9176893410363E-15,
-6.65625));
#7247=CARTESIAN_POINT('Ctrl Pts',(-3.1881011839521,-1.32055474861069,-6.578125));
#7248=CARTESIAN_POINT('Ctrl Pts',(-2.25432796628139,-2.2543279662814,-6.5));
#7249=CARTESIAN_POINT('Ctrl Pts',(-1.32055474861068,-3.18810118395211,-6.421875));
#7250=CARTESIAN_POINT('Ctrl Pts',(-3.90429791028483E-16,-3.18810118395211,
-6.34375));
#7251=CARTESIAN_POINT('Ctrl Pts',(-3.90429791028483E-16,-3.18810118395211,
-7.75));
#7252=CARTESIAN_POINT('Ctrl Pts',(1.32055474861068,-3.18810118395211,-7.671875));
#7253=CARTESIAN_POINT('Ctrl Pts',(2.25432796628139,-2.2543279662814,-7.59375));
#7254=CARTESIAN_POINT('Ctrl Pts',(3.1881011839521,-1.32055474861069,-7.515625));
#7255=CARTESIAN_POINT('Ctrl Pts',(3.1881011839521,-9.69854892309327E-15,
-7.4375));
#7256=CARTESIAN_POINT('Ctrl Pts',(3.1881011839521,1.32055474861067,-7.359375));
#7257=CARTESIAN_POINT('Ctrl Pts',(2.25432796628139,2.25432796628138,-7.28125));
#7258=CARTESIAN_POINT('Ctrl Pts',(1.32055474861068,3.18810118395209,-7.203125));
#7259=CARTESIAN_POINT('Ctrl Pts',(0.,3.18810118395209,-7.125));
#7260=CARTESIAN_POINT('Ctrl Pts',(-1.32055474861068,3.18810118395209,-7.046875));
#7261=CARTESIAN_POINT('Ctrl Pts',(-2.25432796628139,2.25432796628138,-6.96875));
#7262=CARTESIAN_POINT('Ctrl Pts',(-3.1881011839521,1.32055474861067,-6.890625));
#7263=CARTESIAN_POINT('Ctrl Pts',(-3.1881011839521,-8.9176893410363E-15,
-6.8125));
#7264=CARTESIAN_POINT('Ctrl Pts',(-3.1881011839521,-1.32055474861069,-6.734375));
#7265=CARTESIAN_POINT('Ctrl Pts',(-2.25432796628139,-2.2543279662814,-6.65625));
#7266=CARTESIAN_POINT('Ctrl Pts',(-1.32055474861068,-3.18810118395211,-6.578125));
#7267=CARTESIAN_POINT('Ctrl Pts',(-3.90429791028483E-16,-3.18810118395211,
-6.5));
#7268=CARTESIAN_POINT('Origin',(-5.43966107523098E-16,-6.66133814775094E-15,
-19.546875));
#7269=CARTESIAN_POINT('',(-5.43966107523098E-16,-3.18810118395211,-5.09375));
#7270=CARTESIAN_POINT('',(-5.43966107523098E-16,-3.18810118395211,-5.25));
#7271=CARTESIAN_POINT('',(-6.97502424017714E-16,-3.18810118395211,-19.546875));
#7272=CARTESIAN_POINT('Ctrl Pts',(-3.90429791028483E-16,-3.18810118395211,
-6.34375));
#7273=CARTESIAN_POINT('Ctrl Pts',(1.32055474861068,-3.18810118395211,-6.265625));
#7274=CARTESIAN_POINT('Ctrl Pts',(2.25432796628139,-2.2543279662814,-6.1875));
#7275=CARTESIAN_POINT('Ctrl Pts',(3.1881011839521,-1.32055474861069,-6.109375));
#7276=CARTESIAN_POINT('Ctrl Pts',(3.1881011839521,-9.69854892309327E-15,
-6.03125));
#7277=CARTESIAN_POINT('Ctrl Pts',(3.1881011839521,1.32055474861067,-5.953125));
#7278=CARTESIAN_POINT('Ctrl Pts',(2.25432796628139,2.25432796628138,-5.875));
#7279=CARTESIAN_POINT('Ctrl Pts',(1.32055474861068,3.18810118395209,-5.796875));
#7280=CARTESIAN_POINT('Ctrl Pts',(0.,3.18810118395209,-5.71875));
#7281=CARTESIAN_POINT('Ctrl Pts',(-1.32055474861068,3.18810118395209,-5.640625));
#7282=CARTESIAN_POINT('Ctrl Pts',(-2.25432796628139,2.25432796628138,-5.5625));
#7283=CARTESIAN_POINT('Ctrl Pts',(-3.1881011839521,1.32055474861067,-5.484375));
#7284=CARTESIAN_POINT('Ctrl Pts',(-3.1881011839521,-8.9176893410363E-15,
-5.40625));
#7285=CARTESIAN_POINT('Ctrl Pts',(-3.1881011839521,-1.32055474861069,-5.328125));
#7286=CARTESIAN_POINT('Ctrl Pts',(-2.25432796628139,-2.2543279662814,-5.25));
#7287=CARTESIAN_POINT('Ctrl Pts',(-1.32055474861068,-3.18810118395211,-5.171875));
#7288=CARTESIAN_POINT('Ctrl Pts',(-3.90429791028483E-16,-3.18810118395211,
-5.09375));
#7289=CARTESIAN_POINT('Ctrl Pts',(-3.90429791028483E-16,-3.18810118395211,
-6.5));
#7290=CARTESIAN_POINT('Ctrl Pts',(1.32055474861068,-3.18810118395211,-6.421875));
#7291=CARTESIAN_POINT('Ctrl Pts',(2.25432796628139,-2.2543279662814,-6.34375));
#7292=CARTESIAN_POINT('Ctrl Pts',(3.1881011839521,-1.32055474861069,-6.265625));
#7293=CARTESIAN_POINT('Ctrl Pts',(3.1881011839521,-9.69854892309327E-15,
-6.1875));
#7294=CARTESIAN_POINT('Ctrl Pts',(3.1881011839521,1.32055474861067,-6.109375));
#7295=CARTESIAN_POINT('Ctrl Pts',(2.25432796628139,2.25432796628138,-6.03125));
#7296=CARTESIAN_POINT('Ctrl Pts',(1.32055474861068,3.18810118395209,-5.953125));
#7297=CARTESIAN_POINT('Ctrl Pts',(0.,3.18810118395209,-5.875));
#7298=CARTESIAN_POINT('Ctrl Pts',(-1.32055474861068,3.18810118395209,-5.796875));
#7299=CARTESIAN_POINT('Ctrl Pts',(-2.25432796628139,2.25432796628138,-5.71875));
#7300=CARTESIAN_POINT('Ctrl Pts',(-3.1881011839521,1.32055474861067,-5.640625));
#7301=CARTESIAN_POINT('Ctrl Pts',(-3.1881011839521,-8.9176893410363E-15,
-5.5625));
#7302=CARTESIAN_POINT('Ctrl Pts',(-3.1881011839521,-1.32055474861069,-5.484375));
#7303=CARTESIAN_POINT('Ctrl Pts',(-2.25432796628139,-2.2543279662814,-5.40625));
#7304=CARTESIAN_POINT('Ctrl Pts',(-1.32055474861068,-3.18810118395211,-5.328125));
#7305=CARTESIAN_POINT('Ctrl Pts',(-3.90429791028483E-16,-3.18810118395211,
-5.25));
#7306=CARTESIAN_POINT('Origin',(-5.43966107523098E-16,-6.66133814775094E-15,
-19.546875));
#7307=CARTESIAN_POINT('',(-5.43966107523098E-16,-3.18810118395211,-3.84375));
#7308=CARTESIAN_POINT('',(-5.43966107523098E-16,-3.18810118395211,-4.));
#7309=CARTESIAN_POINT('',(-6.97502424017714E-16,-3.18810118395211,-19.546875));
#7310=CARTESIAN_POINT('Ctrl Pts',(-3.90429791028483E-16,-3.18810118395211,
-5.09375));
#7311=CARTESIAN_POINT('Ctrl Pts',(1.32055474861068,-3.18810118395211,-5.015625));
#7312=CARTESIAN_POINT('Ctrl Pts',(2.25432796628139,-2.2543279662814,-4.9375));
#7313=CARTESIAN_POINT('Ctrl Pts',(3.1881011839521,-1.32055474861069,-4.859375));
#7314=CARTESIAN_POINT('Ctrl Pts',(3.1881011839521,-9.69854892309327E-15,
-4.78125));
#7315=CARTESIAN_POINT('Ctrl Pts',(3.1881011839521,1.32055474861067,-4.703125));
#7316=CARTESIAN_POINT('Ctrl Pts',(2.25432796628139,2.25432796628138,-4.625));
#7317=CARTESIAN_POINT('Ctrl Pts',(1.32055474861068,3.18810118395209,-4.546875));
#7318=CARTESIAN_POINT('Ctrl Pts',(0.,3.18810118395209,-4.46875));
#7319=CARTESIAN_POINT('Ctrl Pts',(-1.32055474861068,3.18810118395209,-4.390625));
#7320=CARTESIAN_POINT('Ctrl Pts',(-2.25432796628139,2.25432796628138,-4.3125));
#7321=CARTESIAN_POINT('Ctrl Pts',(-3.1881011839521,1.32055474861067,-4.234375));
#7322=CARTESIAN_POINT('Ctrl Pts',(-3.1881011839521,-8.9176893410363E-15,
-4.15625));
#7323=CARTESIAN_POINT('Ctrl Pts',(-3.1881011839521,-1.32055474861069,-4.078125));
#7324=CARTESIAN_POINT('Ctrl Pts',(-2.25432796628139,-2.2543279662814,-4.));
#7325=CARTESIAN_POINT('Ctrl Pts',(-1.32055474861068,-3.18810118395211,-3.921875));
#7326=CARTESIAN_POINT('Ctrl Pts',(-3.90429791028483E-16,-3.18810118395211,
-3.84375));
#7327=CARTESIAN_POINT('Ctrl Pts',(-3.90429791028483E-16,-3.18810118395211,
-5.25));
#7328=CARTESIAN_POINT('Ctrl Pts',(1.32055474861068,-3.18810118395211,-5.171875));
#7329=CARTESIAN_POINT('Ctrl Pts',(2.25432796628139,-2.2543279662814,-5.09375));
#7330=CARTESIAN_POINT('Ctrl Pts',(3.1881011839521,-1.32055474861069,-5.015625));
#7331=CARTESIAN_POINT('Ctrl Pts',(3.1881011839521,-9.69854892309327E-15,
-4.9375));
#7332=CARTESIAN_POINT('Ctrl Pts',(3.1881011839521,1.32055474861067,-4.859375));
#7333=CARTESIAN_POINT('Ctrl Pts',(2.25432796628139,2.25432796628138,-4.78125));
#7334=CARTESIAN_POINT('Ctrl Pts',(1.32055474861068,3.18810118395209,-4.703125));
#7335=CARTESIAN_POINT('Ctrl Pts',(0.,3.18810118395209,-4.625));
#7336=CARTESIAN_POINT('Ctrl Pts',(-1.32055474861068,3.18810118395209,-4.546875));
#7337=CARTESIAN_POINT('Ctrl Pts',(-2.25432796628139,2.25432796628138,-4.46875));
#7338=CARTESIAN_POINT('Ctrl Pts',(-3.1881011839521,1.32055474861067,-4.390625));
#7339=CARTESIAN_POINT('Ctrl Pts',(-3.1881011839521,-8.9176893410363E-15,
-4.3125));
#7340=CARTESIAN_POINT('Ctrl Pts',(-3.1881011839521,-1.32055474861069,-4.234375));
#7341=CARTESIAN_POINT('Ctrl Pts',(-2.25432796628139,-2.2543279662814,-4.15625));
#7342=CARTESIAN_POINT('Ctrl Pts',(-1.32055474861068,-3.18810118395211,-4.078125));
#7343=CARTESIAN_POINT('Ctrl Pts',(-3.90429791028483E-16,-3.18810118395211,
-4.));
#7344=CARTESIAN_POINT('Origin',(-5.43966107523098E-16,-6.66133814775094E-15,
-19.546875));
#7345=CARTESIAN_POINT('',(-5.43966107523098E-16,-3.18810118395211,-2.59375));
#7346=CARTESIAN_POINT('',(-5.43966107523098E-16,-3.18810118395211,-2.75));
#7347=CARTESIAN_POINT('',(-6.97502424017714E-16,-3.18810118395211,-19.546875));
#7348=CARTESIAN_POINT('Ctrl Pts',(-3.90429791028483E-16,-3.18810118395211,
-3.84375));
#7349=CARTESIAN_POINT('Ctrl Pts',(1.32055474861068,-3.18810118395211,-3.76562499999999));
#7350=CARTESIAN_POINT('Ctrl Pts',(2.25432796628139,-2.2543279662814,-3.6875));
#7351=CARTESIAN_POINT('Ctrl Pts',(3.1881011839521,-1.32055474861069,-3.60937499999999));
#7352=CARTESIAN_POINT('Ctrl Pts',(3.1881011839521,-9.69854892309327E-15,
-3.53125));
#7353=CARTESIAN_POINT('Ctrl Pts',(3.1881011839521,1.32055474861067,-3.453125));
#7354=CARTESIAN_POINT('Ctrl Pts',(2.25432796628139,2.25432796628138,-3.375));
#7355=CARTESIAN_POINT('Ctrl Pts',(1.32055474861068,3.18810118395209,-3.296875));
#7356=CARTESIAN_POINT('Ctrl Pts',(0.,3.18810118395209,-3.21875));
#7357=CARTESIAN_POINT('Ctrl Pts',(-1.32055474861068,3.18810118395209,-3.140625));
#7358=CARTESIAN_POINT('Ctrl Pts',(-2.25432796628139,2.25432796628138,-3.0625));
#7359=CARTESIAN_POINT('Ctrl Pts',(-3.1881011839521,1.32055474861067,-2.984375));
#7360=CARTESIAN_POINT('Ctrl Pts',(-3.1881011839521,-8.9176893410363E-15,
-2.90625));
#7361=CARTESIAN_POINT('Ctrl Pts',(-3.1881011839521,-1.32055474861069,-2.828125));
#7362=CARTESIAN_POINT('Ctrl Pts',(-2.25432796628139,-2.2543279662814,-2.75));
#7363=CARTESIAN_POINT('Ctrl Pts',(-1.32055474861068,-3.18810118395211,-2.671875));
#7364=CARTESIAN_POINT('Ctrl Pts',(-3.90429791028483E-16,-3.18810118395211,
-2.59375));
#7365=CARTESIAN_POINT('Ctrl Pts',(-3.90429791028483E-16,-3.18810118395211,
-4.));
#7366=CARTESIAN_POINT('Ctrl Pts',(1.32055474861068,-3.18810118395211,-3.92187499999999));
#7367=CARTESIAN_POINT('Ctrl Pts',(2.25432796628139,-2.2543279662814,-3.84375));
#7368=CARTESIAN_POINT('Ctrl Pts',(3.1881011839521,-1.32055474861069,-3.76562499999999));
#7369=CARTESIAN_POINT('Ctrl Pts',(3.1881011839521,-9.69854892309327E-15,
-3.6875));
#7370=CARTESIAN_POINT('Ctrl Pts',(3.1881011839521,1.32055474861067,-3.609375));
#7371=CARTESIAN_POINT('Ctrl Pts',(2.25432796628139,2.25432796628138,-3.53125));
#7372=CARTESIAN_POINT('Ctrl Pts',(1.32055474861068,3.18810118395209,-3.453125));
#7373=CARTESIAN_POINT('Ctrl Pts',(0.,3.18810118395209,-3.375));
#7374=CARTESIAN_POINT('Ctrl Pts',(-1.32055474861068,3.18810118395209,-3.296875));
#7375=CARTESIAN_POINT('Ctrl Pts',(-2.25432796628139,2.25432796628138,-3.21875));
#7376=CARTESIAN_POINT('Ctrl Pts',(-3.1881011839521,1.32055474861067,-3.140625));
#7377=CARTESIAN_POINT('Ctrl Pts',(-3.1881011839521,-8.9176893410363E-15,
-3.0625));
#7378=CARTESIAN_POINT('Ctrl Pts',(-3.1881011839521,-1.32055474861069,-2.984375));
#7379=CARTESIAN_POINT('Ctrl Pts',(-2.25432796628139,-2.2543279662814,-2.90625));
#7380=CARTESIAN_POINT('Ctrl Pts',(-1.32055474861068,-3.18810118395211,-2.828125));
#7381=CARTESIAN_POINT('Ctrl Pts',(-3.90429791028483E-16,-3.18810118395211,
-2.75));
#7382=CARTESIAN_POINT('Origin',(-5.43966107523098E-16,-6.66133814775094E-15,
-19.546875));
#7383=CARTESIAN_POINT('',(-5.43966107523098E-16,-3.18810118395211,-1.34375));
#7384=CARTESIAN_POINT('',(-5.43966107523098E-16,-3.18810118395211,-1.5));
#7385=CARTESIAN_POINT('',(-6.97502424017714E-16,-3.18810118395211,-19.546875));
#7386=CARTESIAN_POINT('Ctrl Pts',(-3.90429791028483E-16,-3.18810118395211,
-2.59375));
#7387=CARTESIAN_POINT('Ctrl Pts',(1.32055474861068,-3.18810118395211,-2.515625));
#7388=CARTESIAN_POINT('Ctrl Pts',(2.25432796628139,-2.2543279662814,-2.4375));
#7389=CARTESIAN_POINT('Ctrl Pts',(3.1881011839521,-1.32055474861069,-2.359375));
#7390=CARTESIAN_POINT('Ctrl Pts',(3.1881011839521,-9.69854892309327E-15,
-2.28125));
#7391=CARTESIAN_POINT('Ctrl Pts',(3.1881011839521,1.32055474861067,-2.203125));
#7392=CARTESIAN_POINT('Ctrl Pts',(2.25432796628139,2.25432796628138,-2.125));
#7393=CARTESIAN_POINT('Ctrl Pts',(1.32055474861068,3.18810118395209,-2.046875));
#7394=CARTESIAN_POINT('Ctrl Pts',(0.,3.18810118395209,-1.96874999999999));
#7395=CARTESIAN_POINT('Ctrl Pts',(-1.32055474861068,3.18810118395209,-1.890625));
#7396=CARTESIAN_POINT('Ctrl Pts',(-2.25432796628139,2.25432796628138,-1.81249999999999));
#7397=CARTESIAN_POINT('Ctrl Pts',(-3.1881011839521,1.32055474861067,-1.734375));
#7398=CARTESIAN_POINT('Ctrl Pts',(-3.1881011839521,-8.9176893410363E-15,
-1.65624999999999));
#7399=CARTESIAN_POINT('Ctrl Pts',(-3.1881011839521,-1.32055474861069,-1.578125));
#7400=CARTESIAN_POINT('Ctrl Pts',(-2.25432796628139,-2.2543279662814,-1.49999999999999));
#7401=CARTESIAN_POINT('Ctrl Pts',(-1.32055474861068,-3.18810118395211,-1.421875));
#7402=CARTESIAN_POINT('Ctrl Pts',(-3.90429791028483E-16,-3.18810118395211,
-1.34375));
#7403=CARTESIAN_POINT('Ctrl Pts',(-3.90429791028483E-16,-3.18810118395211,
-2.75));
#7404=CARTESIAN_POINT('Ctrl Pts',(1.32055474861068,-3.18810118395211,-2.671875));
#7405=CARTESIAN_POINT('Ctrl Pts',(2.25432796628139,-2.2543279662814,-2.59375));
#7406=CARTESIAN_POINT('Ctrl Pts',(3.1881011839521,-1.32055474861069,-2.515625));
#7407=CARTESIAN_POINT('Ctrl Pts',(3.1881011839521,-9.69854892309327E-15,
-2.4375));
#7408=CARTESIAN_POINT('Ctrl Pts',(3.1881011839521,1.32055474861067,-2.359375));
#7409=CARTESIAN_POINT('Ctrl Pts',(2.25432796628139,2.25432796628138,-2.28125));
#7410=CARTESIAN_POINT('Ctrl Pts',(1.32055474861068,3.18810118395209,-2.203125));
#7411=CARTESIAN_POINT('Ctrl Pts',(0.,3.18810118395209,-2.125));
#7412=CARTESIAN_POINT('Ctrl Pts',(-1.32055474861068,3.18810118395209,-2.046875));
#7413=CARTESIAN_POINT('Ctrl Pts',(-2.25432796628139,2.25432796628138,-1.96874999999999));
#7414=CARTESIAN_POINT('Ctrl Pts',(-3.1881011839521,1.32055474861067,-1.890625));
#7415=CARTESIAN_POINT('Ctrl Pts',(-3.1881011839521,-8.9176893410363E-15,
-1.81249999999999));
#7416=CARTESIAN_POINT('Ctrl Pts',(-3.1881011839521,-1.32055474861069,-1.734375));
#7417=CARTESIAN_POINT('Ctrl Pts',(-2.25432796628139,-2.2543279662814,-1.65624999999999));
#7418=CARTESIAN_POINT('Ctrl Pts',(-1.32055474861068,-3.18810118395211,-1.578125));
#7419=CARTESIAN_POINT('Ctrl Pts',(-3.90429791028483E-16,-3.18810118395211,
-1.5));
#7420=CARTESIAN_POINT('Origin',(-5.43966107523098E-16,-6.66133814775094E-15,
-19.546875));
#7421=CARTESIAN_POINT('',(-5.43966107523098E-16,-3.18810118395211,-0.0937499999999966));
#7422=CARTESIAN_POINT('',(-5.43966107523098E-16,-3.18810118395211,-0.249999999999997));
#7423=CARTESIAN_POINT('',(-6.97502424017714E-16,-3.18810118395211,-19.546875));
#7424=CARTESIAN_POINT('Ctrl Pts',(-3.90429791028483E-16,-3.18810118395211,
-1.34375));
#7425=CARTESIAN_POINT('Ctrl Pts',(1.32055474861068,-3.18810118395211,-1.265625));
#7426=CARTESIAN_POINT('Ctrl Pts',(2.25432796628139,-2.2543279662814,-1.1875));
#7427=CARTESIAN_POINT('Ctrl Pts',(3.1881011839521,-1.32055474861069,-1.109375));
#7428=CARTESIAN_POINT('Ctrl Pts',(3.1881011839521,-9.69854892309327E-15,
-1.03125));
#7429=CARTESIAN_POINT('Ctrl Pts',(3.1881011839521,1.32055474861067,-0.953124999999996));
#7430=CARTESIAN_POINT('Ctrl Pts',(2.25432796628139,2.25432796628138,-0.874999999999997));
#7431=CARTESIAN_POINT('Ctrl Pts',(1.32055474861068,3.18810118395209,-0.796874999999996));
#7432=CARTESIAN_POINT('Ctrl Pts',(0.,3.18810118395209,-0.718749999999997));
#7433=CARTESIAN_POINT('Ctrl Pts',(-1.32055474861068,3.18810118395209,-0.640624999999995));
#7434=CARTESIAN_POINT('Ctrl Pts',(-2.25432796628139,2.25432796628138,-0.562499999999997));
#7435=CARTESIAN_POINT('Ctrl Pts',(-3.1881011839521,1.32055474861067,-0.484374999999995));
#7436=CARTESIAN_POINT('Ctrl Pts',(-3.1881011839521,-8.9176893410363E-15,
-0.406249999999997));
#7437=CARTESIAN_POINT('Ctrl Pts',(-3.1881011839521,-1.32055474861069,-0.328124999999995));
#7438=CARTESIAN_POINT('Ctrl Pts',(-2.25432796628139,-2.2543279662814,-0.249999999999997));
#7439=CARTESIAN_POINT('Ctrl Pts',(-1.32055474861068,-3.18810118395211,-0.171874999999995));
#7440=CARTESIAN_POINT('Ctrl Pts',(-3.90429791028483E-16,-3.18810118395211,
-0.0937499999999966));
#7441=CARTESIAN_POINT('Ctrl Pts',(-3.90429791028483E-16,-3.18810118395211,
-1.5));
#7442=CARTESIAN_POINT('Ctrl Pts',(1.32055474861068,-3.18810118395211,-1.421875));
#7443=CARTESIAN_POINT('Ctrl Pts',(2.25432796628139,-2.2543279662814,-1.34375));
#7444=CARTESIAN_POINT('Ctrl Pts',(3.1881011839521,-1.32055474861069,-1.265625));
#7445=CARTESIAN_POINT('Ctrl Pts',(3.1881011839521,-9.69854892309327E-15,
-1.1875));
#7446=CARTESIAN_POINT('Ctrl Pts',(3.1881011839521,1.32055474861067,-1.109375));
#7447=CARTESIAN_POINT('Ctrl Pts',(2.25432796628139,2.25432796628138,-1.03125));
#7448=CARTESIAN_POINT('Ctrl Pts',(1.32055474861068,3.18810118395209,-0.953124999999996));
#7449=CARTESIAN_POINT('Ctrl Pts',(0.,3.18810118395209,-0.874999999999997));
#7450=CARTESIAN_POINT('Ctrl Pts',(-1.32055474861068,3.18810118395209,-0.796874999999996));
#7451=CARTESIAN_POINT('Ctrl Pts',(-2.25432796628139,2.25432796628138,-0.718749999999997));
#7452=CARTESIAN_POINT('Ctrl Pts',(-3.1881011839521,1.32055474861067,-0.640624999999995));
#7453=CARTESIAN_POINT('Ctrl Pts',(-3.1881011839521,-8.9176893410363E-15,
-0.562499999999997));
#7454=CARTESIAN_POINT('Ctrl Pts',(-3.1881011839521,-1.32055474861069,-0.484374999999995));
#7455=CARTESIAN_POINT('Ctrl Pts',(-2.25432796628139,-2.2543279662814,-0.406249999999997));
#7456=CARTESIAN_POINT('Ctrl Pts',(-1.32055474861068,-3.18810118395211,-0.328124999999995));
#7457=CARTESIAN_POINT('Ctrl Pts',(-3.90429791028483E-16,-3.18810118395211,
-0.249999999999997));
#7458=CARTESIAN_POINT('Origin',(-5.43966107523098E-16,-6.66133814775094E-15,
-19.546875));
#7459=CARTESIAN_POINT('',(-5.43966107523098E-16,-3.18810118395211,1.15625));
#7460=CARTESIAN_POINT('',(-5.43966107523098E-16,-3.18810118395211,1.));
#7461=CARTESIAN_POINT('',(-6.97502424017714E-16,-3.18810118395211,-19.546875));
#7462=CARTESIAN_POINT('Ctrl Pts',(-3.90429791028483E-16,-3.18810118395211,
-0.0937499999999966));
#7463=CARTESIAN_POINT('Ctrl Pts',(1.32055474861068,-3.18810118395211,-0.0156249999999948));
#7464=CARTESIAN_POINT('Ctrl Pts',(2.25432796628139,-2.2543279662814,0.0625000000000035));
#7465=CARTESIAN_POINT('Ctrl Pts',(3.1881011839521,-1.32055474861069,0.140625000000005));
#7466=CARTESIAN_POINT('Ctrl Pts',(3.1881011839521,-9.69854892309327E-15,
0.218750000000004));
#7467=CARTESIAN_POINT('Ctrl Pts',(3.1881011839521,1.32055474861067,0.296875000000005));
#7468=CARTESIAN_POINT('Ctrl Pts',(2.25432796628139,2.25432796628138,0.375000000000004));
#7469=CARTESIAN_POINT('Ctrl Pts',(1.32055474861068,3.18810118395209,0.453125000000006));
#7470=CARTESIAN_POINT('Ctrl Pts',(0.,3.18810118395209,0.531250000000004));
#7471=CARTESIAN_POINT('Ctrl Pts',(-1.32055474861068,3.18810118395209,0.609375000000002));
#7472=CARTESIAN_POINT('Ctrl Pts',(-2.25432796628139,2.25432796628138,0.687500000000004));
#7473=CARTESIAN_POINT('Ctrl Pts',(-3.1881011839521,1.32055474861067,0.765625000000003));
#7474=CARTESIAN_POINT('Ctrl Pts',(-3.1881011839521,-8.9176893410363E-15,
0.843750000000004));
#7475=CARTESIAN_POINT('Ctrl Pts',(-3.1881011839521,-1.32055474861069,0.921875000000003));
#7476=CARTESIAN_POINT('Ctrl Pts',(-2.25432796628139,-2.2543279662814,1.));
#7477=CARTESIAN_POINT('Ctrl Pts',(-1.32055474861068,-3.18810118395211,1.078125));
#7478=CARTESIAN_POINT('Ctrl Pts',(-3.90429791028483E-16,-3.18810118395211,
1.15625));
#7479=CARTESIAN_POINT('Ctrl Pts',(-3.90429791028483E-16,-3.18810118395211,
-0.249999999999997));
#7480=CARTESIAN_POINT('Ctrl Pts',(1.32055474861068,-3.18810118395211,-0.171874999999995));
#7481=CARTESIAN_POINT('Ctrl Pts',(2.25432796628139,-2.2543279662814,-0.0937499999999966));
#7482=CARTESIAN_POINT('Ctrl Pts',(3.1881011839521,-1.32055474861069,-0.0156249999999948));
#7483=CARTESIAN_POINT('Ctrl Pts',(3.1881011839521,-9.69854892309327E-15,
0.0625000000000035));
#7484=CARTESIAN_POINT('Ctrl Pts',(3.1881011839521,1.32055474861067,0.140625000000005));
#7485=CARTESIAN_POINT('Ctrl Pts',(2.25432796628139,2.25432796628138,0.218750000000004));
#7486=CARTESIAN_POINT('Ctrl Pts',(1.32055474861068,3.18810118395209,0.296875000000005));
#7487=CARTESIAN_POINT('Ctrl Pts',(0.,3.18810118395209,0.375000000000004));
#7488=CARTESIAN_POINT('Ctrl Pts',(-1.32055474861068,3.18810118395209,0.453125000000002));
#7489=CARTESIAN_POINT('Ctrl Pts',(-2.25432796628139,2.25432796628138,0.531250000000004));
#7490=CARTESIAN_POINT('Ctrl Pts',(-3.1881011839521,1.32055474861067,0.609375000000002));
#7491=CARTESIAN_POINT('Ctrl Pts',(-3.1881011839521,-8.9176893410363E-15,
0.687500000000004));
#7492=CARTESIAN_POINT('Ctrl Pts',(-3.1881011839521,-1.32055474861069,0.765625000000003));
#7493=CARTESIAN_POINT('Ctrl Pts',(-2.25432796628139,-2.2543279662814,0.843750000000004));
#7494=CARTESIAN_POINT('Ctrl Pts',(-1.32055474861068,-3.18810118395211,0.921875000000003));
#7495=CARTESIAN_POINT('Ctrl Pts',(-3.90429791028483E-16,-3.18810118395211,
1.));
#7496=CARTESIAN_POINT('Origin',(-5.43966107523098E-16,-6.66133814775094E-15,
-19.546875));
#7497=CARTESIAN_POINT('',(-5.43966107523098E-16,-3.18810118395211,2.40625000000001));
#7498=CARTESIAN_POINT('',(-5.43966107523098E-16,-3.18810118395211,2.25000000000001));
#7499=CARTESIAN_POINT('',(-6.97502424017714E-16,-3.18810118395211,-19.546875));
#7500=CARTESIAN_POINT('Ctrl Pts',(-3.90429791028483E-16,-3.18810118395211,
1.15625));
#7501=CARTESIAN_POINT('Ctrl Pts',(1.32055474861068,-3.18810118395211,1.234375));
#7502=CARTESIAN_POINT('Ctrl Pts',(2.25432796628139,-2.2543279662814,1.3125));
#7503=CARTESIAN_POINT('Ctrl Pts',(3.1881011839521,-1.32055474861069,1.390625));
#7504=CARTESIAN_POINT('Ctrl Pts',(3.1881011839521,-9.69854892309327E-15,
1.46875000000001));
#7505=CARTESIAN_POINT('Ctrl Pts',(3.1881011839521,1.32055474861067,1.546875));
#7506=CARTESIAN_POINT('Ctrl Pts',(2.25432796628139,2.25432796628138,1.62500000000001));
#7507=CARTESIAN_POINT('Ctrl Pts',(1.32055474861068,3.18810118395209,1.703125));
#7508=CARTESIAN_POINT('Ctrl Pts',(0.,3.18810118395209,1.78125000000001));
#7509=CARTESIAN_POINT('Ctrl Pts',(-1.32055474861068,3.18810118395209,1.859375));
#7510=CARTESIAN_POINT('Ctrl Pts',(-2.25432796628139,2.25432796628138,1.93750000000001));
#7511=CARTESIAN_POINT('Ctrl Pts',(-3.1881011839521,1.32055474861067,2.015625));
#7512=CARTESIAN_POINT('Ctrl Pts',(-3.1881011839521,-8.9176893410363E-15,
2.09375000000001));
#7513=CARTESIAN_POINT('Ctrl Pts',(-3.1881011839521,-1.32055474861069,2.171875));
#7514=CARTESIAN_POINT('Ctrl Pts',(-2.25432796628139,-2.2543279662814,2.25000000000001));
#7515=CARTESIAN_POINT('Ctrl Pts',(-1.32055474861068,-3.18810118395211,2.328125));
#7516=CARTESIAN_POINT('Ctrl Pts',(-3.90429791028483E-16,-3.18810118395211,
2.40625000000001));
#7517=CARTESIAN_POINT('Ctrl Pts',(-3.90429791028483E-16,-3.18810118395211,
1.));
#7518=CARTESIAN_POINT('Ctrl Pts',(1.32055474861068,-3.18810118395211,1.078125));
#7519=CARTESIAN_POINT('Ctrl Pts',(2.25432796628139,-2.2543279662814,1.15625));
#7520=CARTESIAN_POINT('Ctrl Pts',(3.1881011839521,-1.32055474861069,1.234375));
#7521=CARTESIAN_POINT('Ctrl Pts',(3.1881011839521,-9.69854892309327E-15,
1.3125));
#7522=CARTESIAN_POINT('Ctrl Pts',(3.1881011839521,1.32055474861067,1.390625));
#7523=CARTESIAN_POINT('Ctrl Pts',(2.25432796628139,2.25432796628138,1.46875000000001));
#7524=CARTESIAN_POINT('Ctrl Pts',(1.32055474861068,3.18810118395209,1.546875));
#7525=CARTESIAN_POINT('Ctrl Pts',(0.,3.18810118395209,1.62500000000001));
#7526=CARTESIAN_POINT('Ctrl Pts',(-1.32055474861068,3.18810118395209,1.703125));
#7527=CARTESIAN_POINT('Ctrl Pts',(-2.25432796628139,2.25432796628138,1.78125000000001));
#7528=CARTESIAN_POINT('Ctrl Pts',(-3.1881011839521,1.32055474861067,1.859375));
#7529=CARTESIAN_POINT('Ctrl Pts',(-3.1881011839521,-8.9176893410363E-15,
1.93750000000001));
#7530=CARTESIAN_POINT('Ctrl Pts',(-3.1881011839521,-1.32055474861069,2.015625));
#7531=CARTESIAN_POINT('Ctrl Pts',(-2.25432796628139,-2.2543279662814,2.09375000000001));
#7532=CARTESIAN_POINT('Ctrl Pts',(-1.32055474861068,-3.18810118395211,2.171875));
#7533=CARTESIAN_POINT('Ctrl Pts',(-3.90429791028483E-16,-3.18810118395211,
2.25000000000001));
#7534=CARTESIAN_POINT('Origin',(-5.43966107523098E-16,-6.66133814775094E-15,
-19.546875));
#7535=CARTESIAN_POINT('',(-5.43966107523098E-16,-3.18810118395211,3.65625));
#7536=CARTESIAN_POINT('',(-5.43966107523098E-16,-3.18810118395211,3.5));
#7537=CARTESIAN_POINT('',(-6.97502424017714E-16,-3.18810118395211,-19.546875));
#7538=CARTESIAN_POINT('Ctrl Pts',(-3.90429791028483E-16,-3.18810118395211,
2.40625000000001));
#7539=CARTESIAN_POINT('Ctrl Pts',(1.32055474861068,-3.18810118395211,2.484375));
#7540=CARTESIAN_POINT('Ctrl Pts',(2.25432796628139,-2.2543279662814,2.5625));
#7541=CARTESIAN_POINT('Ctrl Pts',(3.1881011839521,-1.32055474861069,2.640625));
#7542=CARTESIAN_POINT('Ctrl Pts',(3.1881011839521,-9.69854892309327E-15,
2.71875));
#7543=CARTESIAN_POINT('Ctrl Pts',(3.1881011839521,1.32055474861067,2.796875));
#7544=CARTESIAN_POINT('Ctrl Pts',(2.25432796628139,2.25432796628138,2.875));
#7545=CARTESIAN_POINT('Ctrl Pts',(1.32055474861068,3.18810118395209,2.953125));
#7546=CARTESIAN_POINT('Ctrl Pts',(0.,3.18810118395209,3.03125));
#7547=CARTESIAN_POINT('Ctrl Pts',(-1.32055474861068,3.18810118395209,3.10937500000001));
#7548=CARTESIAN_POINT('Ctrl Pts',(-2.25432796628139,2.25432796628138,3.1875));
#7549=CARTESIAN_POINT('Ctrl Pts',(-3.1881011839521,1.32055474861067,3.26562500000001));
#7550=CARTESIAN_POINT('Ctrl Pts',(-3.1881011839521,-8.9176893410363E-15,
3.34375));
#7551=CARTESIAN_POINT('Ctrl Pts',(-3.1881011839521,-1.32055474861069,3.42187500000001));
#7552=CARTESIAN_POINT('Ctrl Pts',(-2.25432796628139,-2.2543279662814,3.5));
#7553=CARTESIAN_POINT('Ctrl Pts',(-1.32055474861068,-3.18810118395211,3.57812500000001));
#7554=CARTESIAN_POINT('Ctrl Pts',(-3.90429791028483E-16,-3.18810118395211,
3.65625));
#7555=CARTESIAN_POINT('Ctrl Pts',(-3.90429791028483E-16,-3.18810118395211,
2.25000000000001));
#7556=CARTESIAN_POINT('Ctrl Pts',(1.32055474861068,-3.18810118395211,2.328125));
#7557=CARTESIAN_POINT('Ctrl Pts',(2.25432796628139,-2.2543279662814,2.40625));
#7558=CARTESIAN_POINT('Ctrl Pts',(3.1881011839521,-1.32055474861069,2.484375));
#7559=CARTESIAN_POINT('Ctrl Pts',(3.1881011839521,-9.69854892309327E-15,
2.5625));
#7560=CARTESIAN_POINT('Ctrl Pts',(3.1881011839521,1.32055474861067,2.640625));
#7561=CARTESIAN_POINT('Ctrl Pts',(2.25432796628139,2.25432796628138,2.71875));
#7562=CARTESIAN_POINT('Ctrl Pts',(1.32055474861068,3.18810118395209,2.796875));
#7563=CARTESIAN_POINT('Ctrl Pts',(0.,3.18810118395209,2.875));
#7564=CARTESIAN_POINT('Ctrl Pts',(-1.32055474861068,3.18810118395209,2.953125));
#7565=CARTESIAN_POINT('Ctrl Pts',(-2.25432796628139,2.25432796628138,3.03125));
#7566=CARTESIAN_POINT('Ctrl Pts',(-3.1881011839521,1.32055474861067,3.10937500000001));
#7567=CARTESIAN_POINT('Ctrl Pts',(-3.1881011839521,-8.9176893410363E-15,
3.1875));
#7568=CARTESIAN_POINT('Ctrl Pts',(-3.1881011839521,-1.32055474861069,3.26562500000001));
#7569=CARTESIAN_POINT('Ctrl Pts',(-2.25432796628139,-2.2543279662814,3.34375));
#7570=CARTESIAN_POINT('Ctrl Pts',(-1.32055474861068,-3.18810118395211,3.42187500000001));
#7571=CARTESIAN_POINT('Ctrl Pts',(-3.90429791028483E-16,-3.18810118395211,
3.5));
#7572=CARTESIAN_POINT('Origin',(-5.43966107523098E-16,-6.66133814775094E-15,
-19.546875));
#7573=CARTESIAN_POINT('',(-5.43966107523098E-16,-3.18810118395211,4.90625));
#7574=CARTESIAN_POINT('',(-5.43966107523098E-16,-3.18810118395211,4.75));
#7575=CARTESIAN_POINT('',(-6.97502424017714E-16,-3.18810118395211,-19.546875));
#7576=CARTESIAN_POINT('Ctrl Pts',(-3.90429791028483E-16,-3.18810118395211,
3.65625));
#7577=CARTESIAN_POINT('Ctrl Pts',(1.32055474861068,-3.18810118395211,3.73437500000001));
#7578=CARTESIAN_POINT('Ctrl Pts',(2.25432796628139,-2.2543279662814,3.8125));
#7579=CARTESIAN_POINT('Ctrl Pts',(3.1881011839521,-1.32055474861069,3.89062500000001));
#7580=CARTESIAN_POINT('Ctrl Pts',(3.1881011839521,-9.69854892309327E-15,
3.96875));
#7581=CARTESIAN_POINT('Ctrl Pts',(3.1881011839521,1.32055474861067,4.04687500000001));
#7582=CARTESIAN_POINT('Ctrl Pts',(2.25432796628139,2.25432796628138,4.125));
#7583=CARTESIAN_POINT('Ctrl Pts',(1.32055474861068,3.18810118395209,4.20312500000001));
#7584=CARTESIAN_POINT('Ctrl Pts',(0.,3.18810118395209,4.28125));
#7585=CARTESIAN_POINT('Ctrl Pts',(-1.32055474861068,3.18810118395209,4.35937500000001));
#7586=CARTESIAN_POINT('Ctrl Pts',(-2.25432796628139,2.25432796628138,4.4375));
#7587=CARTESIAN_POINT('Ctrl Pts',(-3.1881011839521,1.32055474861067,4.51562500000001));
#7588=CARTESIAN_POINT('Ctrl Pts',(-3.1881011839521,-8.9176893410363E-15,
4.59375));
#7589=CARTESIAN_POINT('Ctrl Pts',(-3.1881011839521,-1.32055474861069,4.671875));
#7590=CARTESIAN_POINT('Ctrl Pts',(-2.25432796628139,-2.2543279662814,4.75));
#7591=CARTESIAN_POINT('Ctrl Pts',(-1.32055474861068,-3.18810118395211,4.828125));
#7592=CARTESIAN_POINT('Ctrl Pts',(-3.90429791028483E-16,-3.18810118395211,
4.90625));
#7593=CARTESIAN_POINT('Ctrl Pts',(-3.90429791028483E-16,-3.18810118395211,
3.5));
#7594=CARTESIAN_POINT('Ctrl Pts',(1.32055474861068,-3.18810118395211,3.57812500000001));
#7595=CARTESIAN_POINT('Ctrl Pts',(2.25432796628139,-2.2543279662814,3.65625));
#7596=CARTESIAN_POINT('Ctrl Pts',(3.1881011839521,-1.32055474861069,3.73437500000001));
#7597=CARTESIAN_POINT('Ctrl Pts',(3.1881011839521,-9.69854892309327E-15,
3.8125));
#7598=CARTESIAN_POINT('Ctrl Pts',(3.1881011839521,1.32055474861067,3.89062500000001));
#7599=CARTESIAN_POINT('Ctrl Pts',(2.25432796628139,2.25432796628138,3.96875));
#7600=CARTESIAN_POINT('Ctrl Pts',(1.32055474861068,3.18810118395209,4.04687500000001));
#7601=CARTESIAN_POINT('Ctrl Pts',(0.,3.18810118395209,4.125));
#7602=CARTESIAN_POINT('Ctrl Pts',(-1.32055474861068,3.18810118395209,4.20312500000001));
#7603=CARTESIAN_POINT('Ctrl Pts',(-2.25432796628139,2.25432796628138,4.28125));
#7604=CARTESIAN_POINT('Ctrl Pts',(-3.1881011839521,1.32055474861067,4.35937500000001));
#7605=CARTESIAN_POINT('Ctrl Pts',(-3.1881011839521,-8.9176893410363E-15,
4.4375));
#7606=CARTESIAN_POINT('Ctrl Pts',(-3.1881011839521,-1.32055474861069,4.515625));
#7607=CARTESIAN_POINT('Ctrl Pts',(-2.25432796628139,-2.2543279662814,4.59375));
#7608=CARTESIAN_POINT('Ctrl Pts',(-1.32055474861068,-3.18810118395211,4.671875));
#7609=CARTESIAN_POINT('Ctrl Pts',(-3.90429791028483E-16,-3.18810118395211,
4.75));
#7610=CARTESIAN_POINT('Origin',(-5.43966107523098E-16,-6.66133814775094E-15,
-19.546875));
#7611=CARTESIAN_POINT('',(-5.43966107523098E-16,-3.18810118395211,6.15625000000001));
#7612=CARTESIAN_POINT('',(-5.43966107523098E-16,-3.18810118395211,6.00000000000001));
#7613=CARTESIAN_POINT('',(-6.97502424017714E-16,-3.18810118395211,-19.546875));
#7614=CARTESIAN_POINT('Ctrl Pts',(-3.90429791028483E-16,-3.18810118395211,
4.90625));
#7615=CARTESIAN_POINT('Ctrl Pts',(1.32055474861068,-3.18810118395211,4.984375));
#7616=CARTESIAN_POINT('Ctrl Pts',(2.25432796628139,-2.2543279662814,5.0625));
#7617=CARTESIAN_POINT('Ctrl Pts',(3.1881011839521,-1.32055474861069,5.140625));
#7618=CARTESIAN_POINT('Ctrl Pts',(3.1881011839521,-9.69854892309327E-15,
5.21875));
#7619=CARTESIAN_POINT('Ctrl Pts',(3.1881011839521,1.32055474861067,5.296875));
#7620=CARTESIAN_POINT('Ctrl Pts',(2.25432796628139,2.25432796628138,5.375));
#7621=CARTESIAN_POINT('Ctrl Pts',(1.32055474861068,3.18810118395209,5.453125));
#7622=CARTESIAN_POINT('Ctrl Pts',(0.,3.18810118395209,5.53125000000001));
#7623=CARTESIAN_POINT('Ctrl Pts',(-1.32055474861068,3.18810118395209,5.609375));
#7624=CARTESIAN_POINT('Ctrl Pts',(-2.25432796628139,2.25432796628138,5.68750000000001));
#7625=CARTESIAN_POINT('Ctrl Pts',(-3.1881011839521,1.32055474861067,5.765625));
#7626=CARTESIAN_POINT('Ctrl Pts',(-3.1881011839521,-8.9176893410363E-15,
5.84375000000001));
#7627=CARTESIAN_POINT('Ctrl Pts',(-3.1881011839521,-1.32055474861069,5.921875));
#7628=CARTESIAN_POINT('Ctrl Pts',(-2.25432796628139,-2.2543279662814,6.00000000000001));
#7629=CARTESIAN_POINT('Ctrl Pts',(-1.32055474861068,-3.18810118395211,6.07812500000001));
#7630=CARTESIAN_POINT('Ctrl Pts',(-3.90429791028483E-16,-3.18810118395211,
6.15625000000001));
#7631=CARTESIAN_POINT('Ctrl Pts',(-3.90429791028483E-16,-3.18810118395211,
4.75));
#7632=CARTESIAN_POINT('Ctrl Pts',(1.32055474861068,-3.18810118395211,4.828125));
#7633=CARTESIAN_POINT('Ctrl Pts',(2.25432796628139,-2.2543279662814,4.90625));
#7634=CARTESIAN_POINT('Ctrl Pts',(3.1881011839521,-1.32055474861069,4.984375));
#7635=CARTESIAN_POINT('Ctrl Pts',(3.1881011839521,-9.69854892309327E-15,
5.0625));
#7636=CARTESIAN_POINT('Ctrl Pts',(3.1881011839521,1.32055474861067,5.140625));
#7637=CARTESIAN_POINT('Ctrl Pts',(2.25432796628139,2.25432796628138,5.21875));
#7638=CARTESIAN_POINT('Ctrl Pts',(1.32055474861068,3.18810118395209,5.296875));
#7639=CARTESIAN_POINT('Ctrl Pts',(0.,3.18810118395209,5.375));
#7640=CARTESIAN_POINT('Ctrl Pts',(-1.32055474861068,3.18810118395209,5.453125));
#7641=CARTESIAN_POINT('Ctrl Pts',(-2.25432796628139,2.25432796628138,5.53125000000001));
#7642=CARTESIAN_POINT('Ctrl Pts',(-3.1881011839521,1.32055474861067,5.609375));
#7643=CARTESIAN_POINT('Ctrl Pts',(-3.1881011839521,-8.9176893410363E-15,
5.68750000000001));
#7644=CARTESIAN_POINT('Ctrl Pts',(-3.1881011839521,-1.32055474861069,5.765625));
#7645=CARTESIAN_POINT('Ctrl Pts',(-2.25432796628139,-2.2543279662814,5.84375000000001));
#7646=CARTESIAN_POINT('Ctrl Pts',(-1.32055474861068,-3.18810118395211,5.921875));
#7647=CARTESIAN_POINT('Ctrl Pts',(-3.90429791028483E-16,-3.18810118395211,
6.00000000000001));
#7648=CARTESIAN_POINT('Origin',(-5.43966107523098E-16,-6.66133814775094E-15,
-19.546875));
#7649=CARTESIAN_POINT('',(-5.43966107523098E-16,-3.18810118395211,7.40625));
#7650=CARTESIAN_POINT('',(-5.43966107523098E-16,-3.18810118395211,7.25));
#7651=CARTESIAN_POINT('',(-6.97502424017714E-16,-3.18810118395211,-19.546875));
#7652=CARTESIAN_POINT('Ctrl Pts',(-3.90429791028483E-16,-3.18810118395211,
6.15625000000001));
#7653=CARTESIAN_POINT('Ctrl Pts',(1.32055474861068,-3.18810118395211,6.234375));
#7654=CARTESIAN_POINT('Ctrl Pts',(2.25432796628139,-2.2543279662814,6.31250000000001));
#7655=CARTESIAN_POINT('Ctrl Pts',(3.1881011839521,-1.32055474861069,6.39062500000001));
#7656=CARTESIAN_POINT('Ctrl Pts',(3.1881011839521,-9.69854892309327E-15,
6.46875000000001));
#7657=CARTESIAN_POINT('Ctrl Pts',(3.1881011839521,1.32055474861067,6.54687500000001));
#7658=CARTESIAN_POINT('Ctrl Pts',(2.25432796628139,2.25432796628138,6.625));
#7659=CARTESIAN_POINT('Ctrl Pts',(1.32055474861068,3.18810118395209,6.70312500000001));
#7660=CARTESIAN_POINT('Ctrl Pts',(0.,3.18810118395209,6.78125));
#7661=CARTESIAN_POINT('Ctrl Pts',(-1.32055474861068,3.18810118395209,6.85937500000001));
#7662=CARTESIAN_POINT('Ctrl Pts',(-2.25432796628139,2.25432796628138,6.9375));
#7663=CARTESIAN_POINT('Ctrl Pts',(-3.1881011839521,1.32055474861067,7.01562500000001));
#7664=CARTESIAN_POINT('Ctrl Pts',(-3.1881011839521,-8.9176893410363E-15,
7.09375));
#7665=CARTESIAN_POINT('Ctrl Pts',(-3.1881011839521,-1.32055474861069,7.17187500000001));
#7666=CARTESIAN_POINT('Ctrl Pts',(-2.25432796628139,-2.2543279662814,7.25));
#7667=CARTESIAN_POINT('Ctrl Pts',(-1.32055474861068,-3.18810118395211,7.32812500000001));
#7668=CARTESIAN_POINT('Ctrl Pts',(-3.90429791028483E-16,-3.18810118395211,
7.40625));
#7669=CARTESIAN_POINT('Ctrl Pts',(-3.90429791028483E-16,-3.18810118395211,
6.00000000000001));
#7670=CARTESIAN_POINT('Ctrl Pts',(1.32055474861068,-3.18810118395211,6.07812500000001));
#7671=CARTESIAN_POINT('Ctrl Pts',(2.25432796628139,-2.2543279662814,6.15625000000001));
#7672=CARTESIAN_POINT('Ctrl Pts',(3.1881011839521,-1.32055474861069,6.234375));
#7673=CARTESIAN_POINT('Ctrl Pts',(3.1881011839521,-9.69854892309327E-15,
6.31250000000001));
#7674=CARTESIAN_POINT('Ctrl Pts',(3.1881011839521,1.32055474861067,6.39062500000001));
#7675=CARTESIAN_POINT('Ctrl Pts',(2.25432796628139,2.25432796628138,6.46875));
#7676=CARTESIAN_POINT('Ctrl Pts',(1.32055474861068,3.18810118395209,6.54687500000001));
#7677=CARTESIAN_POINT('Ctrl Pts',(0.,3.18810118395209,6.625));
#7678=CARTESIAN_POINT('Ctrl Pts',(-1.32055474861068,3.18810118395209,6.70312500000001));
#7679=CARTESIAN_POINT('Ctrl Pts',(-2.25432796628139,2.25432796628138,6.78125));
#7680=CARTESIAN_POINT('Ctrl Pts',(-3.1881011839521,1.32055474861067,6.85937500000001));
#7681=CARTESIAN_POINT('Ctrl Pts',(-3.1881011839521,-8.9176893410363E-15,
6.9375));
#7682=CARTESIAN_POINT('Ctrl Pts',(-3.1881011839521,-1.32055474861069,7.01562500000001));
#7683=CARTESIAN_POINT('Ctrl Pts',(-2.25432796628139,-2.2543279662814,7.09375));
#7684=CARTESIAN_POINT('Ctrl Pts',(-1.32055474861068,-3.18810118395211,7.17187500000001));
#7685=CARTESIAN_POINT('Ctrl Pts',(-3.90429791028483E-16,-3.18810118395211,
7.25));
#7686=CARTESIAN_POINT('Origin',(-5.43966107523098E-16,-6.66133814775094E-15,
-19.546875));
#7687=CARTESIAN_POINT('',(-6.97502424017714E-16,-3.18810118395211,8.62975448312067));
#7688=CARTESIAN_POINT('',(-5.43966107523098E-16,-3.18810118395211,8.5));
#7689=CARTESIAN_POINT('',(-6.97502424017714E-16,-3.18810118395211,-19.546875));
#7690=CARTESIAN_POINT('',(-0.435478794526338,-3.15821902005505,8.62975448312067));
#7691=CARTESIAN_POINT('Origin',(-2.49841813904084E-12,5.13422637737904E-12,
8.62975448313357));
#7692=CARTESIAN_POINT('Ctrl Pts',(-3.90429791028483E-16,-3.18810118395211,
7.40625));
#7693=CARTESIAN_POINT('Ctrl Pts',(1.32055474861068,-3.18810118395211,7.48437500000001));
#7694=CARTESIAN_POINT('Ctrl Pts',(2.25432796628139,-2.2543279662814,7.5625));
#7695=CARTESIAN_POINT('Ctrl Pts',(3.1881011839521,-1.32055474861069,7.64062500000001));
#7696=CARTESIAN_POINT('Ctrl Pts',(3.1881011839521,-9.69854892309327E-15,
7.71875));
#7697=CARTESIAN_POINT('Ctrl Pts',(3.1881011839521,1.32055474861067,7.79687500000001));
#7698=CARTESIAN_POINT('Ctrl Pts',(2.25432796628139,2.25432796628138,7.875));
#7699=CARTESIAN_POINT('Ctrl Pts',(1.32055474861068,3.18810118395209,7.95312500000001));
#7700=CARTESIAN_POINT('Ctrl Pts',(0.,3.18810118395209,8.03125));
#7701=CARTESIAN_POINT('Ctrl Pts',(-1.32055474861068,3.18810118395209,8.10937500000001));
#7702=CARTESIAN_POINT('Ctrl Pts',(-2.25432796628139,2.25432796628138,8.1875));
#7703=CARTESIAN_POINT('Ctrl Pts',(-3.1881011839521,1.32055474861067,8.26562500000001));
#7704=CARTESIAN_POINT('Ctrl Pts',(-3.1881011839521,-8.9176893410363E-15,
8.34375));
#7705=CARTESIAN_POINT('Ctrl Pts',(-3.1881011839521,-1.32055474861069,8.42187500000001));
#7706=CARTESIAN_POINT('Ctrl Pts',(-2.25432796628139,-2.2543279662814,8.5));
#7707=CARTESIAN_POINT('Ctrl Pts',(-1.49677656493809,-3.0118793676247,8.56338123873116));
#7708=CARTESIAN_POINT('Ctrl Pts',(-0.435478794526338,-3.15821902005505,
8.62975448312067));
#7709=CARTESIAN_POINT('Ctrl Pts',(-3.90429791028483E-16,-3.18810118395211,
7.25));
#7710=CARTESIAN_POINT('Ctrl Pts',(1.32055474861068,-3.18810118395211,7.32812500000001));
#7711=CARTESIAN_POINT('Ctrl Pts',(2.25432796628139,-2.2543279662814,7.40625));
#7712=CARTESIAN_POINT('Ctrl Pts',(3.1881011839521,-1.32055474861069,7.48437500000001));
#7713=CARTESIAN_POINT('Ctrl Pts',(3.1881011839521,-9.69854892309327E-15,
7.5625));
#7714=CARTESIAN_POINT('Ctrl Pts',(3.1881011839521,1.32055474861067,7.64062500000001));
#7715=CARTESIAN_POINT('Ctrl Pts',(2.25432796628139,2.25432796628138,7.71875));
#7716=CARTESIAN_POINT('Ctrl Pts',(1.32055474861068,3.18810118395209,7.79687500000001));
#7717=CARTESIAN_POINT('Ctrl Pts',(0.,3.18810118395209,7.875));
#7718=CARTESIAN_POINT('Ctrl Pts',(-1.32055474861068,3.18810118395209,7.95312500000001));
#7719=CARTESIAN_POINT('Ctrl Pts',(-2.25432796628139,2.25432796628138,8.03125));
#7720=CARTESIAN_POINT('Ctrl Pts',(-3.1881011839521,1.32055474861067,8.10937500000001));
#7721=CARTESIAN_POINT('Ctrl Pts',(-3.1881011839521,-8.9176893410363E-15,
8.1875));
#7722=CARTESIAN_POINT('Ctrl Pts',(-3.1881011839521,-1.32055474861069,8.26562500000001));
#7723=CARTESIAN_POINT('Ctrl Pts',(-2.25432796628139,-2.2543279662814,8.34375));
#7724=CARTESIAN_POINT('Ctrl Pts',(-1.32055474861068,-3.18810118395211,8.421875));
#7725=CARTESIAN_POINT('Ctrl Pts',(-3.90429791028483E-16,-3.18810118395211,
8.5));
#7726=CARTESIAN_POINT('Origin',(0.,-9.10729824887824E-15,11.));
#7727=CARTESIAN_POINT('',(3.34431116309513,-1.07305951491947E-11,9.05893787350713));
#7728=CARTESIAN_POINT('',(3.24306509005347,1.85198165559645E-13,8.78076657401669));
#7729=CARTESIAN_POINT('',(4.0508,-8.61121832347963E-15,11.));
#7730=CARTESIAN_POINT('Ctrl Pts',(3.34431116309512,-2.14293513489672E-11,
9.05893787350713));
#7731=CARTESIAN_POINT('Ctrl Pts',(3.34040829156304,-0.150179411957367,9.04821482210173));
#7732=CARTESIAN_POINT('Ctrl Pts',(3.32621687908529,-0.302690578518078,9.03698886706745));
#7733=CARTESIAN_POINT('Ctrl Pts',(3.23192528517378,-0.869849738906331,8.99385249056822));
#7734=CARTESIAN_POINT('Ctrl Pts',(3.085281380669,-1.26634469564547,8.96098362350759));
#7735=CARTESIAN_POINT('Ctrl Pts',(2.64378617163709,-1.9967436362655,8.89460296169455));
#7736=CARTESIAN_POINT('Ctrl Pts',(2.34619424217256,-2.32354031985337,8.86328427366775));
#7737=CARTESIAN_POINT('Ctrl Pts',(1.66295669374371,-2.82161683143294,8.7986341390834));
#7738=CARTESIAN_POINT('Ctrl Pts',(1.28966951465297,-2.99770572538196,8.76586649794529));
#7739=CARTESIAN_POINT('Ctrl Pts',(0.679985689797282,-3.15448436875797,8.71576416263176));
#7740=CARTESIAN_POINT('Ctrl Pts',(0.46136086199972,-3.18742691714655,8.69840848173017));
#7741=CARTESIAN_POINT('Ctrl Pts',(0.0155219157801325,-3.20856622324048,
8.66424650960949));
#7742=CARTESIAN_POINT('Ctrl Pts',(-0.211385522336283,-3.19566356017424,
8.64756787081014));
#7743=CARTESIAN_POINT('Ctrl Pts',(-0.435478794527376,-3.15821902005568,
8.62975448312146));
#7744=CARTESIAN_POINT('',(1.92526807684638,-2.54112809425127,8.62975448311817));
#7745=CARTESIAN_POINT('Origin',(-2.49841813904084E-12,5.13422637737904E-12,
8.62975448313357));
#7746=CARTESIAN_POINT('Ctrl Pts',(1.92526807684643,-2.54112809425124,8.62975448311818));
#7747=CARTESIAN_POINT('Ctrl Pts',(2.21418161786221,-2.33059054230268,8.64805300629114));
#7748=CARTESIAN_POINT('Ctrl Pts',(2.46540445294798,-2.07231079589345,8.66506639615854));
#7749=CARTESIAN_POINT('Ctrl Pts',(2.86454945325982,-1.49763566694212,8.70115748587229));
#7750=CARTESIAN_POINT('Ctrl Pts',(3.01418440781246,-1.18562474210092,8.71928726873975));
#7751=CARTESIAN_POINT('Ctrl Pts',(3.19404779569111,-0.576898845638135,8.75220653291324));
#7752=CARTESIAN_POINT('Ctrl Pts',(3.23800904978776,-0.289047765364161,8.76687521755472));
#7753=CARTESIAN_POINT('Ctrl Pts',(3.24306509005346,3.79557496543725E-13,
8.78076657401669));
#7754=CARTESIAN_POINT('Origin',(0.,-9.10729824887824E-15,11.));
#7755=CARTESIAN_POINT('',(4.0508,-8.61121832347963E-15,11.));
#7756=CARTESIAN_POINT('Origin',(0.,-9.10729824887824E-15,11.));
#7757=CARTESIAN_POINT('',(3.99498375595564,3.85906846399362E-14,10.8466461298493));
#7758=CARTESIAN_POINT('',(4.0508,-8.61121832347963E-15,11.));
#7759=CARTESIAN_POINT('',(3.98488180235424,0.347443551193683,10.8604281470917));
#7760=CARTESIAN_POINT('Ctrl Pts',(3.99498375595564,4.66640615037761E-14,
10.8466461298493));
#7761=CARTESIAN_POINT('Ctrl Pts',(3.99662758482902,0.115764406384199,10.8511625125604));
#7762=CARTESIAN_POINT('Ctrl Pts',(3.99327030392412,0.231675128542043,10.8557603171516));
#7763=CARTESIAN_POINT('Ctrl Pts',(3.98488180235424,0.347443551193669,10.8604281470917));
#7764=CARTESIAN_POINT('',(2.57205725354296,3.06341663580014,10.8604281470917));
#7765=CARTESIAN_POINT('Origin',(0.,-9.10729824887824E-15,10.8604281470917));
#7766=CARTESIAN_POINT('',(3.92031427878736,-2.99823815182663E-12,10.641493427407));
#7767=CARTESIAN_POINT('Ctrl Pts',(2.57205725354299,3.06341663580012,10.8604281470917));
#7768=CARTESIAN_POINT('Ctrl Pts',(2.90784717178328,2.76839977403212,10.8328924700425));
#7769=CARTESIAN_POINT('Ctrl Pts',(3.19177723936868,2.41988520430794,10.8063395264593));
#7770=CARTESIAN_POINT('Ctrl Pts',(3.62082580798004,1.65868599558532,10.7500539513408));
#7771=CARTESIAN_POINT('Ctrl Pts',(3.76867836923189,1.25620046067024,10.7220427986092));
#7772=CARTESIAN_POINT('Ctrl Pts',(3.9006039325625,0.573298651087886,10.6771482469));
#7773=CARTESIAN_POINT('Ctrl Pts',(3.92678563467323,0.291901033860892,10.6592733315767));
#7774=CARTESIAN_POINT('Ctrl Pts',(3.92031427878736,-6.01605570915709E-12,
10.641493427407));
#7775=CARTESIAN_POINT('',(3.61902442300455,-1.55210142107061E-14,9.81370635193301));
#7776=CARTESIAN_POINT('',(4.0508,-8.61121832347963E-15,11.));
#7777=CARTESIAN_POINT('Ctrl Pts',(3.61902442300455,-6.24500451351651E-15,
9.81370635193301));
#7778=CARTESIAN_POINT('Ctrl Pts',(3.62408535181484,0.322868123223721,9.82761113956076));
#7779=CARTESIAN_POINT('Ctrl Pts',(3.58611334736794,0.645626803653937,9.84222394933237));
#7780=CARTESIAN_POINT('Ctrl Pts',(3.38805006557103,1.42068995653551,9.8790539851683));
#7781=CARTESIAN_POINT('Ctrl Pts',(3.1804792951727,1.85493218883991,9.90125759689889));
#7782=CARTESIAN_POINT('Ctrl Pts',(2.60788840752576,2.62137334404393,9.94382492810374));
#7783=CARTESIAN_POINT('Ctrl Pts',(2.24678409480568,2.94567191865736,9.96387318591541));
#7784=CARTESIAN_POINT('Ctrl Pts',(1.42167369961804,3.43868149370158,10.0075429543863));
#7785=CARTESIAN_POINT('Ctrl Pts',(0.962932388377391,3.60252042422037,10.0297364110284));
#7786=CARTESIAN_POINT('Ctrl Pts',(0.00415117695801,3.74493065585698,10.0723642123331));
#7787=CARTESIAN_POINT('Ctrl Pts',(-0.487433095778768,3.72019524088404,10.0924119955752));
#7788=CARTESIAN_POINT('Ctrl Pts',(-1.43236626411439,3.48525965429769,10.136076385535));
#7789=CARTESIAN_POINT('Ctrl Pts',(-1.87855891294893,3.27569193951192,10.1582600721864));
#7790=CARTESIAN_POINT('Ctrl Pts',(-2.66930202902569,2.69364541722184,10.2009428397568));
#7791=CARTESIAN_POINT('Ctrl Pts',(-3.00514096089125,2.32455091260121,10.2209908625839));
#7792=CARTESIAN_POINT('Ctrl Pts',(-3.51608501803779,1.48102776303945,10.2646493299531));
#7793=CARTESIAN_POINT('Ctrl Pts',(-3.68681572382714,1.01234802561714,10.2868236149487));
#7794=CARTESIAN_POINT('Ctrl Pts',(-3.83939076081405,0.0297233185570853,
10.329556559993));
#7795=CARTESIAN_POINT('Ctrl Pts',(-3.8170332752311,-0.47557356769814,10.3496054026956));
#7796=CARTESIAN_POINT('Ctrl Pts',(-3.58151669512932,-1.44609233797501,10.3932575389246));
#7797=CARTESIAN_POINT('Ctrl Pts',(-3.36965537235587,-1.90414236131815,10.4154227727132));
#7798=CARTESIAN_POINT('Ctrl Pts',(-2.77774301036046,-2.71870947987286,10.4582017060522));
#7799=CARTESIAN_POINT('Ctrl Pts',(-2.40060994002692,-3.06578268807709,10.4782518414076));
#7800=CARTESIAN_POINT('Ctrl Pts',(-1.53850289588899,-3.59418313954354,10.5218973439022));
#7801=CARTESIAN_POINT('Ctrl Pts',(-1.05975631664135,-3.77156204642122,10.54405385867));
#7802=CARTESIAN_POINT('Ctrl Pts',(-0.0533261349965874,-3.93374505741237,
10.5868750973464));
#7803=CARTESIAN_POINT('Ctrl Pts',(0.465524877049353,-3.91354147678535,10.6069269113202));
#7804=CARTESIAN_POINT('Ctrl Pts',(1.4614389940076,-3.67703447718247,10.6505655605533));
#7805=CARTESIAN_POINT('Ctrl Pts',(1.93127481240408,-3.46264556222344,10.6727136703426));
#7806=CARTESIAN_POINT('Ctrl Pts',(2.76929428123213,-2.86053853312221,10.7155739614556));
#7807=CARTESIAN_POINT('Ctrl Pts',(3.12736189448072,-2.4753229357698,10.7356277695828));
#7808=CARTESIAN_POINT('Ctrl Pts',(3.61448193982559,-1.68872953342785,10.7745913706532));
#7809=CARTESIAN_POINT('Ctrl Pts',(3.77418730179804,-1.31225524406384,10.791957834721));
#7810=CARTESIAN_POINT('Ctrl Pts',(3.95014037957425,-0.61717113536518,10.8219484688837));
#7811=CARTESIAN_POINT('Ctrl Pts',(3.99059363281963,-0.309168434149347,10.8345843656645));
#7812=CARTESIAN_POINT('Ctrl Pts',(3.99498375595564,5.87030424270552E-14,
10.8466461298493));
#7813=CARTESIAN_POINT('Origin',(0.,-2.81892564846231E-15,-19.));
#7814=CARTESIAN_POINT('',(4.,1.35961221165179E-13,10.6875));
#7815=CARTESIAN_POINT('',(4.,1.60050928013833E-14,10.84375));
#7816=CARTESIAN_POINT('',(4.,-3.30878436812125E-15,-19.));
#7817=CARTESIAN_POINT('Ctrl Pts',(4.,2.65863719928205E-13,10.6875));
#7818=CARTESIAN_POINT('Ctrl Pts',(4.,0.127432788597514,10.6935087884087));
#7819=CARTESIAN_POINT('Ctrl Pts',(3.99391058984858,0.255004347472285,10.69964305399));
#7820=CARTESIAN_POINT('Ctrl Pts',(3.93169557329984,0.903009544385806,10.7314133264788));
#7821=CARTESIAN_POINT('Ctrl Pts',(3.78003444307738,1.40888027181406,10.7582285823613));
#7822=CARTESIAN_POINT('Ctrl Pts',(3.29409674253683,2.32698940169231,10.8110107935651));
#7823=CARTESIAN_POINT('Ctrl Pts',(2.96699244159089,2.73182742157874,10.8353295708912));
#7824=CARTESIAN_POINT('Ctrl Pts',(2.5720572535425,3.06341663580053,10.8604281470918));
#7825=CARTESIAN_POINT('Ctrl Pts',(3.9848818023542,0.347443551194068,10.8604281470918));
#7826=CARTESIAN_POINT('Ctrl Pts',(3.99496505865407,0.231797183892831,10.8547781805941));
#7827=CARTESIAN_POINT('Ctrl Pts',(4.,0.115882261663451,10.8492141509326));
#7828=CARTESIAN_POINT('Ctrl Pts',(4.,6.40112962635442E-14,10.84375));
#7829=CARTESIAN_POINT('Origin',(0.,-2.81892564846231E-15,-19.));
#7830=CARTESIAN_POINT('',(4.,2.35858343914019E-14,9.4375));
#7831=CARTESIAN_POINT('',(4.,-6.57566926739385E-15,9.59375000000001));
#7832=CARTESIAN_POINT('',(4.,-3.30878436812125E-15,-19.));
#7833=CARTESIAN_POINT('Ctrl Pts',(4.,5.50948175970234E-14,9.4375));
#7834=CARTESIAN_POINT('Ctrl Pts',(4.,0.202923136431463,9.44706835523618));
#7835=CARTESIAN_POINT('Ctrl Pts',(3.98455970395392,0.405983802201669,9.4569447636216));
#7836=CARTESIAN_POINT('Ctrl Pts',(3.87355798663241,1.12846496624833,9.49317963749117));
#7837=CARTESIAN_POINT('Ctrl Pts',(3.69129435323402,1.62856002337985,9.52032026059276));
#7838=CARTESIAN_POINT('Ctrl Pts',(3.15072815407395,2.51715201333246,9.57277762451307));
#7839=CARTESIAN_POINT('Ctrl Pts',(2.80231834288067,2.9000266249098,9.59637952491097));
#7840=CARTESIAN_POINT('Ctrl Pts',(1.96816317328225,3.52202278372086,9.64786047964494));
#7841=CARTESIAN_POINT('Ctrl Pts',(1.48701468781462,3.75060942999557,9.67501246881303));
#7842=CARTESIAN_POINT('Ctrl Pts',(0.478105562316521,4.00429351049098,9.72753993315824));
#7843=CARTESIAN_POINT('Ctrl Pts',(-0.0386022702312879,4.03255011266481,
9.75118445335289));
#7844=CARTESIAN_POINT('Ctrl Pts',(-1.06957548891263,3.89033900142273,9.80257509081824));
#7845=CARTESIAN_POINT('Ctrl Pts',(-1.57313566948493,3.71536572088593,9.82973671382499));
#7846=CARTESIAN_POINT('Ctrl Pts',(-2.47001238884283,3.18776308939136,9.88233152966768));
#7847=CARTESIAN_POINT('Ctrl Pts',(-2.85777828853309,2.8453286764789,9.9060263126635));
#7848=CARTESIAN_POINT('Ctrl Pts',(-3.49251447611766,2.02026773189638,9.95732727965139));
#7849=CARTESIAN_POINT('Ctrl Pts',(-3.72852429836902,1.54182058210749,9.98449687770121));
#7850=CARTESIAN_POINT('Ctrl Pts',(-3.99689407448552,0.536197769387161,10.0371562138187));
#7851=CARTESIAN_POINT('Ctrl Pts',(-4.03264872966197,0.0202355054713736,
10.0609081726287));
#7852=CARTESIAN_POINT('Ctrl Pts',(-3.90550546185306,-1.01319605928783,10.1121204337075));
#7853=CARTESIAN_POINT('Ctrl Pts',(-3.73754055689136,-1.5199641439472,10.1392964354248));
#7854=CARTESIAN_POINT('Ctrl Pts',(-3.22235857358389,-2.42466110472988,10.192017405266));
#7855=CARTESIAN_POINT('Ctrl Pts',(-2.88559470597158,-2.81707498854783,10.2158326780055));
#7856=CARTESIAN_POINT('Ctrl Pts',(-2.06924893396026,-3.46383277608647,10.266957498746));
#7857=CARTESIAN_POINT('Ctrl Pts',(-1.59346499719392,-3.70685250238404,10.2941384315429));
#7858=CARTESIAN_POINT('Ctrl Pts',(-0.591051138591226,-3.98913136191896,
10.3469181188883));
#7859=CARTESIAN_POINT('Ctrl Pts',(-0.0757881753225093,-4.031966665879,10.3708020408866));
#7860=CARTESIAN_POINT('Ctrl Pts',(0.959861275758338,-3.91905257306855,10.4218409675169));
#7861=CARTESIAN_POINT('Ctrl Pts',(1.46956643943042,-3.75774335556328,10.4490254662758));
#7862=CARTESIAN_POINT('Ctrl Pts',(2.38156410248318,-3.25432375707526,10.5018609491954));
#7863=CARTESIAN_POINT('Ctrl Pts',(2.77834692181196,-2.92288275801095,10.5258180415273));
#7864=CARTESIAN_POINT('Ctrl Pts',(3.43632596466987,-2.11478997101584,10.5767728776382));
#7865=CARTESIAN_POINT('Ctrl Pts',(3.68589155302514,-1.64159271115053,10.6039596907398));
#7866=CARTESIAN_POINT('Ctrl Pts',(3.94496181621979,-0.764896439943787,10.6503581729902));
#7867=CARTESIAN_POINT('Ctrl Pts',(4.,-0.383126129890184,10.6694346035375));
#7868=CARTESIAN_POINT('Ctrl Pts',(4.,2.56045185054177E-13,10.6875));
#7869=CARTESIAN_POINT('Ctrl Pts',(4.,5.87724313660942E-14,10.84375));
#7870=CARTESIAN_POINT('Ctrl Pts',(4.,-0.214930287409101,10.8336154762729));
#7871=CARTESIAN_POINT('Ctrl Pts',(3.98267937866809,-0.429681898896307,10.8231510841962));
#7872=CARTESIAN_POINT('Ctrl Pts',(3.89366345567642,-0.976927820769725,10.7956084191663));
#7873=CARTESIAN_POINT('Ctrl Pts',(3.79687266478649,-1.30335940955076,10.778325873078));
#7874=CARTESIAN_POINT('Ctrl Pts',(3.44580351305977,-2.09965799504308,10.7339214981459));
#7875=CARTESIAN_POINT('Ctrl Pts',(3.1368815064746,-2.53810263521896,10.7077148289308));
#7876=CARTESIAN_POINT('Ctrl Pts',(2.37685316912,-3.25835781159798,10.6578100262705));
#7877=CARTESIAN_POINT('Ctrl Pts',(1.93711829281131,-3.53748705837092,10.6316236366415));
#7878=CARTESIAN_POINT('Ctrl Pts',(0.961553491087024,-3.91891571807376,10.5781734328329));
#7879=CARTESIAN_POINT('Ctrl Pts',(0.43296792420125,-4.01184285538376,10.5518968728526));
#7880=CARTESIAN_POINT('Ctrl Pts',(-0.614027931337952,-3.98612280716643,
10.5020259423368));
#7881=CARTESIAN_POINT('Ctrl Pts',(-1.12248804147691,-3.87377596647913,10.4758564475221));
#7882=CARTESIAN_POINT('Ctrl Pts',(-2.08321291097474,-3.45587175131595,10.4223935720375));
#7883=CARTESIAN_POINT('Ctrl Pts',(-2.52365486238758,-3.14862581668846,10.3960507868572));
#7884=CARTESIAN_POINT('Ctrl Pts',(-3.24757904491431,-2.39151045477795,10.3462116783117));
#7885=CARTESIAN_POINT('Ctrl Pts',(-3.5285747338446,-1.95324488696381,10.3200581164627));
#7886=CARTESIAN_POINT('Ctrl Pts',(-3.91465562081856,-0.97909027009946,10.266583542735));
#7887=CARTESIAN_POINT('Ctrl Pts',(-4.01001617085511,-0.450292957951165,
10.2401781159565));
#7888=CARTESIAN_POINT('Ctrl Pts',(-3.98865135698492,0.597198680135036,10.1903688711711));
#7889=CARTESIAN_POINT('Ctrl Pts',(-3.87851090696687,1.10591657877441,10.1642303145239));
#7890=CARTESIAN_POINT('Ctrl Pts',(-3.46462027351018,2.06878102582296,10.1107449426441));
#7891=CARTESIAN_POINT('Ctrl Pts',(-3.15884544029532,2.51097303928689,10.084280360627));
#7892=CARTESIAN_POINT('Ctrl Pts',(-2.4042845405464,3.23810172414131,10.0344991137));
#7893=CARTESIAN_POINT('Ctrl Pts',(-1.96730985159212,3.52072300134919,10.0083746703856));
#7894=CARTESIAN_POINT('Ctrl Pts',(-0.994399062826933,3.91086989887496,9.95487933212896));
#7895=CARTESIAN_POINT('Ctrl Pts',(-0.465418104901435,4.00836065525667,9.9283589718022));
#7896=CARTESIAN_POINT('Ctrl Pts',(0.582499564475469,3.9908005229329,9.87860394871658));
#7897=CARTESIAN_POINT('Ctrl Pts',(1.0914347863159,3.88258618083019,9.8524927640088));
#7898=CARTESIAN_POINT('Ctrl Pts',(2.0561593907489,3.47220514261153,9.79898822763779));
#7899=CARTESIAN_POINT('Ctrl Pts',(2.49987988898198,3.16771713105846,9.77241534708146));
#7900=CARTESIAN_POINT('Ctrl Pts',(3.229799524225,2.41538888026936,9.72268486462727));
#7901=CARTESIAN_POINT('Ctrl Pts',(3.51383310512981,1.9795442335793,9.69658612169697));
#7902=CARTESIAN_POINT('Ctrl Pts',(3.90071626920158,1.024529285013,9.64399836378351));
#7903=CARTESIAN_POINT('Ctrl Pts',(4.,0.514544065813039,9.61801209496338));
#7904=CARTESIAN_POINT('Ctrl Pts',(4.,-1.29063426612674E-14,9.59375000000001));
#7905=CARTESIAN_POINT('Origin',(0.,-2.81892564846231E-15,-19.));
#7906=CARTESIAN_POINT('',(4.,-4.81158891033842E-15,8.1875));
#7907=CARTESIAN_POINT('',(4.,3.73238152993682E-8,8.34375000351984));
#7908=CARTESIAN_POINT('',(4.,-3.30878436812125E-15,-19.));
#7909=CARTESIAN_POINT('Ctrl Pts',(4.,-1.70696790036118E-14,8.1875));
#7910=CARTESIAN_POINT('Ctrl Pts',(4.,0.289769698180365,8.20116339717406));
#7911=CARTESIAN_POINT('Ctrl Pts',(3.96851657651138,0.579316680585113,8.21543120333358));
#7912=CARTESIAN_POINT('Ctrl Pts',(3.79259682132323,1.37497854243229,8.25638466843363));
#7913=CARTESIAN_POINT('Ctrl Pts',(3.58015293050618,1.85926663494969,8.28336941007169));
#7914=CARTESIAN_POINT('Ctrl Pts',(2.98532318906305,2.71179324953658,8.33518603227214));
#7915=CARTESIAN_POINT('Ctrl Pts',(2.61121607422317,3.07368289695019,8.35878221945875));
#7916=CARTESIAN_POINT('Ctrl Pts',(1.73907459999244,3.64011207978185,8.41096903504914));
#7917=CARTESIAN_POINT('Ctrl Pts',(1.24757400644306,3.83645176227624,8.43797932960687));
#7918=CARTESIAN_POINT('Ctrl Pts',(0.225657564095822,4.0267326363682,8.48988177899786));
#7919=CARTESIAN_POINT('Ctrl Pts',(-0.294345856834061,4.02229497912644,8.51344372618137));
#7920=CARTESIAN_POINT('Ctrl Pts',(-1.31327305196036,3.81451873722209,8.56554693117061));
#7921=CARTESIAN_POINT('Ctrl Pts',(-1.80171880193018,3.60957768408458,8.59258117740495));
#7922=CARTESIAN_POINT('Ctrl Pts',(-2.66349259447385,3.02834241990793,8.64456831103451));
#7923=CARTESIAN_POINT('Ctrl Pts',(-3.03072563870308,2.6607804644143,8.6681061202155));
#7924=CARTESIAN_POINT('Ctrl Pts',(-3.61142445093938,1.79813720110931,8.72012377408263));
#7925=CARTESIAN_POINT('Ctrl Pts',(-3.81601914429074,1.30907601102522,8.74718027508424));
#7926=CARTESIAN_POINT('Ctrl Pts',(-4.02248264369091,0.290299664111276,8.79925072768472));
#7927=CARTESIAN_POINT('Ctrl Pts',(-4.02644598528622,-0.228853307855912,
8.82277450731154));
#7928=CARTESIAN_POINT('Ctrl Pts',(-3.8354821671706,-1.25108174513863,8.87470500682808));
#7929=CARTESIAN_POINT('Ctrl Pts',(-3.63813814901057,-1.74358071223302,8.90178199323383));
#7930=CARTESIAN_POINT('Ctrl Pts',(-3.0705920377179,-2.61452315960373,8.95393408658893));
#7931=CARTESIAN_POINT('Ctrl Pts',(-2.70954830895657,-2.98707480550758,8.97745403379176));
#7932=CARTESIAN_POINT('Ctrl Pts',(-1.85648372184087,-3.58190468080434,9.02929602541464));
#7933=CARTESIAN_POINT('Ctrl Pts',(-1.36998632238561,-3.7946936749725,9.05639168193793));
#7934=CARTESIAN_POINT('Ctrl Pts',(-0.354453570227297,-4.01724940605696,
9.1086234919844));
#7935=CARTESIAN_POINT('Ctrl Pts',(0.163858366359409,-4.0295262746925,9.13214966436915));
#7936=CARTESIAN_POINT('Ctrl Pts',(1.18921391429342,-3.85522823212314,9.18390211188177));
#7937=CARTESIAN_POINT('Ctrl Pts',(1.6856105042991,-3.66547638326615,9.21101459681857));
#7938=CARTESIAN_POINT('Ctrl Pts',(2.56552734101678,-3.11154304630504,9.26332398154367));
#7939=CARTESIAN_POINT('Ctrl Pts',(2.94331269306675,-2.75690814630718,9.28686616515734));
#7940=CARTESIAN_POINT('Ctrl Pts',(3.55196110906854,-1.91338036238533,9.33852836500468));
#7941=CARTESIAN_POINT('Ctrl Pts',(3.77277952065243,-1.42953421109247,9.36565583281946));
#7942=CARTESIAN_POINT('Ctrl Pts',(3.96442220438702,-0.615690544379796,9.40777370589688));
#7943=CARTESIAN_POINT('Ctrl Pts',(4.,-0.308036725827091,9.42297526482029));
#7944=CARTESIAN_POINT('Ctrl Pts',(4.,5.62744295606876E-14,9.4375));
#7945=CARTESIAN_POINT('Ctrl Pts',(4.,-9.84255416666644E-15,9.59375000000001));
#7946=CARTESIAN_POINT('Ctrl Pts',(4.,-0.0181128507199267,9.59289593183865));
#7947=CARTESIAN_POINT('Ctrl Pts',(3.99987697186175,-0.0362311262714202,
9.59203920498882));
#7948=CARTESIAN_POINT('Ctrl Pts',(3.99262735226315,-0.569697236136259,9.56674329215482));
#7949=CARTESIAN_POINT('Ctrl Pts',(3.88608980357632,-1.07881579718769,9.54065621239637));
#7950=CARTESIAN_POINT('Ctrl Pts',(3.47876859356621,-2.0451539964824,9.48713535308804));
#7951=CARTESIAN_POINT('Ctrl Pts',(3.17540286429463,-2.49020570878213,9.4604666982849));
#7952=CARTESIAN_POINT('Ctrl Pts',(2.42502034437278,-3.22255017726738,9.41078060209256));
#7953=CARTESIAN_POINT('Ctrl Pts',(1.99016184549095,-3.50780813045432,9.38470444508278));
#7954=CARTESIAN_POINT('Ctrl Pts',(1.01930002232846,-3.90457852495712,9.33117635572396));
#7955=CARTESIAN_POINT('Ctrl Pts',(0.490022860056504,-4.0055463232348,9.30446418277045));
#7956=CARTESIAN_POINT('Ctrl Pts',(-0.558574298795028,-3.99418056975733,
9.2547981039454));
#7957=CARTESIAN_POINT('Ctrl Pts',(-1.0678476671477,-3.88909927569181,9.22873216709192));
#7958=CARTESIAN_POINT('Ctrl Pts',(-2.0355828672524,-3.48443890050283,9.17519740498123));
#7959=CARTESIAN_POINT('Ctrl Pts',(-2.48179115204383,-3.18204941249775,9.14844444718243));
#7960=CARTESIAN_POINT('Ctrl Pts',(-3.21623789871804,-2.43335830399374,9.09879704532984));
#7961=CARTESIAN_POINT('Ctrl Pts',(-3.5025553362025,-1.99935803955352,9.07274066326013));
#7962=CARTESIAN_POINT('Ctrl Pts',(-3.90199731656086,-1.02933069776032,9.01919974246349));
#7963=CARTESIAN_POINT('Ctrl Pts',(-4.00437005353462,-0.499935134583186,
8.99240859835436));
#7964=CARTESIAN_POINT('Ctrl Pts',(-3.99550163385313,0.548931013926661,8.94277861201593));
#7965=CARTESIAN_POINT('Ctrl Pts',(-3.89168243755065,1.05833522882185,8.91673115575358));
#7966=CARTESIAN_POINT('Ctrl Pts',(-3.48933075661607,2.02727788944379,8.86318455041433));
#7967=CARTESIAN_POINT('Ctrl Pts',(-3.18778855255965,2.47448888681537,8.83635768497545));
#7968=CARTESIAN_POINT('Ctrl Pts',(-2.44056455832504,3.21075491706766,8.78674392850545));
#7969=CARTESIAN_POINT('Ctrl Pts',(-2.00730944401731,3.49798769447643,8.76070480447542));
#7970=CARTESIAN_POINT('Ctrl Pts',(-1.03800827303476,3.89974251374162,8.70715295189192));
#7971=CARTESIAN_POINT('Ctrl Pts',(-0.508510721416583,4.00333269411358,8.68029269871799));
#7972=CARTESIAN_POINT('Ctrl Pts',(0.540585939711452,3.99662573074899,8.63069405905197));
#7973=CARTESIAN_POINT('Ctrl Pts',(1.05010086546011,3.8938983983774,8.60466270795147));
#7974=CARTESIAN_POINT('Ctrl Pts',(2.02008566272039,3.49354598946915,8.55110601143293));
#7975=CARTESIAN_POINT('Ctrl Pts',(2.46816438524171,3.19273770143374,8.52421457567678));
#7976=CARTESIAN_POINT('Ctrl Pts',(3.20600229971603,2.44678385316118,8.47463000903853));
#7977=CARTESIAN_POINT('Ctrl Pts',(3.49402479803006,2.0141743836001,8.44860590460613));
#7978=CARTESIAN_POINT('Ctrl Pts',(3.89541174484477,1.05118211402396,8.39535871819039));
#7979=CARTESIAN_POINT('Ctrl Pts',(3.99999999506128,0.528107349346713,8.36865163926017));
#7980=CARTESIAN_POINT('Ctrl Pts',(4.,3.740691673082E-8,8.34375000176384));
#7981=CARTESIAN_POINT('Origin',(0.,-2.81892564846231E-15,-19.));
#7982=CARTESIAN_POINT('',(4.,-1.4305170271093E-13,6.93749999999999));
#7983=CARTESIAN_POINT('',(4.,-3.37520486719539E-10,7.09374999996818));
#7984=CARTESIAN_POINT('',(4.,-3.30878436812125E-15,-19.));
#7985=CARTESIAN_POINT('Ctrl Pts',(4.,-2.75335310107039E-13,6.93749999999999));
#7986=CARTESIAN_POINT('Ctrl Pts',(4.00000000000003,0.372053342644115,6.95504328565894));
#7987=CARTESIAN_POINT('Ctrl Pts',(3.94809743371091,0.742972891075749,6.97354683196115));
#7988=CARTESIAN_POINT('Ctrl Pts',(3.70176318911625,1.6025118741829,7.01888755295724));
#7989=CARTESIAN_POINT('Ctrl Pts',(3.4619584640074,2.070260842921,7.04562682305924));
#7990=CARTESIAN_POINT('Ctrl Pts',(2.81680598709987,2.88727051070424,7.09675159449399));
#7991=CARTESIAN_POINT('Ctrl Pts',(2.4177740630606,3.22879275677703,7.12093300435533));
#7992=CARTESIAN_POINT('Ctrl Pts',(1.51067216003172,3.74023233784105,7.1736942797032));
#7993=CARTESIAN_POINT('Ctrl Pts',(1.01114252329492,3.90500922022367,7.20046670365242));
#7994=CARTESIAN_POINT('Ctrl Pts',(-0.0216367371045903,4.03355993253821,
7.25167569602954));
#7995=CARTESIAN_POINT('Ctrl Pts',(-0.544914201605474,3.99664192653365,7.27575971346335));
#7996=CARTESIAN_POINT('Ctrl Pts',(-1.54973834389627,3.7242669332006,7.32845961708545));
#7997=CARTESIAN_POINT('Ctrl Pts',(-2.0214965733608,3.49076482324246,7.35526483633726));
#7998=CARTESIAN_POINT('Ctrl Pts',(-2.84695410510084,2.85732099574351,7.40655926203625));
#7999=CARTESIAN_POINT('Ctrl Pts',(-3.19330577426993,2.46418977298102,7.43055127742363));
#8000=CARTESIAN_POINT('Ctrl Pts',(-3.71785387761165,1.56518729854303,7.48318666941068));
#8001=CARTESIAN_POINT('Ctrl Pts',(-3.89011370147598,1.06737751509698,7.51002414899158));
#8002=CARTESIAN_POINT('Ctrl Pts',(-4.03329043725899,0.0370128281926167,
7.56140495245052));
#8003=CARTESIAN_POINT('Ctrl Pts',(-4.00413594752475,-0.485486751994412,
7.5853111865919));
#8004=CARTESIAN_POINT('Ctrl Pts',(-3.74713100523314,-1.49387535003745,7.63787896729169));
#8005=CARTESIAN_POINT('Ctrl Pts',(-3.52032925125072,-1.96976220274931,7.66474799557204));
#8006=CARTESIAN_POINT('Ctrl Pts',(-2.89925196889763,-2.80401990455113,7.71621583816104));
#8007=CARTESIAN_POINT('Ctrl Pts',(-2.51228510419594,-3.1554100168833,7.74004330558199));
#8008=CARTESIAN_POINT('Ctrl Pts',(-1.6218624884964,-3.6935932451236,7.79254044588093));
#8009=CARTESIAN_POINT('Ctrl Pts',(-1.12596937171995,-3.8736655655724,7.81944013745237));
#8010=CARTESIAN_POINT('Ctrl Pts',(-0.0982311254068522,-4.03211466506953,
7.87099538573978));
#8011=CARTESIAN_POINT('Ctrl Pts',(0.4234564159746,-4.01101997386377,7.89475184079431));
#8012=CARTESIAN_POINT('Ctrl Pts',(1.43541718060709,-3.77002244128863,7.94717541374627));
#8013=CARTESIAN_POINT('Ctrl Pts',(1.91549958801718,-3.55026365010712,7.97410471550814));
#8014=CARTESIAN_POINT('Ctrl Pts',(2.75881588873774,-2.94210214921325,8.02574743331016));
#8015=CARTESIAN_POINT('Ctrl Pts',(3.11540413014665,-2.56150064614914,8.04944129941795));
#8016=CARTESIAN_POINT('Ctrl Pts',(3.66760271071768,-1.68006299399649,8.10178851259733));
#8017=CARTESIAN_POINT('Ctrl Pts',(3.85573360649903,-1.18627761144485,8.12874621305122));
#8018=CARTESIAN_POINT('Ctrl Pts',(3.98116601468252,-0.448334934454337,8.16599198702051));
#8019=CARTESIAN_POINT('Ctrl Pts',(4.,-0.224118328061695,8.17693223618783));
#8020=CARTESIAN_POINT('Ctrl Pts',(4.,-1.36696209906972E-14,8.1875));
#8021=CARTESIAN_POINT('Ctrl Pts',(4.,3.74069163315781E-8,8.34375000176384));
#8022=CARTESIAN_POINT('Ctrl Pts',(4.0000000000575,-0.00614843433589631,
8.34346008528314));
#8023=CARTESIAN_POINT('Ctrl Pts',(3.99998582372761,-0.0122975622601841,
8.34316986097904));
#8024=CARTESIAN_POINT('Ctrl Pts',(3.99758267678825,-0.533375792810706,8.31855272663936));
#8025=CARTESIAN_POINT('Ctrl Pts',(3.8957984718083,-1.04298449164336,8.29253537435021));
#8026=CARTESIAN_POINT('Ctrl Pts',(3.49717447695401,-2.01386762639319,8.23897007696258));
#8027=CARTESIAN_POINT('Ctrl Pts',(3.19700082221026,-2.46269606724474,8.21202239602824));
#8028=CARTESIAN_POINT('Ctrl Pts',(2.45214478988135,-3.20189024793422,8.16246310470103));
#8029=CARTESIAN_POINT('Ctrl Pts',(2.02009375990175,-3.49059328328169,8.13645204041272));
#8030=CARTESIAN_POINT('Ctrl Pts',(1.05196923582908,-3.89607235162123,8.08288293056073));
#8031=CARTESIAN_POINT('Ctrl Pts',(0.52230848077895,-4.0016252099895,8.05590994976604));
#8032=CARTESIAN_POINT('Ctrl Pts',(-0.527154771471332,-3.99839771747581,
8.00636198278736));
#8033=CARTESIAN_POINT('Ctrl Pts',(-1.03684297904835,-3.89742707555603,7.98035677135701));
#8034=CARTESIAN_POINT('Ctrl Pts',(-2.00849967246076,-3.50029516487966,7.92678414092961));
#8035=CARTESIAN_POINT('Ctrl Pts',(-2.45797498572833,-3.20066948174244,7.89978759151876));
#8036=CARTESIAN_POINT('Ctrl Pts',(-3.19833800793697,-2.4567609703647,7.85025014934022));
#8037=CARTESIAN_POINT('Ctrl Pts',(-3.48762689673351,-2.02519221759511,7.82425038323027));
#8038=CARTESIAN_POINT('Ctrl Pts',(-3.89459317872771,-1.05754010130768,7.77067450149601));
#8039=CARTESIAN_POINT('Ctrl Pts',(-4.00093059370099,-0.527814533324145,
7.74365600778247));
#8040=CARTESIAN_POINT('Ctrl Pts',(-3.99909222275291,0.521793528922363,7.69412834391529));
#8041=CARTESIAN_POINT('Ctrl Pts',(-3.89882257051069,1.0315492171104,7.66813364180274));
#8042=CARTESIAN_POINT('Ctrl Pts',(-3.50297711590752,2.00387141527445,7.61455475718542));
#8043=CARTESIAN_POINT('Ctrl Pts',(-3.20382397334748,2.45390420403197,7.58751584148188));
#8044=CARTESIAN_POINT('Ctrl Pts',(-2.46073226277467,3.19527351787036,7.53799725945864));
#8045=CARTESIAN_POINT('Ctrl Pts',(-2.02957946539113,3.48506631043627,7.51200726485973));
#8046=CARTESIAN_POINT('Ctrl Pts',(-1.06233530713398,3.89331324965027,7.45842560657449));
#8047=CARTESIAN_POINT('Ctrl Pts',(-0.532554095036094,4.00032662184771,7.43136769415575));
#8048=CARTESIAN_POINT('Ctrl Pts',(0.517177941837792,3.99968428462667,7.38185754459521));
#8049=CARTESIAN_POINT('Ctrl Pts',(1.0269909548662,3.90001802686985,7.35587192451545));
#8050=CARTESIAN_POINT('Ctrl Pts',(1.99988524978172,3.50528054190154,7.30228770407583));
#8051=CARTESIAN_POINT('Ctrl Pts',(2.45039798281266,3.20653444390335,7.27521212812244));
#8052=CARTESIAN_POINT('Ctrl Pts',(3.19263288491279,2.46414610538503,7.22570980590567));
#8053=CARTESIAN_POINT('Ctrl Pts',(3.48285877059543,2.03335165649294,7.199728249523));
#8054=CARTESIAN_POINT('Ctrl Pts',(3.89211703852337,1.0666730115259,7.14615350415066));
#8055=CARTESIAN_POINT('Ctrl Pts',(3.9997697584414,0.536947080527242,7.11907295245388));
#8056=CARTESIAN_POINT('Ctrl Pts',(3.9999998770314,0.00114528624108354,7.09380400563553));
#8057=CARTESIAN_POINT('Ctrl Pts',(4.0000000000001,0.000572639995487571,
7.0937770014696));
#8058=CARTESIAN_POINT('Ctrl Pts',(4.,-6.75033709074184E-10,7.09374999996818));
#8059=CARTESIAN_POINT('Origin',(0.,-2.81892564846231E-15,-19.));
#8060=CARTESIAN_POINT('',(4.,-1.08449314895949E-13,5.68749999999999));
#8061=CARTESIAN_POINT('',(4.,1.09050057820115E-14,5.84375000000001));
#8062=CARTESIAN_POINT('',(4.,-3.30878436812125E-15,-19.));
#8063=CARTESIAN_POINT('Ctrl Pts',(4.,-2.09277040141842E-13,5.68749999999999));
#8064=CARTESIAN_POINT('Ctrl Pts',(4.00000000000002,0.437040161452606,5.70810758369298));
#8065=CARTESIAN_POINT('Ctrl Pts',(3.92837890232573,0.871712181067199,5.7300023528848));
#8066=CARTESIAN_POINT('Ctrl Pts',(3.62071986614453,1.77734607887832,5.7787143191899));
#8067=CARTESIAN_POINT('Ctrl Pts',(3.36022786108076,2.23103214458106,5.80519453516535));
#8068=CARTESIAN_POINT('Ctrl Pts',(2.67605175121002,3.01905139965094,5.85571451334644));
#8069=CARTESIAN_POINT('Ctrl Pts',(2.25688615478256,3.34401517613518,5.88076972680735));
#8070=CARTESIAN_POINT('Ctrl Pts',(1.32300053948016,3.81031623530333,5.9339123123022));
#8071=CARTESIAN_POINT('Ctrl Pts',(0.818446020839436,3.94956304205222,5.96042303825158));
#8072=CARTESIAN_POINT('Ctrl Pts',(-0.221841111876165,4.0281622128266,6.01101043034803));
#8073=CARTESIAN_POINT('Ctrl Pts',(-0.747751691177391,3.96436796791287,6.03595438098095));
#8074=CARTESIAN_POINT('Ctrl Pts',(-1.73930659443397,3.63922175369847,6.08905929327575));
#8075=CARTESIAN_POINT('Ctrl Pts',(-2.19615674583483,3.38320517967203,6.11560129338338));
#8076=CARTESIAN_POINT('Ctrl Pts',(-2.99062146636993,2.70755499278383,6.16625867014179));
#8077=CARTESIAN_POINT('Ctrl Pts',(-3.31926815669223,2.29285086693984,6.19109055658666));
#8078=CARTESIAN_POINT('Ctrl Pts',(-3.79562629814579,1.36478533616998,6.24415513730168));
#8079=CARTESIAN_POINT('Ctrl Pts',(-3.94052710612833,0.861232144740413,6.27072907777254));
#8080=CARTESIAN_POINT('Ctrl Pts',(-4.03020145932632,-0.177488630777772,
6.32145892419778));
#8081=CARTESIAN_POINT('Ctrl Pts',(-3.97241716802534,-0.702820991517999,
6.34617857034429));
#8082=CARTESIAN_POINT('Ctrl Pts',(-3.65900680848897,-1.69746759900426,6.39920004864698));
#8083=CARTESIAN_POINT('Ctrl Pts',(-3.40792925867472,-2.15773008398016,6.42580648386758));
#8084=CARTESIAN_POINT('Ctrl Pts',(-2.7416323071424,-2.9591932515961,6.47661117528424));
#8085=CARTESIAN_POINT('Ctrl Pts',(-2.33178189498496,-3.29183681218707,6.50121908860993));
#8086=CARTESIAN_POINT('Ctrl Pts',(-1.41012288005989,-3.7791008173421,6.55419459054099));
#8087=CARTESIAN_POINT('Ctrl Pts',(-0.907731424643844,-3.93015573808339,
6.58083394964308));
#8088=CARTESIAN_POINT('Ctrl Pts',(0.129222391579803,-4.03187478000022,6.63171572715477));
#8089=CARTESIAN_POINT('Ctrl Pts',(0.653921468382218,-3.9805927144821,6.65621315162546));
#8090=CARTESIAN_POINT('Ctrl Pts',(1.65183250457118,-3.67992317447643,6.70913971212574));
#8091=CARTESIAN_POINT('Ctrl Pts',(2.11573718721571,-3.43425235270657,6.73581228631049));
#8092=CARTESIAN_POINT('Ctrl Pts',(2.92472892259032,-2.7781307491986,6.78677323207019));
#8093=CARTESIAN_POINT('Ctrl Pts',(3.26167143391783,-2.37351293624233,6.81116219360907));
#8094=CARTESIAN_POINT('Ctrl Pts',(3.76065136533925,-1.45884718950589,6.86403677138701));
#8095=CARTESIAN_POINT('Ctrl Pts',(3.91834292615725,-0.957792881189495,6.89074270239171));
#8096=CARTESIAN_POINT('Ctrl Pts',(3.9919053986324,-0.29401067893473,6.92347853183742));
#8097=CARTESIAN_POINT('Ctrl Pts',(3.99999999999999,-0.146924412460483,6.93057213067958));
#8098=CARTESIAN_POINT('Ctrl Pts',(4.,-2.75439393515597E-13,6.93749999999999));
#8099=CARTESIAN_POINT('Ctrl Pts',(4.,-6.75042799436198E-10,7.09374999996818));
#8100=CARTESIAN_POINT('Ctrl Pts',(3.99999999991327,-0.513947839846133,7.06951601864462));
#8101=CARTESIAN_POINT('Ctrl Pts',(3.90094459230917,-1.0232228968013,7.04356769526397));
#8102=CARTESIAN_POINT('Ctrl Pts',(3.50751009448829,-1.99592233827927,6.99001811163996));
#8103=CARTESIAN_POINT('Ctrl Pts',(3.20933150771138,-2.44675866040976,6.96293620245882));
#8104=CARTESIAN_POINT('Ctrl Pts',(2.46782837567417,-3.18975479773011,6.91341951332705));
#8105=CARTESIAN_POINT('Ctrl Pts',(2.03743774322283,-3.48048267740345,6.88746732724162));
#8106=CARTESIAN_POINT('Ctrl Pts',(1.07121166784383,-3.89086142118023,6.83389203741203));
#8107=CARTESIAN_POINT('Ctrl Pts',(0.54167823646558,-3.99912303100795,6.80680867019345));
#8108=CARTESIAN_POINT('Ctrl Pts',(-0.507956095778273,-4.00083265472806,
6.75728228222167));
#8109=CARTESIAN_POINT('Ctrl Pts',(-1.01789468916879,-3.90240558339703,6.73134746913542));
#8110=CARTESIAN_POINT('Ctrl Pts',(-1.99149141618586,-3.51001710326428,6.67777600619051));
#8111=CARTESIAN_POINT('Ctrl Pts',(-2.44264566003012,-3.21245128195342,6.65069107424673));
#8112=CARTESIAN_POINT('Ctrl Pts',(-3.18650789150532,-2.47200632448473,6.60115421398827));
#8113=CARTESIAN_POINT('Ctrl Pts',(-3.47776574017191,-2.04205501182829,6.57523810868147));
#8114=CARTESIAN_POINT('Ctrl Pts',(-3.88938760049647,-1.07651297450369,6.52167079341048));
#8115=CARTESIAN_POINT('Ctrl Pts',(-3.99836028617676,-0.547205316212909,
6.4945841837817));
#8116=CARTESIAN_POINT('Ctrl Pts',(-4.00154031729686,0.502281764397868,6.445036020214));
#8117=CARTESIAN_POINT('Ctrl Pts',(-3.90385381669194,1.01228963183387,6.41914004801689));
#8118=CARTESIAN_POINT('Ctrl Pts',(-3.51293773670628,1.98631295455859,6.3655772277869));
#8119=CARTESIAN_POINT('Ctrl Pts',(-3.21608789553306,2.4378374574451,6.33848882115046));
#8120=CARTESIAN_POINT('Ctrl Pts',(-2.47687908318505,3.18271007339027,6.28892846208791));
#8121=CARTESIAN_POINT('Ctrl Pts',(-2.04744049667185,3.47458649652996,6.26305414294302));
#8122=CARTESIAN_POINT('Ctrl Pts',(-1.08269769782101,3.88765834173047,6.20949619383388));
#8123=CARTESIAN_POINT('Ctrl Pts',(-0.553654699280907,3.99746042292029,6.1824058644717));
#8124=CARTESIAN_POINT('Ctrl Pts',(0.495659326072954,4.00235606541568,6.13283235287613));
#8125=CARTESIAN_POINT('Ctrl Pts',(1.00574803507945,3.90553337270654,6.10698130519694));
#8126=CARTESIAN_POINT('Ctrl Pts',(1.98026747530084,3.51633467179082,6.05342863429275));
#8127=CARTESIAN_POINT('Ctrl Pts',(2.43222246214589,3.22032046151568,6.02633625013067));
#8128=CARTESIAN_POINT('Ctrl Pts',(3.17827214699628,2.48255401162209,5.97674856034037));
#8129=CARTESIAN_POINT('Ctrl Pts',(3.47086962231177,2.05371303258721,5.9509225045738));
#8130=CARTESIAN_POINT('Ctrl Pts',(3.88563034432249,1.08990300990679,5.89737555241918));
#8131=CARTESIAN_POINT('Ctrl Pts',(3.99639844841246,0.561170062756328,5.87028097515406));
#8132=CARTESIAN_POINT('Ctrl Pts',(3.9999712163846,0.0175234015966048,5.84457683627745));
#8133=CARTESIAN_POINT('Ctrl Pts',(4.,0.00876106867280885,5.84416310724241));
#8134=CARTESIAN_POINT('Ctrl Pts',(4.,5.80518586624144E-14,5.84375000000001));
#8135=CARTESIAN_POINT('Origin',(0.,-2.81892564846231E-15,-19.));
#8136=CARTESIAN_POINT('',(4.,-4.07657372062108E-14,4.4375));
#8137=CARTESIAN_POINT('',(4.,1.21540066847148E-14,4.59375000000001));
#8138=CARTESIAN_POINT('',(4.,-3.30878436812125E-15,-19.));
#8139=CARTESIAN_POINT('Ctrl Pts',(4.,-8.50708392619026E-14,4.4375));
#8140=CARTESIAN_POINT('Ctrl Pts',(4.00000000000001,0.481468371796794,4.46020248970792));
#8141=CARTESIAN_POINT('Ctrl Pts',(3.91307324164084,0.959416574891151,4.48443678252801));
#8142=CARTESIAN_POINT('Ctrl Pts',(3.56077578837476,1.89413493936167,4.5353920013907));
#8143=CARTESIAN_POINT('Ctrl Pts',(3.2866346379972,2.33773038844985,4.5616630033394));
#8144=CARTESIAN_POINT('Ctrl Pts',(2.5761325866157,3.10544162367851,4.61173958395378));
#8145=CARTESIAN_POINT('Ctrl Pts',(2.14296405448555,3.41877721281522,4.63760164704698));
#8146=CARTESIAN_POINT('Ctrl Pts',(1.19124279169004,3.85330818605681,4.69096472035716));
#8147=CARTESIAN_POINT('Ctrl Pts',(0.683956957670238,3.9748363466425,4.7172581676438));
#8148=CARTESIAN_POINT('Ctrl Pts',(-0.360887055804703,4.01864674470758,4.76738096033835));
#8149=CARTESIAN_POINT('Ctrl Pts',(-0.888577195557603,3.93577061122977,4.79315321299821));
#8150=CARTESIAN_POINT('Ctrl Pts',(-1.86984543982016,3.57364018160205,4.84649543044455));
#8151=CARTESIAN_POINT('Ctrl Pts',(-2.31558708532158,3.30232625778354,4.87281241188405));
#8152=CARTESIAN_POINT('Ctrl Pts',(-3.08758887103654,2.59731955426414,4.92298397213344));
#8153=CARTESIAN_POINT('Ctrl Pts',(-3.40338528111989,2.16710264516363,4.9486628258617));
#8154=CARTESIAN_POINT('Ctrl Pts',(-3.84463900146501,1.21908614061692,5.00198251381044));
#8155=CARTESIAN_POINT('Ctrl Pts',(-3.96989780130619,0.712324342497453,5.02832411548532));
#8156=CARTESIAN_POINT('Ctrl Pts',(-4.02104511335674,-0.33160447108473,5.07854705321876));
#8157=CARTESIAN_POINT('Ctrl Pts',(-3.9422198475739,-0.858924923900899,5.10412906939016));
#8158=CARTESIAN_POINT('Ctrl Pts',(-3.58790380221513,-1.84243641613762,5.15742443713755));
#8159=CARTESIAN_POINT('Ctrl Pts',(-3.31978750507699,-2.2905696261476,5.18379173343626));
#8160=CARTESIAN_POINT('Ctrl Pts',(-2.62096873231873,-3.06736999967491,5.23406870159611));
#8161=CARTESIAN_POINT('Ctrl Pts',(-2.19405728579815,-3.38591570045217,5.25955064149342));
#8162=CARTESIAN_POINT('Ctrl Pts',(-1.25022447066121,-3.83468147252368,5.31281977733302));
#8163=CARTESIAN_POINT('Ctrl Pts',(-0.744082226643041,-3.96412103721511,
5.33921382097931));
#8164=CARTESIAN_POINT('Ctrl Pts',(0.298792932129415,-4.02348216790629,5.3895475022852));
#8165=CARTESIAN_POINT('Ctrl Pts',(0.825695628248609,-3.94917486361858,5.41492638125977));
#8166=CARTESIAN_POINT('Ctrl Pts',(1.81167129471562,-3.60359824262822,5.46816724936806));
#8167=CARTESIAN_POINT('Ctrl Pts',(2.26245110453969,-3.33908024424597,5.49458906047946));
#8168=CARTESIAN_POINT('Ctrl Pts',(3.0445845927383,-2.64719121418034,5.54498215237127));
#8169=CARTESIAN_POINT('Ctrl Pts',(3.36618272596831,-2.22395879521104,5.57025529766445));
#8170=CARTESIAN_POINT('Ctrl Pts',(3.8232890340692,-1.28482558382682,5.62346573602187));
#8171=CARTESIAN_POINT('Ctrl Pts',(3.9573850861213,-0.779413658215976,5.64991629026887));
#8172=CARTESIAN_POINT('Ctrl Pts',(3.99713236903219,-0.174985897483713,5.67919295004125));
#8173=CARTESIAN_POINT('Ctrl Pts',(4.,-0.0874481655836774,5.68337659087194));
#8174=CARTESIAN_POINT('Ctrl Pts',(4.,-2.13589845423776E-13,5.68749999999999));
#8175=CARTESIAN_POINT('Ctrl Pts',(4.,6.25888230132432E-14,5.84375000000001));
#8176=CARTESIAN_POINT('Ctrl Pts',(4.,-0.505326234346252,5.81992254983631));
#8177=CARTESIAN_POINT('Ctrl Pts',(3.90424109761164,-1.00627134851532,5.79443138985537));
#8178=CARTESIAN_POINT('Ctrl Pts',(3.5202780512474,-1.97321885895684,5.7413380140707));
#8179=CARTESIAN_POINT('Ctrl Pts',(3.22523782572908,-2.42567336525679,5.71424109940304));
#8180=CARTESIAN_POINT('Ctrl Pts',(2.48915206720486,-3.17309207362422,5.66462168258593));
#8181=CARTESIAN_POINT('Ctrl Pts',(2.06100655790169,-3.46652878060119,5.63885119538323));
#8182=CARTESIAN_POINT('Ctrl Pts',(1.09828371274145,-3.8832533788828,5.58531714952633));
#8183=CARTESIAN_POINT('Ctrl Pts',(0.569913724494091,-3.99514477009954,5.55821774751862));
#8184=CARTESIAN_POINT('Ctrl Pts',(-0.47895812677355,-4.00436477238894,5.50858062543247));
#8185=CARTESIAN_POINT('Ctrl Pts',(-0.989250688112088,-3.90971817078095,
5.4828409324795));
#8186=CARTESIAN_POINT('Ctrl Pts',(-1.96501293835099,-3.52484561990538,5.42931415495891));
#8187=CARTESIAN_POINT('Ctrl Pts',(-2.41804574259856,-3.23093888600136,5.40221211054254));
#8188=CARTESIAN_POINT('Ctrl Pts',(-3.16705372491785,-2.49680842558675,5.35255594472896));
#8189=CARTESIAN_POINT('Ctrl Pts',(-3.46146549119536,-2.0694708277412,5.32684920015761));
#8190=CARTESIAN_POINT('Ctrl Pts',(-3.88046935835974,-1.10801315414556,5.27333029346998));
#8191=CARTESIAN_POINT('Ctrl Pts',(-3.99366437805274,-0.58006768444805,5.24622544712564));
#8192=CARTESIAN_POINT('Ctrl Pts',(-4.00558450439797,0.468523730173946,5.19654881156092));
#8193=CARTESIAN_POINT('Ctrl Pts',(-3.91229578655224,0.978943645367612,5.1708772804903));
#8194=CARTESIAN_POINT('Ctrl Pts',(-3.53012254043973,1.95547633404354,5.11736689558377));
#8195=CARTESIAN_POINT('Ctrl Pts',(-3.23753255413789,2.40917685682227,5.09025908422342));
#8196=CARTESIAN_POINT('Ctrl Pts',(-2.50567267833311,3.16002575364877,5.0405604618442));
#8197=CARTESIAN_POINT('Ctrl Pts',(-2.07927166846929,3.45556807675078,5.01492651924068));
#8198=CARTESIAN_POINT('Ctrl Pts',(-1.11928364356354,3.8772113672685,4.96142535908519));
#8199=CARTESIAN_POINT('Ctrl Pts',(-0.591834167617915,3.99191591525848,4.93431441716557));
#8200=CARTESIAN_POINT('Ctrl Pts',(0.456428135391066,4.00696453677127,4.8845921966507));
#8201=CARTESIAN_POINT('Ctrl Pts',(0.966995683844476,3.91524832057395,4.85899832472416));
#8202=CARTESIAN_POINT('Ctrl Pts',(1.94441570882517,3.536200756462,4.80550714807269));
#8203=CARTESIAN_POINT('Ctrl Pts',(2.39888481879269,3.24513720352743,4.77839290897313));
#8204=CARTESIAN_POINT('Ctrl Pts',(3.15186070311571,2.51590840776966,4.72864538186707));
#8205=CARTESIAN_POINT('Ctrl Pts',(3.44871078384294,2.09059055458844,4.70309416575021));
#8206=CARTESIAN_POINT('Ctrl Pts',(3.87340269056051,1.13230612100191,4.64961379108432));
#8207=CARTESIAN_POINT('Ctrl Pts',(3.98985064395426,0.605435414845421,4.62249608878327));
#8208=CARTESIAN_POINT('Ctrl Pts',(3.99978870261525,0.0474833798344236,4.59599309212823));
#8209=CARTESIAN_POINT('Ctrl Pts',(4.,0.0237373245896804,4.59486927677655));
#8210=CARTESIAN_POINT('Ctrl Pts',(4.,-9.84255416666644E-15,4.59375000000001));
#8211=CARTESIAN_POINT('Origin',(0.,-2.81892564846231E-15,-19.));
#8212=CARTESIAN_POINT('',(4.,-4.91567231889702E-15,3.1875));
#8213=CARTESIAN_POINT('',(4.,2.73715371471466E-14,3.34375000000001));
#8214=CARTESIAN_POINT('',(4.,-3.30878436812125E-15,-19.));
#8215=CARTESIAN_POINT('Ctrl Pts',(4.,-7.7715611723761E-15,3.1875));
#8216=CARTESIAN_POINT('Ctrl Pts',(4.,0.508962266295826,3.21149889855522));
#8217=CARTESIAN_POINT('Ctrl Pts',(3.90285919824912,1.01355239652046,3.23718892077367));
#8218=CARTESIAN_POINT('Ctrl Pts',(3.52189127315787,1.96522543716377,3.2895035669994));
#8219=CARTESIAN_POINT('Ctrl Pts',(3.23951077400989,2.4023919887105,3.315632354439));
#8220=CARTESIAN_POINT('Ctrl Pts',(2.51285726453594,3.15733228069964,3.36542220993072));
#8221=CARTESIAN_POINT('Ctrl Pts',(2.07092508775384,3.46332568382535,3.39186855957651));
#8222=CARTESIAN_POINT('Ctrl Pts',(1.10837765139485,3.87781254725431,3.44535062869203));
#8223=CARTESIAN_POINT('Ctrl Pts',(0.599697422212752,3.98828051534126,3.4714938059633));
#8224=CARTESIAN_POINT('Ctrl Pts',(-0.447721144844576,4.01029202929234,3.52131223611999));
#8225=CARTESIAN_POINT('Ctrl Pts',(-0.976487116737629,3.91529315127185,3.54769834549697));
#8226=CARTESIAN_POINT('Ctrl Pts',(-1.95085204728617,3.5299032106424,3.60116934101768));
#8227=CARTESIAN_POINT('Ctrl Pts',(-2.38933635509617,3.2491842879938,3.62732781143665));
#8228=CARTESIAN_POINT('Ctrl Pts',(-3.14688500891641,2.52580485558126,3.67717671117538));
#8229=CARTESIAN_POINT('Ctrl Pts',(-3.45438035068187,2.08565988539198,3.70349906189214));
#8230=CARTESIAN_POINT('Ctrl Pts',(-3.87296515614882,1.12529913021532,3.75695806121607));
#8231=CARTESIAN_POINT('Ctrl Pts',(-3.98568652615793,0.616883716823008,3.78313276348834));
#8232=CARTESIAN_POINT('Ctrl Pts',(-4.01214554475526,-0.4300271592192,3.8330141200144));
#8233=CARTESIAN_POINT('Ctrl Pts',(-3.91963076324517,-0.958576641715169,
3.85926910089383));
#8234=CARTESIAN_POINT('Ctrl Pts',(-3.5389912343251,-1.93437927676818,3.91271510645368));
#8235=CARTESIAN_POINT('Ctrl Pts',(-3.26017926524097,-2.37436256818242,3.93890701267309));
#8236=CARTESIAN_POINT('Ctrl Pts',(-2.54054670678403,-3.13488398628093,3.98882290487046));
#8237=CARTESIAN_POINT('Ctrl Pts',(-2.10244032359835,-3.44408955049934,4.01500682826552));
#8238=CARTESIAN_POINT('Ctrl Pts',(-1.14458706442836,-3.86734224140223,4.068438762249));
#8239=CARTESIAN_POINT('Ctrl Pts',(-0.636485922033875,-3.98263535754383,
4.09464887524056));
#8240=CARTESIAN_POINT('Ctrl Pts',(0.409834997376164,-4.01416616442455,4.14460147213734));
#8241=CARTESIAN_POINT('Ctrl Pts',(0.93813563743366,-3.92447737916535,4.17071059375155));
#8242=CARTESIAN_POINT('Ctrl Pts',(1.91555938403599,-3.54925205950692,4.22412729267521));
#8243=CARTESIAN_POINT('Ctrl Pts',(2.35724065140474,-3.2726222487487,4.25035664261048));
#8244=CARTESIAN_POINT('Ctrl Pts',(3.12113706197879,-2.55726354444636,4.30034820079325));
#8245=CARTESIAN_POINT('Ctrl Pts',(3.43228236640753,-2.12147375399256,4.32637874330678));
#8246=CARTESIAN_POINT('Ctrl Pts',(3.86083121790208,-1.16648704734316,4.37977895249767));
#8247=CARTESIAN_POINT('Ctrl Pts',(3.97904851910812,-0.658758859207878,4.40602859271254));
#8248=CARTESIAN_POINT('Ctrl Pts',(3.9991539876254,-0.0950284704278695,4.43300263604519));
#8249=CARTESIAN_POINT('Ctrl Pts',(4.,-0.0474978749657012,4.4352603512905));
#8250=CARTESIAN_POINT('Ctrl Pts',(4.,-7.82226900443003E-14,4.4375));
#8251=CARTESIAN_POINT('Ctrl Pts',(4.,-3.7470027081099E-15,4.59375000000001));
#8252=CARTESIAN_POINT('Ctrl Pts',(4.,-0.489621390108587,4.5706630742104));
#8253=CARTESIAN_POINT('Ctrl Pts',(3.91010249743357,-0.975364518361541,4.5460032079872));
#8254=CARTESIAN_POINT('Ctrl Pts',(3.54317774565144,-1.9316176735222,4.49374687814281));
#8255=CARTESIAN_POINT('Ctrl Pts',(3.2538794125128,-2.38696832036008,4.46662554922934));
#8256=CARTESIAN_POINT('Ctrl Pts',(2.52769189428438,-3.14239451844397,4.41682188338921));
#8257=CARTESIAN_POINT('Ctrl Pts',(2.10362323997916,-3.44075321455645,4.3913641121391));
#8258=CARTESIAN_POINT('Ctrl Pts',(1.14730877471068,-3.86895590856585,4.33790805655406));
#8259=CARTESIAN_POINT('Ctrl Pts',(0.621112406324399,-3.98741133341519,4.31078294261111));
#8260=CARTESIAN_POINT('Ctrl Pts',(-0.426311621213744,-4.01024279027603,
4.26094824046856));
#8261=CARTESIAN_POINT('Ctrl Pts',(-0.937246841977083,-3.92243490101654,
4.23554142312152));
#8262=CARTESIAN_POINT('Ctrl Pts',(-1.91684963723942,-3.55115448581338,4.18209902528433));
#8263=CARTESIAN_POINT('Ctrl Pts',(-2.37320720923061,-3.26389178570147,4.15496997568072));
#8264=CARTESIAN_POINT('Ctrl Pts',(-3.13144667312914,-2.54120967050774,4.10510212192166));
#8265=CARTESIAN_POINT('Ctrl Pts',(-3.43154024903655,-2.11857713018765,4.07974916780456));
#8266=CARTESIAN_POINT('Ctrl Pts',(-3.86377215797517,-1.164534249086,4.02632152773465));
#8267=CARTESIAN_POINT('Ctrl Pts',(-3.9845311212406,-0.639122143868359,3.99918840286127));
#8268=CARTESIAN_POINT('Ctrl Pts',(-4.01214899230587,0.407772464753127,3.94928517954927));
#8269=CARTESIAN_POINT('Ctrl Pts',(-3.92674225739034,0.918934128067584,3.92398904340781));
#8270=CARTESIAN_POINT('Ctrl Pts',(-3.56023244961869,1.89986195645425,3.87057734272867));
#8271=CARTESIAN_POINT('Ctrl Pts',(-3.27530962027467,2.35736423742033,3.8434400177117));
#8272=CARTESIAN_POINT('Ctrl Pts',(-2.55665460954274,3.11882117887675,3.79349910587656));
#8273=CARTESIAN_POINT('Ctrl Pts',(-2.13566705193069,3.42090268997853,3.76826276702156));
#8274=CARTESIAN_POINT('Ctrl Pts',(-1.18423504508128,3.85774070198646,3.71486827353289));
#8275=CARTESIAN_POINT('Ctrl Pts',(-0.659733072944785,3.98113243870436,3.68772664245201));
#8276=CARTESIAN_POINT('Ctrl Pts',(0.386542708941391,4.01422735378362,3.63774562491897));
#8277=CARTESIAN_POINT('Ctrl Pts',(0.897963834076676,3.9315660691601,3.61257206254706));
#8278=CARTESIAN_POINT('Ctrl Pts',(1.88039178952291,3.57050945939671,3.55919613473737));
#8279=CARTESIAN_POINT('Ctrl Pts',(2.33918836950625,3.2882661935622,3.53205011537017));
#8280=CARTESIAN_POINT('Ctrl Pts',(3.10430880052046,2.57422023465023,3.48202648098902));
#8281=CARTESIAN_POINT('Ctrl Pts',(3.40865891201497,2.15510907516032,3.45691864542243));
#8282=CARTESIAN_POINT('Ctrl Pts',(3.8507390050077,1.20666670785206,3.40356273684279));
#8283=CARTESIAN_POINT('Ctrl Pts',(3.97712614290007,0.683218211137126,3.37641227594699));
#8284=CARTESIAN_POINT('Ctrl Pts',(3.99905873358239,0.100235561320043,3.34849475230443));
#8285=CARTESIAN_POINT('Ctrl Pts',(4.,0.0501005140126725,3.34611236992991));
#8286=CARTESIAN_POINT('Ctrl Pts',(4.,5.80518586624144E-14,3.34375000000001));
#8287=CARTESIAN_POINT('Origin',(0.,-2.81892564846231E-15,-19.));
#8288=CARTESIAN_POINT('',(4.,-4.29117186754537E-15,1.9375));
#8289=CARTESIAN_POINT('',(4.,1.29277207741365E-13,2.09375000000002));
#8290=CARTESIAN_POINT('',(4.,-3.30878436812125E-15,-19.));
#8291=CARTESIAN_POINT('Ctrl Pts',(4.,-1.76247905159244E-14,1.9375));
#8292=CARTESIAN_POINT('Ctrl Pts',(4.,0.524950510855668,1.9622527859938));
#8293=CARTESIAN_POINT('Ctrl Pts',(3.89665868303205,1.04498128934134,1.98879197886966));
#8294=CARTESIAN_POINT('Ctrl Pts',(3.49866381658211,2.00613507745936,2.04188622451908));
#8295=CARTESIAN_POINT('Ctrl Pts',(3.21156618555503,2.43950042576662,2.06792790679199));
#8296=CARTESIAN_POINT('Ctrl Pts',(2.47556894297829,3.18694137529155,2.11754664351061));
#8297=CARTESIAN_POINT('Ctrl Pts',(2.02850619704133,3.48860890458385,2.14436253383464));
#8298=CARTESIAN_POINT('Ctrl Pts',(1.05974184355774,3.89130203435182,2.19790740044971));
#8299=CARTESIAN_POINT('Ctrl Pts',(0.550356777551473,3.99530780686635,2.22395759785864));
#8300=CARTESIAN_POINT('Ctrl Pts',(-0.498469777492111,4.00454548300125,2.27359292930196));
#8301=CARTESIAN_POINT('Ctrl Pts',(-1.02784787167862,3.9023805945018,2.30037233744855));
#8302=CARTESIAN_POINT('Ctrl Pts',(-1.99799890589607,3.50333367998942,2.35391137453586));
#8303=CARTESIAN_POINT('Ctrl Pts',(-2.43212625213231,3.21717276970005,2.379970691672));
#8304=CARTESIAN_POINT('Ctrl Pts',(-3.18106770179977,2.48303684707406,2.4296238269813));
#8305=CARTESIAN_POINT('Ctrl Pts',(-3.48360171929905,2.03699970552988,2.45636424616531));
#8306=CARTESIAN_POINT('Ctrl Pts',(-3.88865597275434,1.06947093813488,2.50989696737012));
#8307=CARTESIAN_POINT('Ctrl Pts',(-3.99395272209952,0.56022021496836,2.53596604455493));
#8308=CARTESIAN_POINT('Ctrl Pts',(-4.00574468231651,-0.488330752376914,
2.58563826968034));
#8309=CARTESIAN_POINT('Ctrl Pts',(-3.90501647721247,-1.01758764833119,2.6123370590683));
#8310=CARTESIAN_POINT('Ctrl Pts',(-3.50870195729677,-1.98859140364829,2.66586293709794));
#8311=CARTESIAN_POINT('Ctrl Pts',(-3.2236250238862,-2.42359608242045,2.69194245132837));
#8312=CARTESIAN_POINT('Ctrl Pts',(-2.49163937061414,-3.174266872658,2.74163513210847));
#8313=CARTESIAN_POINT('Ctrl Pts',(-2.04678483485694,-3.47779892382067,2.76828951594248));
#8314=CARTESIAN_POINT('Ctrl Pts',(-1.0806852565345,-3.88557353704698,2.82180797918106));
#8315=CARTESIAN_POINT('Ctrl Pts',(-0.571593502984233,-3.99235940548466,
2.84789864489104));
#8316=CARTESIAN_POINT('Ctrl Pts',(0.476636046644981,-4.00709616550112,2.89761322995376));
#8317=CARTESIAN_POINT('Ctrl Pts',(1.00575245102755,-3.90802195551354,2.92422029789361));
#8318=CARTESIAN_POINT('Ctrl Pts',(1.97773301180986,-3.51485664912988,2.97773072677226));
#8319=CARTESIAN_POINT('Ctrl Pts',(2.41374537649513,-3.23103205004531,3.00383329636738));
#8320=CARTESIAN_POINT('Ctrl Pts',(3.16640478648597,-2.50152580630646,3.05357131978899));
#8321=CARTESIAN_POINT('Ctrl Pts',(3.47108373025497,-2.0580319563541,3.08012802869988));
#8322=CARTESIAN_POINT('Ctrl Pts',(3.8819854286112,-1.09358267917548,3.13362975181592));
#8323=CARTESIAN_POINT('Ctrl Pts',(3.99048532402131,-0.584679222355382,3.15974501593318));
#8324=CARTESIAN_POINT('Ctrl Pts',(3.99980074528683,-0.0461105250730581,
3.18532187676353));
#8325=CARTESIAN_POINT('Ctrl Pts',(4.,-0.0230509599290641,3.18641308710768));
#8326=CARTESIAN_POINT('Ctrl Pts',(4.,-9.98133204912504E-15,3.1875));
#8327=CARTESIAN_POINT('Ctrl Pts',(4.,5.92581539393677E-14,3.34375000000001));
#8328=CARTESIAN_POINT('Ctrl Pts',(4.,-0.462175181921784,3.32195723452369));
#8329=CARTESIAN_POINT('Ctrl Pts',(3.91990132767571,-0.921265815599462,3.29874548634967));
#8330=CARTESIAN_POINT('Ctrl Pts',(3.58207428434691,-1.8581690910881,3.24796986842691));
#8331=CARTESIAN_POINT('Ctrl Pts',(3.30288649645722,-2.318420072128,3.2208149475595));
#8332=CARTESIAN_POINT('Ctrl Pts',(2.59409298381992,-3.0876908405876,3.17069820078235));
#8333=CARTESIAN_POINT('Ctrl Pts',(2.17711209181057,-3.39461784418461,3.14573038466151));
#8334=CARTESIAN_POINT('Ctrl Pts',(1.2320784427542,-3.84263356533495,3.09241927580212));
#8335=CARTESIAN_POINT('Ctrl Pts',(0.709845588960848,-3.97241106391348,3.06525991765909));
#8336=CARTESIAN_POINT('Ctrl Pts',(-0.33486756204778,-4.01882099621541,3.01509252331814));
#8337=CARTESIAN_POINT('Ctrl Pts',(-0.846921217323543,-3.9428251589965,2.99019875917717));
#8338=CARTESIAN_POINT('Ctrl Pts',(-1.8329251632958,-3.59499996255713,2.93691264012719));
#8339=CARTESIAN_POINT('Ctrl Pts',(-2.29479900236302,-3.31927934127952,2.90974891536823));
#8340=CARTESIAN_POINT('Ctrl Pts',(-3.06874487439626,-2.61644227576722,2.85952806211984));
#8341=CARTESIAN_POINT('Ctrl Pts',(-3.37858363869109,-2.20186697687872,2.83471081014511));
#8342=CARTESIAN_POINT('Ctrl Pts',(-3.83328181506345,-1.26070092762064,2.78145155200182));
#8343=CARTESIAN_POINT('Ctrl Pts',(-3.96687424964114,-0.739865729519432,
2.75428358650192));
#8344=CARTESIAN_POINT('Ctrl Pts',(-4.02126059282709,0.303871578362251,2.70400641643495));
#8345=CARTESIAN_POINT('Ctrl Pts',(-3.94925224483678,0.816305506114882,2.67926789884635));
#8346=CARTESIAN_POINT('Ctrl Pts',(-3.60933599068448,1.80440409066442,2.62603748365233));
#8347=CARTESIAN_POINT('Ctrl Pts',(-3.33752794752474,2.2680744440865,2.59886546609644));
#8348=CARTESIAN_POINT('Ctrl Pts',(-2.64140842461313,3.04725278477484,2.54852909030525));
#8349=CARTESIAN_POINT('Ctrl Pts',(-2.22953337410249,3.36036236444695,2.52387123720846));
#8350=CARTESIAN_POINT('Ctrl Pts',(-1.29273132277146,3.82253543565178,2.47067175891184));
#8351=CARTESIAN_POINT('Ctrl Pts',(-0.773496123729906,3.96039226302234,2.44349594861968));
#8352=CARTESIAN_POINT('Ctrl Pts',(0.269112247664101,4.02371535630418,2.39309746495279));
#8353=CARTESIAN_POINT('Ctrl Pts',(0.781973574842785,3.95617029051154,2.36852185704506));
#8354=CARTESIAN_POINT('Ctrl Pts',(1.77237719335047,3.62509974872917,2.31535552130664));
#8355=CARTESIAN_POINT('Ctrl Pts',(2.23801867892544,3.35767936207308,2.28817625614386));
#8356=CARTESIAN_POINT('Ctrl Pts',(3.02301133894104,2.66908875170568,2.23771276910205));
#8357=CARTESIAN_POINT('Ctrl Pts',(3.33977098435022,2.26022447426254,2.21322057803556));
#8358=CARTESIAN_POINT('Ctrl Pts',(3.81024543777054,1.32831583859363,2.16008970068117));
#8359=CARTESIAN_POINT('Ctrl Pts',(3.95283393617117,0.810903018917371,2.13290740488022));
#8360=CARTESIAN_POINT('Ctrl Pts',(3.99671869472136,0.187181623309151,2.10264018982221));
#8361=CARTESIAN_POINT('Ctrl Pts',(4.,0.0935433436280775,2.09816081267298));
#8362=CARTESIAN_POINT('Ctrl Pts',(4.,2.6186319985085E-13,2.09375000000002));
#8363=CARTESIAN_POINT('Origin',(0.,-2.81892564846231E-15,-19.));
#8364=CARTESIAN_POINT('',(4.,1.10928572977897E-9,0.68750000010461));
#8365=CARTESIAN_POINT('',(4.,9.8300374501723E-14,0.843750000000017));
#8366=CARTESIAN_POINT('',(4.,-3.30878436812125E-15,-19.));
#8367=CARTESIAN_POINT('Ctrl Pts',(4.00000000000001,2.21859308702221E-9,
0.687500000104611));
#8368=CARTESIAN_POINT('Ctrl Pts',(3.99999999970387,0.533915542020518,0.712675510605544));
#8369=CARTESIAN_POINT('Ctrl Pts',(3.89309799556012,1.06258684794489,0.739691671561536));
#8370=CARTESIAN_POINT('Ctrl Pts',(3.48544424239569,2.02893272332465,0.793219387800786));
#8371=CARTESIAN_POINT('Ctrl Pts',(3.1957257191856,2.46014689389028,0.819210825731979));
#8372=CARTESIAN_POINT('Ctrl Pts',(2.45450477595826,3.2033590971738,0.868732191437362));
#8373=CARTESIAN_POINT('Ctrl Pts',(2.00455421579229,3.50258195771986,0.895764843426666));
#8374=CARTESIAN_POINT('Ctrl Pts',(1.03233011381693,3.89861720038011,0.94934280935079));
#8375=CARTESIAN_POINT('Ctrl Pts',(0.522584318619125,3.99899024160972,0.975339064299203));
#8376=CARTESIAN_POINT('Ctrl Pts',(-0.527002438513032,4.00103351857803,1.02486972564537));
#8377=CARTESIAN_POINT('Ctrl Pts',(-1.0567184585859,3.89481186728365,1.05188148763765));
#8378=CARTESIAN_POINT('Ctrl Pts',(-2.02444035391357,3.48806497372437,1.10545637470532));
#8379=CARTESIAN_POINT('Ctrl Pts',(-2.45608030236181,3.19886246232554,1.13145781081869));
#8380=CARTESIAN_POINT('Ctrl Pts',(-3.20012865758991,2.45867184681906,1.18099847968118));
#8381=CARTESIAN_POINT('Ctrl Pts',(-3.49983522846193,2.00929199284911,1.20798779782346));
#8382=CARTESIAN_POINT('Ctrl Pts',(-3.8971873718899,1.03774936381423,1.26155935123885));
#8383=CARTESIAN_POINT('Ctrl Pts',(-3.99827806078755,0.528072807817456,1.28756635793432));
#8384=CARTESIAN_POINT('Ctrl Pts',(-4.00174340646164,-0.521365560808735,
1.33711779715476));
#8385=CARTESIAN_POINT('Ctrl Pts',(-3.89632482753232,-1.05101519838905,1.36408301403676));
#8386=CARTESIAN_POINT('Ctrl Pts',(-3.49110038729764,-2.01922045888272,1.41765095761644));
#8387=CARTESIAN_POINT('Ctrl Pts',(-3.20249772948574,-2.45135397753124,1.44366395096193));
#8388=CARTESIAN_POINT('Ctrl Pts',(-2.46350369443796,-3.1963721264906,1.49322697741661));
#8389=CARTESIAN_POINT('Ctrl Pts',(-2.01478594980036,-3.4966395160554,1.52016632716353));
#8390=CARTESIAN_POINT('Ctrl Pts',(-1.04403533396093,-3.89551877239935,1.5737303615148));
#8391=CARTESIAN_POINT('Ctrl Pts',(-0.534440371063792,-3.99744221595547,
1.59974978562221));
#8392=CARTESIAN_POINT('Ctrl Pts',(0.514824703101275,-4.00255721651974,1.64932527337881));
#8393=CARTESIAN_POINT('Ctrl Pts',(1.04439707627027,-3.8980694907185,1.67623687686172));
#8394=CARTESIAN_POINT('Ctrl Pts',(2.01316107202166,-3.49461088008511,1.72979667740694));
#8395=CARTESIAN_POINT('Ctrl Pts',(2.44586597810856,-3.20670491788449,1.75582300582453));
#8396=CARTESIAN_POINT('Ctrl Pts',(3.19200751317126,-2.46909909367915,1.80541188937148));
#8397=CARTESIAN_POINT('Ctrl Pts',(3.49292427319001,-2.02114857152313,1.8322937496143));
#8398=CARTESIAN_POINT('Ctrl Pts',(3.89357214142256,-1.05131758066765,1.88584896444957));
#8399=CARTESIAN_POINT('Ctrl Pts',(3.99646076981565,-0.541818864522376,1.9118827015379));
#8400=CARTESIAN_POINT('Ctrl Pts',(3.99997010393457,-0.0178589004134718,
1.93665732235062));
#8401=CARTESIAN_POINT('Ctrl Pts',(4.,-0.00892876591476704,1.93707898539518));
#8402=CARTESIAN_POINT('Ctrl Pts',(4.,-9.98133204912504E-15,1.9375));
#8403=CARTESIAN_POINT('Ctrl Pts',(4.,2.63469801531357E-13,2.09375000000002));
#8404=CARTESIAN_POINT('Ctrl Pts',(4.,-0.417500783915084,2.07406374892914));
#8405=CARTESIAN_POINT('Ctrl Pts',(3.93464089350684,-0.832990655698732,2.05319577256226));
#8406=CARTESIAN_POINT('Ctrl Pts',(3.64226780444717,-1.73666031412413,2.0048749789229));
#8407=CARTESIAN_POINT('Ctrl Pts',(3.379733393348,-2.20444319480095,1.97769017060503));
#8408=CARTESIAN_POINT('Ctrl Pts',(2.69952263985398,-2.99584534119082,1.9270881286402));
#8409=CARTESIAN_POINT('Ctrl Pts',(2.29399058399677,-3.31664870351171,1.90276434524079));
#8410=CARTESIAN_POINT('Ctrl Pts',(1.36753070160098,-3.79626928608246,1.8497117554821));
#8411=CARTESIAN_POINT('Ctrl Pts',(0.852181332078161,-3.94406498310085,1.82252505364068));
#8412=CARTESIAN_POINT('Ctrl Pts',(-0.187635982340422,-4.02830762562041,
1.77184959064499));
#8413=CARTESIAN_POINT('Ctrl Pts',(-0.701503920286534,-3.97119571670802,
1.74760967652918));
#8414=CARTESIAN_POINT('Ctrl Pts',(-1.69713329799733,-3.66076803698917,1.69460011351189));
#8415=CARTESIAN_POINT('Ctrl Pts',(-2.16721721582435,-3.40363209762368,1.66741224419085));
#8416=CARTESIAN_POINT('Ctrl Pts',(-2.96562306368026,-2.73267673331201,1.61666072875172));
#8417=CARTESIAN_POINT('Ctrl Pts',(-3.29087048957751,-2.33080278013285,1.59250361705929));
#8418=CARTESIAN_POINT('Ctrl Pts',(-3.78048018195561,-1.41036292682823,1.53953978757541));
#8419=CARTESIAN_POINT('Ctrl Pts',(-3.93395478031253,-0.897334091984999,
1.5123515889558));
#8420=CARTESIAN_POINT('Ctrl Pts',(-4.03021235886525,0.14078526161112,1.46152152252286));
#8421=CARTESIAN_POINT('Ctrl Pts',(-3.97908546704441,0.655235541086214,1.43744544799228));
#8422=CARTESIAN_POINT('Ctrl Pts',(-3.68047376994598,1.65376045141992,1.38453013396897));
#8423=CARTESIAN_POINT('Ctrl Pts',(-3.42925118398882,2.12628749530872,1.35734256006464));
#8424=CARTESIAN_POINT('Ctrl Pts',(-2.76843193289262,2.93227320401476,1.30643160537454));
#8425=CARTESIAN_POINT('Ctrl Pts',(-2.37053843025247,3.26236216114059,1.28243405990822));
#8426=CARTESIAN_POINT('Ctrl Pts',(-1.45669287350865,3.76277832652284,1.22957010478346));
#8427=CARTESIAN_POINT('Ctrl Pts',(-0.94625342517683,3.92238540724999,1.20238422744635));
#8428=CARTESIAN_POINT('Ctrl Pts',(0.089945415645662,4.03167242694636,1.15139023692828));
#8429=CARTESIAN_POINT('Ctrl Pts',(0.605030870681497,3.98703196419575,1.12746793419026));
#8430=CARTESIAN_POINT('Ctrl Pts',(1.60661014778894,3.70120122354701,1.07465822686149));
#8431=CARTESIAN_POINT('Ctrl Pts',(2.08169770501264,3.45639490565298,1.04747523580957));
#8432=CARTESIAN_POINT('Ctrl Pts',(2.895802078983,2.80657415692669,0.996396279372994));
#8433=CARTESIAN_POINT('Ctrl Pts',(3.23111594416974,2.41297071354616,0.97254513043129));
#8434=CARTESIAN_POINT('Ctrl Pts',(3.74310357379075,1.50628099946672,0.919792586794263));
#8435=CARTESIAN_POINT('Ctrl Pts',(3.90926267909836,0.998705595781206,0.892613787403401));
#8436=CARTESIAN_POINT('Ctrl Pts',(3.99064481404529,0.316064011407631,0.858835961110797));
#8437=CARTESIAN_POINT('Ctrl Pts',(4.,0.157951546943673,0.851197827477136));
#8438=CARTESIAN_POINT('Ctrl Pts',(4.,1.96787031114809E-13,0.843750000000017));
#8439=CARTESIAN_POINT('Origin',(0.,-2.81892564846231E-15,-19.));
#8440=CARTESIAN_POINT('',(4.,-3.39437647324736E-8,-0.562500003201077));
#8441=CARTESIAN_POINT('',(4.,-9.63412017355394E-15,-0.406249999999994));
#8442=CARTESIAN_POINT('',(4.,-3.30878436812125E-15,-19.));
#8443=CARTESIAN_POINT('Ctrl Pts',(4.,-3.40193090337836E-8,-0.562500001604102));
#8444=CARTESIAN_POINT('Ctrl Pts',(4.00000000004986,0.00586224423150038,
-0.562223579892976));
#8445=CARTESIAN_POINT('Ctrl Pts',(3.99998711273614,0.011725094991899,-0.56194687948017));
#8446=CARTESIAN_POINT('Ctrl Pts',(3.99760881427979,0.552596378929139,-0.536396936362282));
#8447=CARTESIAN_POINT('Ctrl Pts',(3.88794280895508,1.0816828967212,-0.509307212685583));
#8448=CARTESIAN_POINT('Ctrl Pts',(3.47510885910497,2.04655692572029,-0.455747722126181));
#8449=CARTESIAN_POINT('Ctrl Pts',(3.18333395452393,2.47607965602398,-0.429866569346648));
#8450=CARTESIAN_POINT('Ctrl Pts',(2.43862712175217,3.21549141848497,-0.380310063523785));
#8451=CARTESIAN_POINT('Ctrl Pts',(1.98716332419511,3.51245882058429,-0.353222223190151));
#8452=CARTESIAN_POINT('Ctrl Pts',(1.01320995057,3.90361660366845,-0.299657980479039));
#8453=CARTESIAN_POINT('Ctrl Pts',(0.503213457105684,4.00142467433141,-0.273755652875826));
#8454=CARTESIAN_POINT('Ctrl Pts',(-0.54629786646648,3.99848604939446,-0.224211061153776));
#8455=CARTESIAN_POINT('Ctrl Pts',(-1.07564265850758,3.88963009160314,-0.197124980413377));
#8456=CARTESIAN_POINT('Ctrl Pts',(-2.04129706012634,3.47821229818327,-0.143556352554527));
#8457=CARTESIAN_POINT('Ctrl Pts',(-2.47132050661342,3.18704147025169,-0.117634340521707));
#8458=CARTESIAN_POINT('Ctrl Pts',(-3.21193927328706,2.44332142349211,-0.0681007899324623));
#8459=CARTESIAN_POINT('Ctrl Pts',(-3.50960575215999,1.99221933810254,-0.0410163514278684));
#8460=CARTESIAN_POINT('Ctrl Pts',(-3.90220130160611,1.01868269738123,0.0125563226139783));
#8461=CARTESIAN_POINT('Ctrl Pts',(-4.00073252110189,0.508753843684122,0.0384966220618882));
#8462=CARTESIAN_POINT('Ctrl Pts',(-3.99922965114962,-0.540901114462639,
0.0880199444392771));
#8463=CARTESIAN_POINT('Ctrl Pts',(-3.89106804187402,-1.07046621329144,0.115102851724971));
#8464=CARTESIAN_POINT('Ctrl Pts',(-3.48086411997647,-2.03678839939158,0.168679258935956));
#8465=CARTESIAN_POINT('Ctrl Pts',(-3.19021074479116,-2.46724079532718,0.194636538055198));
#8466=CARTESIAN_POINT('Ctrl Pts',(-2.44733639757347,-3.20889262143174,0.244150388646929));
#8467=CARTESIAN_POINT('Ctrl Pts',(-1.99654482129985,-3.50715730368391,0.271231869496451));
#8468=CARTESIAN_POINT('Ctrl Pts',(-1.023365844042,-3.90098380854983,0.324811720871025));
#8469=CARTESIAN_POINT('Ctrl Pts',(-0.513494876577855,-4.00013414762458,
0.350784756975282));
#8470=CARTESIAN_POINT('Ctrl Pts',(0.536282275137086,-3.99986017778225,0.400289839142897));
#8471=CARTESIAN_POINT('Ctrl Pts',(1.06603519926294,-3.89229303261219,0.427369992254253));
#8472=CARTESIAN_POINT('Ctrl Pts',(2.0327957598387,-3.48318443395597,0.480945676933271));
#8473=CARTESIAN_POINT('Ctrl Pts',(2.46364305859013,-3.19302236219174,0.506928478959088));
#8474=CARTESIAN_POINT('Ctrl Pts',(3.20613511386243,-2.45091504088392,0.556433199879019));
#8475=CARTESIAN_POINT('Ctrl Pts',(3.50494124055635,-2.00047307204407,0.583503359743518));
#8476=CARTESIAN_POINT('Ctrl Pts',(3.89984211228854,-1.0276630789205,0.637086796281472));
#8477=CARTESIAN_POINT('Ctrl Pts',(3.99959732993282,-0.517858473197797,0.66307375743265));
#8478=CARTESIAN_POINT('Ctrl Pts',(3.99999959450215,-0.00207975820486327,
0.687401926055474));
#8479=CARTESIAN_POINT('Ctrl Pts',(4.00000000000058,-0.00103986841911191,
0.687450967491406));
#8480=CARTESIAN_POINT('Ctrl Pts',(4.,2.21859523355512E-9,0.687500000104611));
#8481=CARTESIAN_POINT('Ctrl Pts',(4.,2.16042461698152E-13,0.843750000000018));
#8482=CARTESIAN_POINT('Ctrl Pts',(4.,-0.352524624123636,0.827127544362718));
#8483=CARTESIAN_POINT('Ctrl Pts',(3.9534034318342,-0.704161468264365,0.809636860645499));
#8484=CARTESIAN_POINT('Ctrl Pts',(3.72271149042358,-1.55587119948272,0.76497082303372));
#8485=CARTESIAN_POINT('Ctrl Pts',(3.4847959682148,-2.03360518835647,0.737797631679143));
#8486=CARTESIAN_POINT('Ctrl Pts',(2.84679089913707,-2.85630922400058,0.686543953754364));
#8487=CARTESIAN_POINT('Ctrl Pts',(2.45776435082379,-3.19720488409471,0.662819592671505));
#8488=CARTESIAN_POINT('Ctrl Pts',(1.55876137249684,-3.72144839146365,0.610190126064872));
#8489=CARTESIAN_POINT('Ctrl Pts',(1.05432281617108,-3.8945284235362,0.58302406285905));
#8490=CARTESIAN_POINT('Ctrl Pts',(0.0226728240548009,-4.03266018501462,
0.531681188560855));
#8491=CARTESIAN_POINT('Ctrl Pts',(-0.493832652553766,-4.00237346090436,
0.508010858858717));
#8492=CARTESIAN_POINT('Ctrl Pts',(-1.50186331058183,-3.74471783964538,0.455447247390783));
#8493=CARTESIAN_POINT('Ctrl Pts',(-1.98229248198805,-3.51412161814897,0.428289926241076));
#8494=CARTESIAN_POINT('Ctrl Pts',(-2.81399916297195,-2.88867529050966,0.37685703802258));
#8495=CARTESIAN_POINT('Ctrl Pts',(-3.16079409667623,-2.50447941643101,0.353233478069445));
#8496=CARTESIAN_POINT('Ctrl Pts',(-3.69786957180344,-1.61364418848043,0.300738517829498));
#8497=CARTESIAN_POINT('Ctrl Pts',(-3.87817272720609,-1.11260429528818,0.273591633828769));
#8498=CARTESIAN_POINT('Ctrl Pts',(-4.03190494136753,-0.0835877778804932,
0.222068238391405));
#8499=CARTESIAN_POINT('Ctrl Pts',(-4.00938318260297,0.433693540829601,0.198483483484731));
#8500=CARTESIAN_POINT('Ctrl Pts',(-3.76689845470463,1.44503903583755,0.146059875316927));
#8501=CARTESIAN_POINT('Ctrl Pts',(-3.5439863493736,1.92817102655925,0.118925189579669));
#8502=CARTESIAN_POINT('Ctrl Pts',(-2.93173860587866,2.76918700746266,0.0673111284319264));
#8503=CARTESIAN_POINT('Ctrl Pts',(-2.55258429492814,3.12214669925307,0.0437565805598178));
#8504=CARTESIAN_POINT('Ctrl Pts',(-1.67032870128857,3.67249681856521,-0.00859309793542286));
#8505=CARTESIAN_POINT('Ctrl Pts',(-1.17292818023999,3.86024444009063,-0.0357137757747276));
#8506=CARTESIAN_POINT('Ctrl Pts',(-0.146775070602314,4.03016437607429,-0.0874183205079749));
#8507=CARTESIAN_POINT('Ctrl Pts',(0.371316759985172,4.0157054407335,-0.110951806975771));
#8508=CARTESIAN_POINT('Ctrl Pts',(1.38597532723403,3.78891380446638,-0.16322512944642));
#8509=CARTESIAN_POINT('Ctrl Pts',(1.87177502451145,3.57397065934518,-0.190329960752769));
#8510=CARTESIAN_POINT('Ctrl Pts',(2.72229588281879,2.97543100546086,-0.242124465539704));
#8511=CARTESIAN_POINT('Ctrl Pts',(3.0816225277313,2.60147762224025,-0.265646483787283));
#8512=CARTESIAN_POINT('Ctrl Pts',(3.6455363336261,1.72812663696764,-0.317841202522668));
#8513=CARTESIAN_POINT('Ctrl Pts',(3.84085804074326,1.23457470339734,-0.344928340782005));
#8514=CARTESIAN_POINT('Ctrl Pts',(3.97839258071216,0.480152684552765,-0.383187528469824));
#8515=CARTESIAN_POINT('Ctrl Pts',(4.,0.240054204377956,-0.39493081804855));
#8516=CARTESIAN_POINT('Ctrl Pts',(4.,-1.26981758441502E-14,-0.406249999999994));
#8517=CARTESIAN_POINT('Origin',(0.,-2.81892564846231E-15,-19.));
#8518=CARTESIAN_POINT('',(4.,-9.63412017355394E-15,-1.8125));
#8519=CARTESIAN_POINT('',(4.,-5.20828036307064E-14,-1.65625));
#8520=CARTESIAN_POINT('',(4.,-3.30878436812125E-15,-19.));
#8521=CARTESIAN_POINT('Ctrl Pts',(4.,-9.98133204912504E-15,-1.8125));
#8522=CARTESIAN_POINT('Ctrl Pts',(4.,0.0184824178207024,-1.81162850578578));
#8523=CARTESIAN_POINT('Ctrl Pts',(3.9998719002084,0.0369702459448562,-1.81075425451255));
#8524=CARTESIAN_POINT('Ctrl Pts',(3.99220436202202,0.589909341321925,-1.78453197714122));
#8525=CARTESIAN_POINT('Ctrl Pts',(3.87774666832688,1.11744025292493,-1.75742201669086));
#8526=CARTESIAN_POINT('Ctrl Pts',(3.45653501771311,2.07766895298981,-1.70391793854066));
#8527=CARTESIAN_POINT('Ctrl Pts',(3.16117768640688,2.50422320333212,-1.67827216484884));
#8528=CARTESIAN_POINT('Ctrl Pts',(2.41062988214606,3.23645486608882,-1.62858047830563));
#8529=CARTESIAN_POINT('Ctrl Pts',(1.95703841041967,3.5292604923974,-1.60147359726799));
#8530=CARTESIAN_POINT('Ctrl Pts',(0.980631576496118,3.91187560484003,-1.54796051653958));
#8531=CARTESIAN_POINT('Ctrl Pts',(0.470232517409234,4.00538660991567,-1.52227789708812));
#8532=CARTESIAN_POINT('Ctrl Pts',(-0.578405043170574,3.99390858605922,-1.47260772043535));
#8533=CARTESIAN_POINT('Ctrl Pts',(-1.10642024692984,3.88092696494842,-1.44550375388915));
#8534=CARTESIAN_POINT('Ctrl Pts',(-2.06808527820318,3.46229621264474,-1.39198235714572));
#8535=CARTESIAN_POINT('Ctrl Pts',(-2.49555518611579,3.16804414064087,-1.36626523328934));
#8536=CARTESIAN_POINT('Ctrl Pts',(-3.23000607342776,2.4192963498321,-1.31661507784638));
#8537=CARTESIAN_POINT('Ctrl Pts',(-3.5240985863966,1.96635810583107,-1.28951386369494));
#8538=CARTESIAN_POINT('Ctrl Pts',(-3.90935220603577,0.990704930626986,-1.2359847865975));
#8539=CARTESIAN_POINT('Ctrl Pts',(-4.00419049667891,0.480430338066999,-1.21023538934793));
#8540=CARTESIAN_POINT('Ctrl Pts',(-3.9953515588217,-0.56848082170611,-1.16060385642789));
#8541=CARTESIAN_POINT('Ctrl Pts',(-3.8836442050607,-1.09691045593696,-1.13350523643803));
#8542=CARTESIAN_POINT('Ctrl Pts',(-3.4672413697596,-2.05981161059712,-1.07996906725627));
#8543=CARTESIAN_POINT('Ctrl Pts',(-3.17394222022463,-2.48807110712996,-1.05418951654537));
#8544=CARTESIAN_POINT('Ctrl Pts',(-2.42674783511064,-3.22443248741458,-1.00457529391733));
#8545=CARTESIAN_POINT('Ctrl Pts',(-1.97437509195796,-3.51963245996598,-0.977479114536112));
#8546=CARTESIAN_POINT('Ctrl Pts',(-0.999374060428395,-3.90715886032786,
-0.92393639746564));
#8547=CARTESIAN_POINT('Ctrl Pts',(-0.489206587270622,-4.00314039404309,
-0.898128702574855));
#8548=CARTESIAN_POINT('Ctrl Pts',(0.559937573602875,-3.99657359546068,-0.848530560765328));
#8549=CARTESIAN_POINT('Ctrl Pts',(1.08872148953348,-3.88596388138696,-0.821436673744271));
#8550=CARTESIAN_POINT('Ctrl Pts',(2.05268458983451,-3.47148007206484,-0.767887912031457));
#8551=CARTESIAN_POINT('Ctrl Pts',(2.48162358428912,-3.17900086420955,-0.742053972985934));
#8552=CARTESIAN_POINT('Ctrl Pts',(3.21962671658704,-2.43314419071064,-0.692470761481138));
#8553=CARTESIAN_POINT('Ctrl Pts',(3.5157780637803,-1.98125972957481,-0.665379024334788));
#8554=CARTESIAN_POINT('Ctrl Pts',(3.90308154541722,-1.01226815218497,-0.61212402258485));
#8555=CARTESIAN_POINT('Ctrl Pts',(3.99999999567636,-0.508375591455129,-0.586471235390511));
#8556=CARTESIAN_POINT('Ctrl Pts',(4.,-3.40193193060223E-8,-0.562500001604102));
#8557=CARTESIAN_POINT('Ctrl Pts',(4.,-1.04083408558608E-14,-0.406249999999994));
#8558=CARTESIAN_POINT('Ctrl Pts',(4.,-0.271841096046061,-0.419068016814149));
#8559=CARTESIAN_POINT('Ctrl Pts',(3.97229176583089,-0.5435739885636,-0.432422107998291));
#8560=CARTESIAN_POINT('Ctrl Pts',(3.81042692274608,-1.32535395686808,-0.472446495602921));
#8561=CARTESIAN_POINT('Ctrl Pts',(3.60364419196538,-1.8137444934237,-0.499514108647216));
#8562=CARTESIAN_POINT('Ctrl Pts',(3.01916896385727,-2.67384502416,-0.551485624163153));
#8563=CARTESIAN_POINT('Ctrl Pts',(2.65051762176863,-3.03966848113539,-0.575014704909228));
#8564=CARTESIAN_POINT('Ctrl Pts',(1.78629455547504,-3.61726794839265,-0.627046316526784));
#8565=CARTESIAN_POINT('Ctrl Pts',(1.29675917429906,-3.8201951719196,-0.654092609105367));
#8566=CARTESIAN_POINT('Ctrl Pts',(0.276939853877555,-4.02350089342101,-0.70615056527789));
#8567=CARTESIAN_POINT('Ctrl Pts',(-0.242837628919908,-4.02570308761975,
-0.729698414249472));
#8568=CARTESIAN_POINT('Ctrl Pts',(-1.26393176257851,-3.83112416843396,-0.781646035833925));
#8569=CARTESIAN_POINT('Ctrl Pts',(-1.75479802950341,-3.63259072817553,-0.808669267067909));
#8570=CARTESIAN_POINT('Ctrl Pts',(-2.62443016171646,-3.06236563304072,-0.860811899548359));
#8571=CARTESIAN_POINT('Ctrl Pts',(-2.99679945851926,-2.69905741047665,-0.884388641650835));
#8572=CARTESIAN_POINT('Ctrl Pts',(-3.58803524725417,-1.84407200468633,-0.936251007881792));
#8573=CARTESIAN_POINT('Ctrl Pts',(-3.79849978147125,-1.35867190075458,-0.963249524450277));
#8574=CARTESIAN_POINT('Ctrl Pts',(-4.0185907380408,-0.342257466516236,-1.01547476797957));
#8575=CARTESIAN_POINT('Ctrl Pts',(-4.02919315419886,0.17836943925099,-1.03909040556941));
#8576=CARTESIAN_POINT('Ctrl Pts',(-3.85073385874933,1.20250303063583,-1.09086650911341));
#8577=CARTESIAN_POINT('Ctrl Pts',(-3.66043185633944,1.69569770037558,-1.1178387603436));
#8578=CARTESIAN_POINT('Ctrl Pts',(-3.10446519701795,2.57469088640882,-1.17014430585681));
#8579=CARTESIAN_POINT('Ctrl Pts',(-2.74647566129923,2.9535758762238,-1.19380853683569));
#8580=CARTESIAN_POINT('Ctrl Pts',(-1.90072178166864,3.55822888285661,-1.24549766756356));
#8581=CARTESIAN_POINT('Ctrl Pts',(-1.4195202534325,3.77606693607954,-1.27244222437851));
#8582=CARTESIAN_POINT('Ctrl Pts',(-0.406615282881336,4.01272418896793,-1.32482554801499));
#8583=CARTESIAN_POINT('Ctrl Pts',(0.1148519744616,4.03163764121231,-1.3485476475234));
#8584=CARTESIAN_POINT('Ctrl Pts',(1.1418582293257,3.86904036696662,-1.40014939954255));
#8585=CARTESIAN_POINT('Ctrl Pts',(1.6372094064358,3.68684663288338,-1.42706497110505));
#8586=CARTESIAN_POINT('Ctrl Pts',(2.52528012644658,3.14496923455156,-1.47952336514662));
#8587=CARTESIAN_POINT('Ctrl Pts',(2.91057210979835,2.79221102299616,-1.50331207791159));
#8588=CARTESIAN_POINT('Ctrl Pts',(3.52826537322497,1.95556690192227,-1.55482635227492));
#8589=CARTESIAN_POINT('Ctrl Pts',(3.75322615440745,1.47856927548408,-1.58171179993409));
#8590=CARTESIAN_POINT('Ctrl Pts',(3.95992083713303,0.653332837055296,-1.62466085627286));
#8591=CARTESIAN_POINT('Ctrl Pts',(4.00000000000001,0.326943251274379,-1.64083377282513));
#8592=CARTESIAN_POINT('Ctrl Pts',(4.,-7.32053306862213E-14,-1.65625));
#8593=CARTESIAN_POINT('Origin',(0.,-2.81892564846231E-15,-19.));
#8594=CARTESIAN_POINT('',(4.,-6.64505820862315E-15,-3.0625));
#8595=CARTESIAN_POINT('',(4.,-1.393567417071E-13,-2.90625000000001));
#8596=CARTESIAN_POINT('',(4.,-3.30878436812125E-15,-19.));
#8597=CARTESIAN_POINT('Ctrl Pts',(4.,-9.98133204912504E-15,-3.0625));
#8598=CARTESIAN_POINT('Ctrl Pts',(4.,0.040996747048466,-3.06056689643091));
#8599=CARTESIAN_POINT('Ctrl Pts',(3.99936972800305,0.0820176298243047,-3.05862034479935));
#8600=CARTESIAN_POINT('Ctrl Pts',(3.98169277261768,0.65638023071896,-3.03119239682699));
#8601=CARTESIAN_POINT('Ctrl Pts',(3.85872906486413,1.1810311737529,-3.00405210132039));
#8602=CARTESIAN_POINT('Ctrl Pts',(3.42263998121875,2.13288871687249,-2.95065217019359));
#8603=CARTESIAN_POINT('Ctrl Pts',(3.12088204086468,2.55414397836458,-2.92539710490736));
#8604=CARTESIAN_POINT('Ctrl Pts',(2.35994834515054,3.27345522045747,-2.87546804845516));
#8605=CARTESIAN_POINT('Ctrl Pts',(1.90263171863019,3.55875942993068,-2.84833202869896));
#8606=CARTESIAN_POINT('Ctrl Pts',(0.921918896184007,3.92604624812186,-2.79491529012603));
#8607=CARTESIAN_POINT('Ctrl Pts',(0.41079414823374,4.01184410819683,-2.76960134594151));
#8608=CARTESIAN_POINT('Ctrl Pts',(-0.636187447484498,3.98500614318775,-2.71970925350113));
#8609=CARTESIAN_POINT('Ctrl Pts',(-1.16172804835709,3.86462234982103,-2.69257739725951));
#8610=CARTESIAN_POINT('Ctrl Pts',(-2.11614170607754,3.43304671844743,-2.63914509202599));
#8611=CARTESIAN_POINT('Ctrl Pts',(-2.53900834015762,3.1332359765983,-2.61377524313789));
#8612=CARTESIAN_POINT('Ctrl Pts',(-3.26226251382963,2.37545481692707,-2.56391782660155));
#8613=CARTESIAN_POINT('Ctrl Pts',(-3.54985748830653,1.91926090024476,-2.53679000403898));
#8614=CARTESIAN_POINT('Ctrl Pts',(-3.92181602672592,0.939847416904066,-2.48334328815868));
#8615=CARTESIAN_POINT('Ctrl Pts',(-4.00996518733217,0.428944344765535,-2.45792047738217));
#8616=CARTESIAN_POINT('Ctrl Pts',(-3.98781371861566,-0.618554036418425,
-2.4080955502897));
#8617=CARTESIAN_POINT('Ctrl Pts',(-3.86968575197135,-1.14486098158643,-2.38097161803111));
#8618=CARTESIAN_POINT('Ctrl Pts',(-3.4420557699571,-2.10149739944403,-2.32751156732279));
#8619=CARTESIAN_POINT('Ctrl Pts',(-3.14394336504297,-2.52576996957133,-2.3020386863603));
#8620=CARTESIAN_POINT('Ctrl Pts',(-2.38891694762584,-3.25245443930289,-2.25224416513745));
#8621=CARTESIAN_POINT('Ctrl Pts',(-1.93370984203485,-3.54204127097127,-2.2251239698313));
#8622=CARTESIAN_POINT('Ctrl Pts',(-0.955437253411717,-3.91806845021463,
-2.17165158447202));
#8623=CARTESIAN_POINT('Ctrl Pts',(-0.444726871172383,-4.00826498628664,
-2.14613145762152));
#8624=CARTESIAN_POINT('Ctrl Pts',(0.603212928420124,-3.99019135592216,-2.09636536177989));
#8625=CARTESIAN_POINT('Ctrl Pts',(1.13017860601987,-3.87402817009216,-2.06924874319402));
#8626=CARTESIAN_POINT('Ctrl Pts',(2.08874176285733,-3.44983424482571,-2.01576495219998));
#8627=CARTESIAN_POINT('Ctrl Pts',(2.51423664691701,-3.15319792454896,-1.9902003231909));
#8628=CARTESIAN_POINT('Ctrl Pts',(3.24389584420921,-2.4005695253783,-1.94046077463627));
#8629=CARTESIAN_POINT('Ctrl Pts',(3.53520914177397,-1.94622576602101,-1.91334756832017));
#8630=CARTESIAN_POINT('Ctrl Pts',(3.90807040433827,-0.986194874059138,-1.86079716085462));
#8631=CARTESIAN_POINT('Ctrl Pts',(4.,-0.495122578623223,-1.8358463211787));
#8632=CARTESIAN_POINT('Ctrl Pts',(4.,-1.52655665885959E-14,-1.8125));
#8633=CARTESIAN_POINT('Ctrl Pts',(4.,-7.30318583386236E-14,-1.65625));
#8634=CARTESIAN_POINT('Ctrl Pts',(4.,-0.188973899431931,-1.6651606123231));
#8635=CARTESIAN_POINT('Ctrl Pts',(3.98660940752111,-0.37810794459492,-1.67434031089849));
#8636=CARTESIAN_POINT('Ctrl Pts',(3.88508773733709,-1.08837164141532,-1.70981394214901));
#8637=CARTESIAN_POINT('Ctrl Pts',(3.70778420377044,-1.59083859728221,-1.73696952955731));
#8638=CARTESIAN_POINT('Ctrl Pts',(3.17604300668958,-2.48508412117813,-1.78952110902922));
#8639=CARTESIAN_POINT('Ctrl Pts',(2.8317074181487,-2.87129307047507,-1.81318255111148));
#8640=CARTESIAN_POINT('Ctrl Pts',(2.00374285345285,-3.50198367885092,-1.86454141614329));
#8641=CARTESIAN_POINT('Ctrl Pts',(1.52442444694718,-3.7356355309521,-1.8917060421156));
#8642=CARTESIAN_POINT('Ctrl Pts',(0.517745408452968,-3.99933580106731,-1.9443239807446));
#8643=CARTESIAN_POINT('Ctrl Pts',(0.00154688274816163,-4.03270892931725,
-1.96803821416743));
#8644=CARTESIAN_POINT('Ctrl Pts',(-1.03111611643976,-3.90077955607961,-2.01930771399629));
#8645=CARTESIAN_POINT('Ctrl Pts',(-1.53687612044524,-3.73058401499393,-2.04647974919281));
#8646=CARTESIAN_POINT('Ctrl Pts',(-2.43909903536023,-3.21145287912124,-2.09916119320344));
#8647=CARTESIAN_POINT('Ctrl Pts',(-2.83003903260555,-2.87289170882114,-2.12293486144414));
#8648=CARTESIAN_POINT('Ctrl Pts',(-3.47299391822405,-2.05377488453932,-2.17411606909976));
#8649=CARTESIAN_POINT('Ctrl Pts',(-3.71379571849733,-1.57713642753484,-2.2012939758873));
#8650=CARTESIAN_POINT('Ctrl Pts',(-3.99166917337681,-0.573696003844271,
-2.25403602539485));
#8651=CARTESIAN_POINT('Ctrl Pts',(-4.0322638938507,-0.0582122738804986,
-2.27787498525489));
#8652=CARTESIAN_POINT('Ctrl Pts',(-3.91484743156457,0.976746211593825,-2.32896926795823));
#8653=CARTESIAN_POINT('Ctrl Pts',(-3.75142842416427,1.4855317509633,-2.35615161086615));
#8654=CARTESIAN_POINT('Ctrl Pts',(-3.24428351064547,2.39522818714145,-2.40895134499472));
#8655=CARTESIAN_POINT('Ctrl Pts',(-2.91116152413986,2.79063063777476,-2.43286064460815));
#8656=CARTESIAN_POINT('Ctrl Pts',(-2.10045503862814,3.44507272771764,-2.48386964231068));
#8657=CARTESIAN_POINT('Ctrl Pts',(-1.62643191638133,3.69257489409718,-2.51105509576744));
#8658=CARTESIAN_POINT('Ctrl Pts',(-0.626125013719204,3.98377081131819,-2.56390959592688));
#8659=CARTESIAN_POINT('Ctrl Pts',(-0.111306868412142,4.03113584326566,-2.58789346885602));
#8660=CARTESIAN_POINT('Ctrl Pts',(0.925708869084413,3.92732251951048,-2.63881907005942));
#8661=CARTESIAN_POINT('Ctrl Pts',(1.43724534910688,3.77028833076873,-2.66600642350591));
#8662=CARTESIAN_POINT('Ctrl Pts',(2.35386953982628,3.27440868526128,-2.71891279456727));
#8663=CARTESIAN_POINT('Ctrl Pts',(2.75343700557865,2.9463565596489,-2.74297466874389));
#8664=CARTESIAN_POINT('Ctrl Pts',(3.41852712614315,2.14355316871586,-2.79381898426878));
#8665=CARTESIAN_POINT('Ctrl Pts',(3.67224137823464,1.67204576593876,-2.821007144789));
#8666=CARTESIAN_POINT('Ctrl Pts',(3.94176765707171,0.786621535329393,-2.86802139214892));
#8667=CARTESIAN_POINT('Ctrl Pts',(4.00000000000003,0.394085425894686,-2.88766784414201));
#8668=CARTESIAN_POINT('Ctrl Pts',(4.,-2.76306755253586E-13,-2.90625000000001));
#8669=CARTESIAN_POINT('Origin',(0.,-2.81892564846231E-15,-19.));
#8670=CARTESIAN_POINT('',(4.,7.83945532087816E-14,-4.31249999999999));
#8671=CARTESIAN_POINT('',(4.,-7.46408856498526E-14,-4.15625));
#8672=CARTESIAN_POINT('',(4.,-3.30878436812125E-15,-19.));
#8673=CARTESIAN_POINT('Ctrl Pts',(4.,1.60097890785684E-13,-4.31249999999999));
#8674=CARTESIAN_POINT('Ctrl Pts',(4.,0.0789461084952567,-4.30877748504246));
#8675=CARTESIAN_POINT('Ctrl Pts',(3.99766285743275,0.157965964561332,-4.30500584537881));
#8676=CARTESIAN_POINT('Ctrl Pts',(3.96145673518318,0.768077124853443,-4.27553036178541));
#8677=CARTESIAN_POINT('Ctrl Pts',(3.82428637978063,1.28757259073199,-4.24835568688858));
#8678=CARTESIAN_POINT('Ctrl Pts',(3.36331700139129,2.22508008165068,-4.19514645490046));
#8679=CARTESIAN_POINT('Ctrl Pts',(3.05073512631959,2.63739063781759,-4.17046358358107));
#8680=CARTESIAN_POINT('Ctrl Pts',(2.27239957705603,3.33459583003994,-4.12014574312538));
#8681=CARTESIAN_POINT('Ctrl Pts',(1.80901715318897,3.6070363673999,-4.09297494879676));
#8682=CARTESIAN_POINT('Ctrl Pts',(0.821254658496721,3.94822978768226,-4.03973543646528));
#8683=CARTESIAN_POINT('Ctrl Pts',(0.308882255088271,4.02088223916368,-4.01497246032371));
#8684=CARTESIAN_POINT('Ctrl Pts',(-0.73501477031717,3.96778484625889,-3.96471293396903));
#8685=CARTESIAN_POINT('Ctrl Pts',(-1.25607776687743,3.83480833559856,-3.93754625694155));
#8686=CARTESIAN_POINT('Ctrl Pts',(-2.19787055699354,3.381189321907,-3.88427852372797));
#8687=CARTESIAN_POINT('Ctrl Pts',(-2.6128348703628,3.07182155998745,-3.85943746876853));
#8688=CARTESIAN_POINT('Ctrl Pts',(-3.31663696742107,2.29863085536111,-3.80923337536095));
#8689=CARTESIAN_POINT('Ctrl Pts',(-3.59291946418875,1.83701803444651,-3.78207098415812));
#8690=CARTESIAN_POINT('Ctrl Pts',(-3.9418821233453,0.851317969024368,-3.7287769778001));
#8691=CARTESIAN_POINT('Ctrl Pts',(-4.01845122203903,0.339318865620394,-3.70386014510524));
#8692=CARTESIAN_POINT('Ctrl Pts',(-3.97318737690451,-0.705532045916106,
-3.65370863951103));
#8693=CARTESIAN_POINT('Ctrl Pts',(-3.84395868551348,-1.22796336261296,-3.62655064221476));
#8694=CARTESIAN_POINT('Ctrl Pts',(-3.39690396735352,-2.17355059594585,-3.57323220000228));
#8695=CARTESIAN_POINT('Ctrl Pts',(-3.09039476969088,-2.59087679674899,-3.54824211268213));
#8696=CARTESIAN_POINT('Ctrl Pts',(-2.32179610793593,-3.30052313731805,-3.49814040069386));
#8697=CARTESIAN_POINT('Ctrl Pts',(-1.86177978558927,-3.58020716338153,-3.47098685244414));
#8698=CARTESIAN_POINT('Ctrl Pts',(-0.877936069289702,-3.9360651513044,-3.41764570339983));
#8699=CARTESIAN_POINT('Ctrl Pts',(-0.366266944346963,-4.01610831551377,
-3.39258505742197));
#8700=CARTESIAN_POINT('Ctrl Pts',(0.679405251092085,-3.97778628831226,-3.34253040853082));
#8701=CARTESIAN_POINT('Ctrl Pts',(1.20302597744944,-3.85188514570874,-3.31538131865357));
#8702=CARTESIAN_POINT('Ctrl Pts',(2.15195479976321,-3.41065568909425,-3.2620190864432));
#8703=CARTESIAN_POINT('Ctrl Pts',(2.57137075732988,-3.10667415897778,-3.23689070568648));
#8704=CARTESIAN_POINT('Ctrl Pts',(3.28616651505126,-2.34214832925592,-3.18688046379936));
#8705=CARTESIAN_POINT('Ctrl Pts',(3.56884579952327,-1.88356115537034,-3.15973580248692));
#8706=CARTESIAN_POINT('Ctrl Pts',(3.91659170372035,-0.939902566546552,-3.10844792616689));
#8707=CARTESIAN_POINT('Ctrl Pts',(4.,-0.471624212836247,-3.08473831193306));
#8708=CARTESIAN_POINT('Ctrl Pts',(4.,-1.56819002228303E-14,-3.0625));
#8709=CARTESIAN_POINT('Ctrl Pts',(4.,-2.86645707170408E-13,-2.90625000000001));
#8710=CARTESIAN_POINT('Ctrl Pts',(3.99999999999999,-0.116583642989432,-2.91174722289171));
#8711=CARTESIAN_POINT('Ctrl Pts',(3.99490327942054,-0.233293498284609,-2.91734994234671));
#8712=CARTESIAN_POINT('Ctrl Pts',(3.93827930823528,-0.878316347438157,-2.94887038925398));
#8713=CARTESIAN_POINT('Ctrl Pts',(3.78719441436713,-1.39233066264446,-2.97605838192767));
#8714=CARTESIAN_POINT('Ctrl Pts',(3.30179015634278,-2.3153137738721,-3.02905999526735));
#8715=CARTESIAN_POINT('Ctrl Pts',(2.97841727905048,-2.71873023291902,-3.05328505553571));
#8716=CARTESIAN_POINT('Ctrl Pts',(2.18296039140473,-3.3935953750499,-3.10397388265619));
#8717=CARTESIAN_POINT('Ctrl Pts',(1.71384031537303,-3.65301199605678,-3.13116084888557));
#8718=CARTESIAN_POINT('Ctrl Pts',(0.719348758089146,-3.96800695191165,-3.1842059653136));
#8719=CARTESIAN_POINT('Ctrl Pts',(0.205704689988279,-4.02742955965551,-3.20851475367052));
#8720=CARTESIAN_POINT('Ctrl Pts',(-0.834749228765781,-3.94782317363171,
-3.25912968233662));
#8721=CARTESIAN_POINT('Ctrl Pts',(-1.35097674030291,-3.80222469566716,-3.28631487643012));
#8722=CARTESIAN_POINT('Ctrl Pts',(-2.27974398121134,-3.32646483585208,-3.33940085942044));
#8723=CARTESIAN_POINT('Ctrl Pts',(-2.68668458292922,-3.00737128476446,-3.36379390703436));
#8724=CARTESIAN_POINT('Ctrl Pts',(-3.37044353169925,-2.2186750920097,-3.41433765691543));
#8725=CARTESIAN_POINT('Ctrl Pts',(-3.63504702147398,-1.75179217636974,-3.44152044122701));
#8726=CARTESIAN_POINT('Ctrl Pts',(-3.9604511700713,-0.759932796608434,-3.4946447481642));
#8727=CARTESIAN_POINT('Ctrl Pts',(-4.02513495872062,-0.246796473349181,
-3.51912198531589));
#8728=CARTESIAN_POINT('Ctrl Pts',(-3.95607848895366,0.795067715041268,-3.56959735882234));
#8729=CARTESIAN_POINT('Ctrl Pts',(-3.8154915387914,1.31325749834465,-3.5967771977461));
#8730=CARTESIAN_POINT('Ctrl Pts',(-3.34852968678464,2.24724274284161,-3.6499373871275));
#8731=CARTESIAN_POINT('Ctrl Pts',(-3.03331681098115,2.65738254388671,-3.67449820234066));
#8732=CARTESIAN_POINT('Ctrl Pts',(-2.25078478807483,3.34916777214943,-3.72490805880461));
#8733=CARTESIAN_POINT('Ctrl Pts',(-1.78597421724957,3.61845018736541,-3.75208451191471));
#8734=CARTESIAN_POINT('Ctrl Pts',(-0.796543187067338,3.95327169151406,-3.80527824856016));
#8735=CARTESIAN_POINT('Ctrl Pts',(-0.283863372235946,4.02270986462663,-3.82992154945821));
#8736=CARTESIAN_POINT('Ctrl Pts',(0.75922857966984,3.96317834959186,-3.88026878094509));
#8737=CARTESIAN_POINT('Ctrl Pts',(1.27914700158857,3.8271294672724,-3.9074414955514));
#8738=CARTESIAN_POINT('Ctrl Pts',(2.21780452278713,3.36812619219105,-3.96066655401199));
#8739=CARTESIAN_POINT('Ctrl Pts',(2.63082586552732,3.05640543478004,-3.98539082837442));
#8740=CARTESIAN_POINT('Ctrl Pts',(3.32980112648743,2.27944633358447,-4.03567833736809));
#8741=CARTESIAN_POINT('Ctrl Pts',(3.6032727550768,1.81653534630475,-4.06284704073238));
#8742=CARTESIAN_POINT('Ctrl Pts',(3.92515364171381,0.890853652086272,-4.1127820834523));
#8743=CARTESIAN_POINT('Ctrl Pts',(4.00000000000002,0.446769142372755,-4.13518366947722));
#8744=CARTESIAN_POINT('Ctrl Pts',(4.,-1.45439216225896E-13,-4.15625));
#8745=CARTESIAN_POINT('Origin',(0.,-2.81892564846231E-15,-19.));
#8746=CARTESIAN_POINT('',(4.,1.28380479575161E-13,-5.56249999999999));
#8747=CARTESIAN_POINT('',(4.,-6.57823834208011E-15,-5.40624999999999));
#8748=CARTESIAN_POINT('',(4.,-3.30878436812125E-15,-19.));
#8749=CARTESIAN_POINT('Ctrl Pts',(4.,2.62151411689615E-13,-5.56249999999999));
#8750=CARTESIAN_POINT('Ctrl Pts',(4.,0.137220656461535,-5.55602968808853));
#8751=CARTESIAN_POINT('Ctrl Pts',(3.99293927532262,0.27458959959468,-5.54941447929482));
#8752=CARTESIAN_POINT('Ctrl Pts',(3.92426535623709,0.938486130267881,-5.51676873852432));
#8753=CARTESIAN_POINT('Ctrl Pts',(3.76563057540431,1.44934196737156,-5.48958221760272));
#8754=CARTESIAN_POINT('Ctrl Pts',(3.26692923530948,2.36423962805611,-5.436702145714));
#8755=CARTESIAN_POINT('Ctrl Pts',(2.93761096255453,2.7627664108882,-5.41268073859154));
#8756=CARTESIAN_POINT('Ctrl Pts',(2.13282823175142,3.42520276595931,-5.36179492338569));
#8757=CARTESIAN_POINT('Ctrl Pts',(1.66068558821586,3.67736878862729,-5.33460704846252));
#8758=CARTESIAN_POINT('Ctrl Pts',(0.662617408801095,3.97786320362296,-5.28167649865955));
#8759=CARTESIAN_POINT('Ctrl Pts',(0.148260228065564,4.02994444189248,-5.25757570889158));
#8760=CARTESIAN_POINT('Ctrl Pts',(-0.890134631074901,3.93560326210611,-5.20677008131693));
#8761=CARTESIAN_POINT('Ctrl Pts',(-1.4035379243188,3.78303295101926,-5.17958188786765));
#8762=CARTESIAN_POINT('Ctrl Pts',(-2.32494189345296,3.295014986878,-5.1266036862495));
#8763=CARTESIAN_POINT('Ctrl Pts',(-2.72740009659217,2.97047768568589,-5.10242123865073));
#8764=CARTESIAN_POINT('Ctrl Pts',(-3.39983756088985,2.17318806042744,-5.05169340875354));
#8765=CARTESIAN_POINT('Ctrl Pts',(-3.65783807679026,1.70346810259167,-5.02450581483509));
#8766=CARTESIAN_POINT('Ctrl Pts',(-3.96999647390446,0.708268664923191,-4.97148272153822));
#8767=CARTESIAN_POINT('Ctrl Pts',(-4.02798416487409,0.1944856391145,-4.94721707094748));
#8768=CARTESIAN_POINT('Ctrl Pts',(-3.94549889864272,-0.845574195198747,
-4.89656449626174));
#8769=CARTESIAN_POINT('Ctrl Pts',(-3.79853568182519,-1.36125755959553,-4.86937830506966));
#8770=CARTESIAN_POINT('Ctrl Pts',(-3.32037810366661,-2.28859307184937,-4.81631300138388));
#8771=CARTESIAN_POINT('Ctrl Pts',(-3.00022317009837,-2.69465923131865,-4.79196328586092));
#8772=CARTESIAN_POINT('Ctrl Pts',(-2.20984650003611,-3.37621644509161,-4.7413832997277));
#8773=CARTESIAN_POINT('Ctrl Pts',(-1.74240397080891,-3.6395360653492,-4.71419920375216));
#8774=CARTESIAN_POINT('Ctrl Pts',(-0.749887261928034,-3.96236078061086,
-4.66109428158958));
#8775=CARTESIAN_POINT('Ctrl Pts',(-0.236625432664034,-4.02574145651775,
-4.63666026924331));
#8776=CARTESIAN_POINT('Ctrl Pts',(0.804894518594417,-3.95407281623933,-4.58615010846033));
#8777=CARTESIAN_POINT('Ctrl Pts',(1.32260309961886,-3.81224352167778,-4.55896869494026));
#8778=CARTESIAN_POINT('Ctrl Pts',(2.25530056298214,-3.34310161170643,-4.50582664854155));
#8779=CARTESIAN_POINT('Ctrl Pts',(2.66464899636346,-3.02692915141654,-4.48130867994783));
#8780=CARTESIAN_POINT('Ctrl Pts',(3.35445305848125,-2.24287002681892,-4.43086551130674));
#8781=CARTESIAN_POINT('Ctrl Pts',(3.62258076916694,-1.77754321024701,-4.40368726868585));
#8782=CARTESIAN_POINT('Ctrl Pts',(3.92988033072663,-0.862529592111097,-4.35454004508781));
#8783=CARTESIAN_POINT('Ctrl Pts',(4.,-0.432435238350838,-4.33289044955616));
#8784=CARTESIAN_POINT('Ctrl Pts',(4.,1.59178226155632E-13,-4.31249999999999));
#8785=CARTESIAN_POINT('Ctrl Pts',(4.,-1.45972986931584E-13,-4.15625));
#8786=CARTESIAN_POINT('Ctrl Pts',(4.,-0.0650065448921541,-4.15931522817034));
#8787=CARTESIAN_POINT('Ctrl Pts',(3.99841532468076,-0.130067037890532,-4.16241395082446));
#8788=CARTESIAN_POINT('Ctrl Pts',(3.96925645247477,-0.727105096007175,-4.19113536194485));
#8789=CARTESIAN_POINT('Ctrl Pts',(3.83728466925243,-1.24853791266374,-4.21829985337182));
#8790=CARTESIAN_POINT('Ctrl Pts',(3.38542580760278,-2.19135115718961,-4.27158132570325));
#8791=CARTESIAN_POINT('Ctrl Pts',(3.07682562158077,-2.60694952613744,-4.29646162854414));
#8792=CARTESIAN_POINT('Ctrl Pts',(2.30486647834266,-3.31232304468866,-4.34663834244559));
#8793=CARTESIAN_POINT('Ctrl Pts',(1.84368026844224,-3.58952036283274,-4.37379848543124));
#8794=CARTESIAN_POINT('Ctrl Pts',(0.858476634221038,-3.94033590947471,-4.42710527297183));
#8795=CARTESIAN_POINT('Ctrl Pts',(0.346566321253016,-4.01783872156651,-4.45206008135552));
#8796=CARTESIAN_POINT('Ctrl Pts',(-0.698507611693533,-3.974441232904,-4.50218565071616));
#8797=CARTESIAN_POINT('Ctrl Pts',(-1.22126084820855,-3.84610659942862,-4.52934136530296));
#8798=CARTESIAN_POINT('Ctrl Pts',(-2.16774842448301,-3.40061728572655,-4.58267168672799));
#8799=CARTESIAN_POINT('Ctrl Pts',(-2.58563676811767,-3.09478816785162,-4.60769838282458));
#8800=CARTESIAN_POINT('Ctrl Pts',(-3.29667028558334,-2.32728419703943,-4.65777557057801));
#8801=CARTESIAN_POINT('Ctrl Pts',(-3.5771613704272,-1.86765079431909,-4.68492682603526));
#8802=CARTESIAN_POINT('Ctrl Pts',(-3.93465774065281,-0.884251758857538,
-4.7382790068724));
#8803=CARTESIAN_POINT('Ctrl Pts',(-4.01552611908216,-0.372660863454324,
-4.76337482363674));
#8804=CARTESIAN_POINT('Ctrl Pts',(-3.97885206068696,0.673202999481042,-4.81340632325959));
#8805=CARTESIAN_POINT('Ctrl Pts',(-3.85374172034173,1.19710289167418,-4.84055313117763));
#8806=CARTESIAN_POINT('Ctrl Pts',(-3.41389629740286,2.14682210723345,-4.89392560058365));
#8807=CARTESIAN_POINT('Ctrl Pts',(-3.11051409253556,2.56673372803375,-4.91908766445083));
#8808=CARTESIAN_POINT('Ctrl Pts',(-2.34695561112597,3.2827478880239,-4.96907609026087));
#8809=CARTESIAN_POINT('Ctrl Pts',(-1.88870966914537,3.56613560247102,-4.99621849812179));
#8810=CARTESIAN_POINT('Ctrl Pts',(-0.906920180408997,3.92951999979767,-5.04960978516143));
#8811=CARTESIAN_POINT('Ctrl Pts',(-0.395609894083751,4.01335332822043,-5.07483515429833));
#8812=CARTESIAN_POINT('Ctrl Pts',(0.650931832009836,3.98259713501638,-5.12478303363287));
#8813=CARTESIAN_POINT('Ctrl Pts',(1.17582409401442,3.86032918721768,-5.15192111889683));
#8814=CARTESIAN_POINT('Ctrl Pts',(2.12837245901586,3.42545741542681,-5.2053298484553));
#8815=CARTESIAN_POINT('Ctrl Pts',(2.55006264969729,3.12422512330527,-5.23061554658413));
#8816=CARTESIAN_POINT('Ctrl Pts',(3.27043933429895,2.3641418310721,-5.2805253137178));
#8817=CARTESIAN_POINT('Ctrl Pts',(3.55636267064961,1.90712735859044,-5.30765917844469));
#8818=CARTESIAN_POINT('Ctrl Pts',(3.913446723097,0.957260980538171,-5.35942215392874));
#8819=CARTESIAN_POINT('Ctrl Pts',(4.,0.480430803335657,-5.38359643435166));
#8820=CARTESIAN_POINT('Ctrl Pts',(4.,-9.0205620750794E-15,-5.40624999999999));
#8821=CARTESIAN_POINT('Origin',(0.,-2.81892564846231E-15,-19.));
#8822=CARTESIAN_POINT('',(4.,1.8121455442075E-14,-6.8125));
#8823=CARTESIAN_POINT('',(4.,4.66000126849495E-15,-6.65624999999999));
#8824=CARTESIAN_POINT('',(4.,-3.30878436812125E-15,-19.));
#8825=CARTESIAN_POINT('Ctrl Pts',(4.,2.33840724561674E-14,-6.8125));
#8826=CARTESIAN_POINT('Ctrl Pts',(4.,0.222808127640338,-6.80199401555554));
#8827=CARTESIAN_POINT('Ctrl Pts',(3.98138556637825,0.445718065849618,-6.79111966732049));
#8828=CARTESIAN_POINT('Ctrl Pts',(3.85690707857561,1.18243390745487,-6.75395037309742));
#8829=CARTESIAN_POINT('Ctrl Pts',(3.66929031665089,1.67635774999495,-6.72699618557077));
#8830=CARTESIAN_POINT('Ctrl Pts',(3.11798451659749,2.5583727817727,-6.67463918455538));
#8831=CARTESIAN_POINT('Ctrl Pts',(2.76172804245449,2.93938065843292,-6.65093790307122));
#8832=CARTESIAN_POINT('Ctrl Pts',(1.9189891536935,3.54837117944914,-6.59930621995008));
#8833=CARTESIAN_POINT('Ctrl Pts',(1.43917246736288,3.76858335910087,-6.57238059238672));
#8834=CARTESIAN_POINT('Ctrl Pts',(0.427436429593942,4.01060695657711,-6.51994757556251));
#8835=CARTESIAN_POINT('Ctrl Pts',(-0.0943031871874408,4.03221754984126,
-6.49618260774137));
#8836=CARTESIAN_POINT('Ctrl Pts',(-1.12221323673432,3.87474864703183,-6.44463840294986));
#8837=CARTESIAN_POINT('Ctrl Pts',(-1.61823307882419,3.69517765263577,-6.41774252747378));
#8838=CARTESIAN_POINT('Ctrl Pts',(-2.50921009971615,3.15786792281428,-6.36523630603976));
#8839=CARTESIAN_POINT('Ctrl Pts',(-2.89657269544853,2.8068011024914,-6.34139930845839));
#8840=CARTESIAN_POINT('Ctrl Pts',(-3.51844803268972,1.97310754344154,-6.28994247966225));
#8841=CARTESIAN_POINT('Ctrl Pts',(-3.74568348560966,1.49748383529628,-6.26307738865229));
#8842=CARTESIAN_POINT('Ctrl Pts',(-4.00367903297117,0.489320973020132,-6.21050090422749));
#8843=CARTESIAN_POINT('Ctrl Pts',(-4.03333312596501,-0.0332288137972944,
-6.18658421236394));
#8844=CARTESIAN_POINT('Ctrl Pts',(-3.89110015702479,-1.06375227432912,-6.13521435526043));
#8845=CARTESIAN_POINT('Ctrl Pts',(-3.71932317757909,-1.56167644758209,-6.10838091245679));
#8846=CARTESIAN_POINT('Ctrl Pts',(-3.19561943366351,-2.4612050240564,-6.05573720478136));
#8847=CARTESIAN_POINT('Ctrl Pts',(-2.84957923822331,-2.85471707749857,-6.03173390168901));
#8848=CARTESIAN_POINT('Ctrl Pts',(-2.02466623227229,-3.48892037241455,-5.98045031845344));
#8849=CARTESIAN_POINT('Ctrl Pts',(-1.55316510325198,-3.72283253701366,-5.95364921327856));
#8850=CARTESIAN_POINT('Ctrl Pts',(-0.548564530307848,-3.99615282631696,
-5.90094138872245));
#8851=CARTESIAN_POINT('Ctrl Pts',(-0.0252393197958817,-4.03354915799212,
-5.87684535676072));
#8852=CARTESIAN_POINT('Ctrl Pts',(1.00768504283528,-3.90589679048335,-5.82564706823184));
#8853=CARTESIAN_POINT('Ctrl Pts',(1.50731663106214,-3.74157949511251,-5.79887881331274));
#8854=CARTESIAN_POINT('Ctrl Pts',(2.41491224765169,-3.23094665818013,-5.74611001480388));
#8855=CARTESIAN_POINT('Ctrl Pts',(2.81430651574877,-2.88972123140895,-5.7219159701679));
#8856=CARTESIAN_POINT('Ctrl Pts',(3.4601739075093,-2.07323106443043,-5.67080173137055));
#8857=CARTESIAN_POINT('Ctrl Pts',(3.70036211040976,-1.60573004968001,-5.64406666314723));
#8858=CARTESIAN_POINT('Ctrl Pts',(3.94775595524154,-0.745356825153758,-5.59866591017483));
#8859=CARTESIAN_POINT('Ctrl Pts',(4.00000000000001,-0.373275284434674,-5.58010090340199));
#8860=CARTESIAN_POINT('Ctrl Pts',(4.,2.61943244872498E-13,-5.56249999999999));
#8861=CARTESIAN_POINT('Ctrl Pts',(4.,-9.84769231603896E-15,-5.40624999999999));
#8862=CARTESIAN_POINT('Ctrl Pts',(4.,-0.0325381015522256,-5.40778425636838));
#8863=CARTESIAN_POINT('Ctrl Pts',(3.99960297815913,-0.0650919966313429,
-5.4093270117756));
#8864=CARTESIAN_POINT('Ctrl Pts',(3.98577266660915,-0.631422686885052,-5.43630110444647));
#8865=CARTESIAN_POINT('Ctrl Pts',(3.86599815746741,-1.15717133246375,-5.46343087045618));
#8866=CARTESIAN_POINT('Ctrl Pts',(3.43548829063467,-2.11218646616651,-5.51687072113761));
#8867=CARTESIAN_POINT('Ctrl Pts',(3.13613664418979,-2.53543310822414,-5.54226815406965));
#8868=CARTESIAN_POINT('Ctrl Pts',(2.37909968344694,-3.25961536593367,-5.59210860632654));
#8869=CARTESIAN_POINT('Ctrl Pts',(1.92317182867977,-3.54774934905241,-5.61923441088828));
#8870=CARTESIAN_POINT('Ctrl Pts',(0.944066054752397,-3.92080828369867,-5.67268810958085));
#8871=CARTESIAN_POINT('Ctrl Pts',(0.433215130211336,-4.0095112068578,-5.69813701074924));
#8872=CARTESIAN_POINT('Ctrl Pts',(-0.614403429166421,-3.98846295861727,
-5.74794605728213));
#8873=CARTESIAN_POINT('Ctrl Pts',(-1.14088933042068,-3.87086636983633,-5.77506804931313));
#8874=CARTESIAN_POINT('Ctrl Pts',(-2.0980476837047,-3.44416571900878,-5.82853455963861));
#8875=CARTESIAN_POINT('Ctrl Pts',(-2.52265103276061,-3.14645280738298,-5.85403207015254));
#8876=CARTESIAN_POINT('Ctrl Pts',(-3.25014120872119,-2.39207505617894,-5.9038117415211));
#8877=CARTESIAN_POINT('Ctrl Pts',(-3.54019573487785,-1.93710109182646,-5.93093007826764));
#8878=CARTESIAN_POINT('Ctrl Pts',(-3.91717913492256,-0.959097897408913,
-5.9844084371749));
#8879=CARTESIAN_POINT('Ctrl Pts',(-4.00785680261491,-0.448432753767274,
-6.00995177268415));
#8880=CARTESIAN_POINT('Ctrl Pts',(-3.99074105985069,0.599609624065086,-6.05970399661518));
#8881=CARTESIAN_POINT('Ctrl Pts',(-3.87503965760965,1.12672894732557,-6.08681884078404));
#8882=CARTESIAN_POINT('Ctrl Pts',(-3.4516532489453,2.08574370487532,-6.14030815412109));
#8883=CARTESIAN_POINT('Ctrl Pts',(-3.15536343963089,2.51152557480049,-6.16589461649665));
#8884=CARTESIAN_POINT('Ctrl Pts',(-2.40329847506019,3.24188218469397,-6.21562121897996));
#8885=CARTESIAN_POINT('Ctrl Pts',(-1.94915814447937,3.53360012539947,-6.24273273628493));
#8886=CARTESIAN_POINT('Ctrl Pts',(-0.972117765330111,3.91398722759302,-6.29623217449825));
#8887=CARTESIAN_POINT('Ctrl Pts',(-0.461613508308852,4.00637737130962,-6.32185916086636));
#8888=CARTESIAN_POINT('Ctrl Pts',(0.586790414614661,3.99266973880241,-6.37156186793812));
#8889=CARTESIAN_POINT('Ctrl Pts',(1.11445303420851,3.87861210853373,-6.39867022502503));
#8890=CARTESIAN_POINT('Ctrl Pts',(2.07507149892057,3.4580999822027,-6.45217901901145));
#8891=CARTESIAN_POINT('Ctrl Pts',(2.5018740315456,3.16304236456308,-6.47784402845035));
#8892=CARTESIAN_POINT('Ctrl Pts',(3.23470783297712,2.41298248605004,-6.52752446854272));
#8893=CARTESIAN_POINT('Ctrl Pts',(3.52786267667441,1.95956786512538,-6.55462983125584));
#8894=CARTESIAN_POINT('Ctrl Pts',(3.90618979343524,0.996107777915333,-6.60744868918765));
#8895=CARTESIAN_POINT('Ctrl Pts',(4.,0.500159728667271,-6.63266616405661));
#8896=CARTESIAN_POINT('Ctrl Pts',(4.,1.76247905159244E-14,-6.65624999999999));
#8897=CARTESIAN_POINT('Origin',(0.,-2.81892564846231E-15,-19.));
#8898=CARTESIAN_POINT('',(4.,-4.36520475374591E-14,-8.06250000000001));
#8899=CARTESIAN_POINT('',(4.,1.05638836676647E-8,-7.90624999900376));
#8900=CARTESIAN_POINT('',(4.,-3.30878436812125E-15,-19.));
#8901=CARTESIAN_POINT('Ctrl Pts',(4.,-8.2572837456496E-14,-8.06250000000001));
#8902=CARTESIAN_POINT('Ctrl Pts',(4.00000000000001,0.306742491458208,-8.04803629134698));
#8903=CARTESIAN_POINT('Ctrl Pts',(3.96472053357763,0.613113886148104,-8.03290102879608));
#8904=CARTESIAN_POINT('Ctrl Pts',(3.77417382591611,1.42582987695169,-7.99085773436215));
#8905=CARTESIAN_POINT('Ctrl Pts',(3.55385544273952,1.90984518504677,-7.96373205654231));
#8906=CARTESIAN_POINT('Ctrl Pts',(2.94606686044378,2.75397130647903,-7.91205843714756));
#8907=CARTESIAN_POINT('Ctrl Pts',(2.56860817473001,3.10900602494554,-7.88851880208808));
#8908=CARTESIAN_POINT('Ctrl Pts',(1.68924996951428,3.66379303602177,-7.836219084973));
#8909=CARTESIAN_POINT('Ctrl Pts',(1.19309391126615,3.8540220321825,-7.80910862245274));
#8910=CARTESIAN_POINT('Ctrl Pts',(0.16792993687184,4.02936366212937,-7.7573448255663));
#8911=CARTESIAN_POINT('Ctrl Pts',(-0.350434518856737,4.01760702668521,-7.7338199855183));
#8912=CARTESIAN_POINT('Ctrl Pts',(-1.36617428236129,3.7960604630228,-7.68159812464805));
#8913=CARTESIAN_POINT('Ctrl Pts',(-1.85283649959306,3.58378485972564,-7.6545047237021));
#8914=CARTESIAN_POINT('Ctrl Pts',(-2.70650573486223,2.98983941460962,-7.60265149536844));
#8915=CARTESIAN_POINT('Ctrl Pts',(-3.06795845882172,2.61762160206943,-7.57913162332138));
#8916=CARTESIAN_POINT('Ctrl Pts',(-3.63636814337108,1.74725327448272,-7.52698973454659));
#8917=CARTESIAN_POINT('Ctrl Pts',(-3.83419257300307,1.25500603674885,-7.49991523480031));
#8918=CARTESIAN_POINT('Ctrl Pts',(-4.02621541402649,0.232981219778378,-7.44797365247149));
#8919=CARTESIAN_POINT('Ctrl Pts',(-4.02278079644542,-0.28622535388189,-7.4244486653361));
#8920=CARTESIAN_POINT('Ctrl Pts',(-3.81733816819665,-1.30520334617445,-7.37238864351967));
#8921=CARTESIAN_POINT('Ctrl Pts',(-3.61326383112657,-1.79442254290258,-7.34533485530123));
#8922=CARTESIAN_POINT('Ctrl Pts',(-3.03346340955481,-2.65766903147415,-7.29330630448185));
#8923=CARTESIAN_POINT('Ctrl Pts',(-2.66656765892596,-3.02564405986155,-7.26976601068951));
#8924=CARTESIAN_POINT('Ctrl Pts',(-1.80537636903217,-3.60774200380245,-7.21778949436529));
#8925=CARTESIAN_POINT('Ctrl Pts',(-1.31719052663607,-3.81316042012539,-7.19075817995134));
#8926=CARTESIAN_POINT('Ctrl Pts',(-0.298476665535531,-4.02199785835166,
-7.13864430772727));
#8927=CARTESIAN_POINT('Ctrl Pts',(0.221580422888862,-4.02696634752052,-7.11507859151222));
#8928=CARTESIAN_POINT('Ctrl Pts',(1.243690692998,-3.83770521285911,-7.06318691942239));
#8929=CARTESIAN_POINT('Ctrl Pts',(1.73534034439429,-3.64188613111963,-7.03617976438183));
#8930=CARTESIAN_POINT('Ctrl Pts',(2.60807575220676,-3.07635818041874,-6.98398254546376));
#8931=CARTESIAN_POINT('Ctrl Pts',(2.98259511887651,-2.7148050452223,-6.96038132891598));
#8932=CARTESIAN_POINT('Ctrl Pts',(3.57827578457167,-1.862862080937,-6.90857560773549));
#8933=CARTESIAN_POINT('Ctrl Pts',(3.79118786861077,-1.37883862718383,-6.88159420010665));
#8934=CARTESIAN_POINT('Ctrl Pts',(3.96821660237983,-0.582061063320724,-6.84056646700817));
#8935=CARTESIAN_POINT('Ctrl Pts',(4.,-0.291146943953946,-6.82622833790502));
#8936=CARTESIAN_POINT('Ctrl Pts',(4.,2.4980018054066E-14,-6.8125));
#8937=CARTESIAN_POINT('Ctrl Pts',(4.,2.41414243043056E-14,-6.65624999999999));
#8938=CARTESIAN_POINT('Ctrl Pts',(4.,-0.013679234920979,-6.65689501161072));
#8939=CARTESIAN_POINT('Ctrl Pts',(3.99992982948582,-0.0273614920817924,
-6.65754153624582));
#8940=CARTESIAN_POINT('Ctrl Pts',(3.99430259860786,-0.575712282712005,-6.68350761332698));
#8941=CARTESIAN_POINT('Ctrl Pts',(3.88166664219274,-1.10384024101809,-6.71061014528061));
#8942=CARTESIAN_POINT('Ctrl Pts',(3.46364025738236,-2.06584094044937,-6.76413556560072));
#8943=CARTESIAN_POINT('Ctrl Pts',(3.16964679179669,-2.49352511666131,-6.78986954773387));
#8944=CARTESIAN_POINT('Ctrl Pts',(2.42132043293544,-3.22849474058342,-6.83950996313556));
#8945=CARTESIAN_POINT('Ctrl Pts',(1.9685354454788,-3.52288798774392,-6.86660982455582));
#8946=CARTESIAN_POINT('Ctrl Pts',(0.993059034864669,-3.90875859025309,-6.92014261718841));
#8947=CARTESIAN_POINT('Ctrl Pts',(0.482813530086814,-4.00390723822312,-6.94590776932315));
#8948=CARTESIAN_POINT('Ctrl Pts',(-0.566161126022622,-3.995685213343,-6.9955302471795));
#8949=CARTESIAN_POINT('Ctrl Pts',(-1.09468718303783,-3.88427583189614,-7.02262759398341));
#8950=CARTESIAN_POINT('Ctrl Pts',(-2.05787687949409,-3.46839395409389,-7.07616719371242));
#8951=CARTESIAN_POINT('Ctrl Pts',(-2.4863208955261,-3.17531747246503,-7.10196145290355));
#8952=CARTESIAN_POINT('Ctrl Pts',(-3.22312831449266,-2.4284862651599,-7.15156726244352));
#8953=CARTESIAN_POINT('Ctrl Pts',(-3.51858678888661,-1.9762459677883,-7.17866224552477));
#8954=CARTESIAN_POINT('Ctrl Pts',(-3.90664398805421,-1.00139763578641,-7.23220812957835));
#8955=CARTESIAN_POINT('Ctrl Pts',(-4.00289251383025,-0.491255167720825,
-7.25802954292331));
#8956=CARTESIAN_POINT('Ctrl Pts',(-3.99685621250297,0.557943053852083,-7.30761987256133));
#8957=CARTESIAN_POINT('Ctrl Pts',(-3.88650284686364,1.08680935074657,-7.33471263725438));
#8958=CARTESIAN_POINT('Ctrl Pts',(-3.4724672080894,2.05102008616043,-7.38826432227774));
#8959=CARTESIAN_POINT('Ctrl Pts',(-3.18017937588352,2.4801176890371,-7.41411104509769));
#8960=CARTESIAN_POINT('Ctrl Pts',(-2.43463506914943,3.21850372395534,-7.46368700626147));
#8961=CARTESIAN_POINT('Ctrl Pts',(-1.98286479858006,3.51487691735481,-7.49077769195844));
#8962=CARTESIAN_POINT('Ctrl Pts',(-1.00855825519438,3.90481325419274,-7.54433473117306));
#8963=CARTESIAN_POINT('Ctrl Pts',(-0.498504274248716,4.00200696619328,-7.57020502449251));
#8964=CARTESIAN_POINT('Ctrl Pts',(0.550884252680892,3.99784827385943,-7.61976765547388));
#8965=CARTESIAN_POINT('Ctrl Pts',(1.08004110045996,3.88840242965301,-7.64685639537109));
#8966=CARTESIAN_POINT('Ctrl Pts',(2.04512736568187,3.47595337618595,-7.70041837591456));
#8967=CARTESIAN_POINT('Ctrl Pts',(2.474786215773,3.18434269534365,-7.72631060338735));
#8968=CARTESIAN_POINT('Ctrl Pts',(3.21452622037877,2.43990407708184,-7.77586087317578));
#8969=CARTESIAN_POINT('Ctrl Pts',(3.51168375062786,1.98853853115369,-7.80294779412924));
#8970=CARTESIAN_POINT('Ctrl Pts',(3.90202436756177,1.01770312654511,-7.85634905619119));
#8971=CARTESIAN_POINT('Ctrl Pts',(3.9999999986471,0.511139847292612,-7.88214842279382));
#8972=CARTESIAN_POINT('Ctrl Pts',(4.,1.05873602940232E-8,-7.90624999950077));
#8973=CARTESIAN_POINT('Origin',(0.,-2.81892564846231E-15,-19.));
#8974=CARTESIAN_POINT('',(4.,-1.57519296500577E-13,-9.31250000000002));
#8975=CARTESIAN_POINT('',(4.,-9.21416400417208E-9,-9.15625000086894));
#8976=CARTESIAN_POINT('',(4.,-3.30878436812125E-15,-19.));
#8977=CARTESIAN_POINT('Ctrl Pts',(4.,-3.19744231092045E-13,-9.31250000000002));
#8978=CARTESIAN_POINT('Ctrl Pts',(4.00000000000003,0.382074621375742,-9.29448418490696));
#8979=CARTESIAN_POINT('Ctrl Pts',(3.94526354412208,0.762811253019866,-9.27546238811621));
#8980=CARTESIAN_POINT('Ctrl Pts',(3.68718845663901,1.63866389819026,-9.22912312205969));
#8981=CARTESIAN_POINT('Ctrl Pts',(3.43802158786761,2.11202149612285,-9.20193653609186));
#8982=CARTESIAN_POINT('Ctrl Pts',(2.78072598651313,2.92062021310948,-9.15097119252895));
#8983=CARTESIAN_POINT('Ctrl Pts',(2.38421013342189,3.25238626217166,-9.12702355815394));
#8984=CARTESIAN_POINT('Ctrl Pts',(1.47265713342835,3.7565269848841,-9.07419495780006));
#8985=CARTESIAN_POINT('Ctrl Pts',(0.963129219727939,3.91824473077241,-9.04701083776976));
#8986=CARTESIAN_POINT('Ctrl Pts',(-0.0723873034994515,4.0320300609045,-8.99596116268052));
#8987=CARTESIAN_POINT('Ctrl Pts',(-0.587692950068601,3.98962833974531,-8.9720861728355));
#8988=CARTESIAN_POINT('Ctrl Pts',(-1.59030626837233,3.70820226734508,-8.91931373644361));
#8989=CARTESIAN_POINT('Ctrl Pts',(-2.06625641647195,3.46561170928725,-8.892133348541));
#8990=CARTESIAN_POINT('Ctrl Pts',(-2.88313937612807,2.81958974004499,-8.84099756945281));
#8991=CARTESIAN_POINT('Ctrl Pts',(-3.22025125792131,2.4274612978281,-8.81719060018419));
#8992=CARTESIAN_POINT('Ctrl Pts',(-3.73619881310472,1.52324304758089,-8.76447725021787));
#8993=CARTESIAN_POINT('Ctrl Pts',(-3.90459630576144,1.01666952249535,-8.73730197351362));
#8994=CARTESIAN_POINT('Ctrl Pts',(-4.03266705099058,-0.0166139962506463,
-8.68607857839717));
#8995=CARTESIAN_POINT('Ctrl Pts',(-3.99737389810677,-0.532622003306307,
-8.66233419207238));
#8996=CARTESIAN_POINT('Ctrl Pts',(-3.72990935378861,-1.53845040163389,-8.60968284236573));
#8997=CARTESIAN_POINT('Ctrl Pts',(-3.49435647290794,-2.01706735113443,-8.58251416245271));
#8998=CARTESIAN_POINT('Ctrl Pts',(-2.86040417905189,-2.84269206534984,-8.53120192268034));
#8999=CARTESIAN_POINT('Ctrl Pts',(-2.47294023987618,-3.18549513437476,-8.50751388147797));
#9000=CARTESIAN_POINT('Ctrl Pts',(-1.57657338015422,-3.71390128857973,-8.45492741304423));
#9001=CARTESIAN_POINT('Ctrl Pts',(-1.0732245013382,-3.88932720019626,-8.42776691301572));
#9002=CARTESIAN_POINT('Ctrl Pts',(-0.0424144903505859,-4.03251458945581,
-8.37636490328885));
#9003=CARTESIAN_POINT('Ctrl Pts',(0.474341825479916,-4.00474386802398,-8.35272619921385));
#9004=CARTESIAN_POINT('Ctrl Pts',(1.48345995691481,-3.75200978831739,-8.3002074343964));
#9005=CARTESIAN_POINT('Ctrl Pts',(1.9647792692577,-3.5239040557811,-8.27305678314198));
#9006=CARTESIAN_POINT('Ctrl Pts',(2.79951892137148,-2.90273371413864,-8.22156439777428));
#9007=CARTESIAN_POINT('Ctrl Pts',(3.1483149024438,-2.5201749933246,-8.19796729972644));
#9008=CARTESIAN_POINT('Ctrl Pts',(3.68971444325263,-1.6321198877239,-8.14551897509978));
#9009=CARTESIAN_POINT('Ctrl Pts',(3.87244580680318,-1.13225167600328,-8.11837991299655));
#9010=CARTESIAN_POINT('Ctrl Pts',(3.98435830632386,-0.408620220288719,-8.08207301115931));
#9011=CARTESIAN_POINT('Ctrl Pts',(4.,-0.20424235530314,-8.07213055984734));
#9012=CARTESIAN_POINT('Ctrl Pts',(4.,-8.08381139805192E-14,-8.06250000000001));
#9013=CARTESIAN_POINT('Ctrl Pts',(4.,1.05873620585157E-8,-7.90624999950077));
#9014=CARTESIAN_POINT('Ctrl Pts',(4.00000000000857,-0.00323698132342062,
-7.90640263211335));
#9015=CARTESIAN_POINT('Ctrl Pts',(3.99999607072358,-0.00647414957150406,
-7.90655534978474));
#9016=CARTESIAN_POINT('Ctrl Pts',(3.9986890073813,-0.544830211121823,-7.93196577104495));
#9017=CARTESIAN_POINT('Ctrl Pts',(3.89002185357976,-1.07423500639887,-7.95905099351652));
#9018=CARTESIAN_POINT('Ctrl Pts',(3.47893413165313,-2.04007109176188,-8.01262174152901));
#9019=CARTESIAN_POINT('Ctrl Pts',(3.18790403828628,-2.47021119887051,-8.03855332097847));
#9020=CARTESIAN_POINT('Ctrl Pts',(2.44441396325898,-3.2111110114328,-8.08808151697814));
#9021=CARTESIAN_POINT('Ctrl Pts',(1.99339626807247,-3.50894024445107,-8.11516515505641));
#9022=CARTESIAN_POINT('Ctrl Pts',(1.0199568401863,-3.90187064221497,-8.1687397852657));
#9023=CARTESIAN_POINT('Ctrl Pts',(0.510043735055836,-4.00057027740729,-8.194688969141));
#9024=CARTESIAN_POINT('Ctrl Pts',(-0.539644533793934,-3.99940172710329,
-8.2442073325243));
#9025=CARTESIAN_POINT('Ctrl Pts',(-1.06926079777256,-3.891401826594,-8.27128949400594));
#9026=CARTESIAN_POINT('Ctrl Pts',(-2.03573835690417,-3.48148060497819,-8.3248677059708));
#9027=CARTESIAN_POINT('Ctrl Pts',(-2.46629061924535,-3.19094769565443,-8.35083323077295));
#9028=CARTESIAN_POINT('Ctrl Pts',(-3.20818283290523,-2.44827028685985,-8.40034249027373));
#9029=CARTESIAN_POINT('Ctrl Pts',(-3.50658669692793,-1.99755108672869,-8.42742327679329));
#9030=CARTESIAN_POINT('Ctrl Pts',(-3.9006458060399,-1.02458851089585,-8.48099746732784));
#9031=CARTESIAN_POINT('Ctrl Pts',(-3.99999411822267,-0.514745574913,-8.50697828847848));
#9032=CARTESIAN_POINT('Ctrl Pts',(-4.00000611433765,0.535051536630131,-8.5564791951297));
#9033=CARTESIAN_POINT('Ctrl Pts',(-3.8926363256581,1.064862014561,-8.58355796859284));
#9034=CARTESIAN_POINT('Ctrl Pts',(-3.48371438510048,2.03189071530283,-8.63714265111418));
#9035=CARTESIAN_POINT('Ctrl Pts',(-3.19365621473699,2.46282402747615,-8.66312747957298));
#9036=CARTESIAN_POINT('Ctrl Pts',(-2.45175658923874,3.20548489543461,-8.71263610389266));
#9037=CARTESIAN_POINT('Ctrl Pts',(-2.00142980339984,3.50438872129833,-8.73969745597257));
#9038=CARTESIAN_POINT('Ctrl Pts',(-1.02875706514022,3.89955551950876,-8.79327961446217));
#9039=CARTESIAN_POINT('Ctrl Pts',(-0.518966177148156,3.99945554184975,-8.8192687570033));
#9040=CARTESIAN_POINT('Ctrl Pts',(0.530717904032439,4.00056127596505,-8.86878569604839));
#9041=CARTESIAN_POINT('Ctrl Pts',(1.06047757477358,3.89380984969461,-8.89582831042812));
#9042=CARTESIAN_POINT('Ctrl Pts',(2.02787992771061,3.48605911245936,-8.94940773656029));
#9043=CARTESIAN_POINT('Ctrl Pts',(2.45919396321215,3.19646149795315,-8.9754015218856));
#9044=CARTESIAN_POINT('Ctrl Pts',(3.202602247154,2.45548205750675,-9.02492741645434));
#9045=CARTESIAN_POINT('Ctrl Pts',(3.50193855416566,2.00566531655132,-9.05194988565174));
#9046=CARTESIAN_POINT('Ctrl Pts',(3.89828263398089,1.03360090629311,-9.10552635367051));
#9047=CARTESIAN_POINT('Ctrl Pts',(3.99882393702342,0.523871255760794,-9.13152513371936));
#9048=CARTESIAN_POINT('Ctrl Pts',(3.99999658167704,0.00603855301813817,
-9.15596519970872));
#9049=CARTESIAN_POINT('Ctrl Pts',(4.00000000001391,0.00301918720435565,
-9.15610763744761));
#9050=CARTESIAN_POINT('Ctrl Pts',(4.,-1.84283310558167E-8,-9.15625000086894));
#9051=CARTESIAN_POINT('Origin',(0.,-2.81892564846231E-15,-19.));
#9052=CARTESIAN_POINT('',(4.,-9.15510298929411E-14,-10.5625));
#9053=CARTESIAN_POINT('',(4.,9.8238749942412E-16,-10.40625));
#9054=CARTESIAN_POINT('',(4.,-3.30878436812125E-15,-19.));
#9055=CARTESIAN_POINT('Ctrl Pts',(4.,-1.76386683037322E-13,-10.5625));
#9056=CARTESIAN_POINT('Ctrl Pts',(4.00000000000002,0.43857248711911,-10.5418201631546));
#9057=CARTESIAN_POINT('Ctrl Pts',(3.92787543022705,0.874660199813366,-10.5198488069017));
#9058=CARTESIAN_POINT('Ctrl Pts',(3.61436304311579,1.79426807529084,-10.4703636078362));
#9059=CARTESIAN_POINT('Ctrl Pts',(3.34394429143206,2.25856751834548,-10.4431890616622));
#9060=CARTESIAN_POINT('Ctrl Pts',(2.6502091422924,3.03959295069647,-10.392812160481));
#9061=CARTESIAN_POINT('Ctrl Pts',(2.23928935578683,3.35386026980212,-10.3682082512308));
#9062=CARTESIAN_POINT('Ctrl Pts',(1.30403678610271,3.8186710327654,-10.3150303176187));
#9063=CARTESIAN_POINT('Ctrl Pts',(0.785375436738174,3.95803182041457,-10.2878521916116));
#9064=CARTESIAN_POINT('Ctrl Pts',(-0.256825066049377,4.02451211434073,-10.2374112759384));
#9065=CARTESIAN_POINT('Ctrl Pts',(-0.769837745899945,3.95854286380513,-10.2128904323599));
#9066=CARTESIAN_POINT('Ctrl Pts',(-1.76104522514601,3.63059346539196,-10.1597471523221));
#9067=CARTESIAN_POINT('Ctrl Pts',(-2.22737256593197,3.36472407996653,-10.1325658402897));
#9068=CARTESIAN_POINT('Ctrl Pts',(-3.01440722178309,2.67879397694856,-10.0820580308516));
#9069=CARTESIAN_POINT('Ctrl Pts',(-3.33245281866997,2.27098976173859,-10.0576211223463));
#9070=CARTESIAN_POINT('Ctrl Pts',(-3.80584166338295,1.34081081392322,-10.0045148825814));
#9071=CARTESIAN_POINT('Ctrl Pts',(-3.95009014368315,0.824049165751608,-9.97733086969405));
#9072=CARTESIAN_POINT('Ctrl Pts',(-4.02685127815235,-0.216790331185691,
-9.92675333133021));
#9073=CARTESIAN_POINT('Ctrl Pts',(-3.96601020965672,-0.730297236971662,
-9.90240071710147));
#9074=CARTESIAN_POINT('Ctrl Pts',(-3.64821017962821,-1.72408481834409,-9.84933400836913));
#9075=CARTESIAN_POINT('Ctrl Pts',(-3.38739427595298,-2.19260755826572,-9.82214787835596));
#9076=CARTESIAN_POINT('Ctrl Pts',(-2.71013012015823,-2.98624801356663,-9.77149784502334));
#9077=CARTESIAN_POINT('Ctrl Pts',(-2.30576517389417,-3.30846868564129,-9.74722931384416));
#9078=CARTESIAN_POINT('Ctrl Pts',(-1.38122167445525,-3.79128218818913,-9.69420472482273));
#9079=CARTESIAN_POINT('Ctrl Pts',(-0.866606432744128,-3.94089408057297,
-9.66701716645697));
#9080=CARTESIAN_POINT('Ctrl Pts',(0.172676146671303,-4.02897415741666,-9.61629196772247));
#9081=CARTESIAN_POINT('Ctrl Pts',(0.686729732485336,-3.97377426186183,-9.59210668023457));
#9082=CARTESIAN_POINT('Ctrl Pts',(1.68329221819099,-3.66712363484042,-9.53912688930168));
#9083=CARTESIAN_POINT('Ctrl Pts',(2.15416501277327,-3.41187592641275,-9.51193870189424));
#9084=CARTESIAN_POINT('Ctrl Pts',(2.9550015562333,-2.74415731019988,-9.46113579055287));
#9085=CARTESIAN_POINT('Ctrl Pts',(3.28179784672025,-2.34355729814948,-9.43703222591152));
#9086=CARTESIAN_POINT('Ctrl Pts',(3.77487336075906,-1.42522307795207,-9.38409999069217));
#9087=CARTESIAN_POINT('Ctrl Pts',(3.93031608061678,-0.913015747981673,-9.35691208829726));
#9088=CARTESIAN_POINT('Ctrl Pts',(3.9938104908098,-0.257091759927664,-9.32474343599182));
#9089=CARTESIAN_POINT('Ctrl Pts',(3.99999999999999,-0.128475942947303,-9.31855797585746));
#9090=CARTESIAN_POINT('Ctrl Pts',(4.,-3.12562475901501E-13,-9.31250000000002));
#9091=CARTESIAN_POINT('Ctrl Pts',(4.,-1.84283298343413E-8,-9.15625000086894));
#9092=CARTESIAN_POINT('Ctrl Pts',(3.99999999755058,-0.531663949432122,-9.18131934218346));
#9093=CARTESIAN_POINT('Ctrl Pts',(3.89399794168133,-1.05816634543,-9.20821565626378));
#9094=CARTESIAN_POINT('Ctrl Pts',(3.48877751032218,-2.02321664317822,-9.2616347568215));
#9095=CARTESIAN_POINT('Ctrl Pts',(3.1997155973051,-2.4549724122025,-9.28763890811502));
#9096=CARTESIAN_POINT('Ctrl Pts',(2.45980555687863,-3.19924828864548,-9.33718482521428));
#9097=CARTESIAN_POINT('Ctrl Pts',(2.01058102090239,-3.49908645144411,-9.36416239223701));
#9098=CARTESIAN_POINT('Ctrl Pts',(1.03922404810046,-3.89679689334417,-9.41773218949373));
#9099=CARTESIAN_POINT('Ctrl Pts',(0.529566510270256,-3.99808291397753,-9.44374211450601));
#9100=CARTESIAN_POINT('Ctrl Pts',(-0.519831316793666,-4.00193525290053,
-9.49329920054792));
#9101=CARTESIAN_POINT('Ctrl Pts',(-1.04946285364137,-3.89673511468518,-9.52025180351144));
#9102=CARTESIAN_POINT('Ctrl Pts',(-2.01779937955452,-3.49192494783106,-9.57381784532111));
#9103=CARTESIAN_POINT('Ctrl Pts',(-2.45006705342117,-3.20348564705905,-9.59983397386791));
#9104=CARTESIAN_POINT('Ctrl Pts',(-3.19534889339558,-2.46481726040708,-9.6494030737216));
#9105=CARTESIAN_POINT('Ctrl Pts',(-3.49576873462383,-2.01627958081124,-9.67632889111518));
#9106=CARTESIAN_POINT('Ctrl Pts',(-3.89506316970507,-1.04574461766439,-9.72989086583916));
#9107=CARTESIAN_POINT('Ctrl Pts',(-3.99721311780929,-0.536172079635196,
-9.7559136564725));
#9108=CARTESIAN_POINT('Ctrl Pts',(-4.00277672189049,0.513045654140644,-9.8054956737937));
#9109=CARTESIAN_POINT('Ctrl Pts',(-3.89854199267574,1.04259696874615,-9.83239276854227));
#9110=CARTESIAN_POINT('Ctrl Pts',(-3.49556352631507,2.01151253714462,-9.88595033831537));
#9111=CARTESIAN_POINT('Ctrl Pts',(-3.20784717794239,2.44437260690431,-9.91198027970983));
#9112=CARTESIAN_POINT('Ctrl Pts',(-2.47061888486776,3.1908193339369,-9.9615761801994));
#9113=CARTESIAN_POINT('Ctrl Pts',(-2.02287684152645,3.49191246014241,-9.98844249520163));
#9114=CARTESIAN_POINT('Ctrl Pts',(-1.05329608989165,3.89304074306312,-10.0419952937042));
#9115=CARTESIAN_POINT('Ctrl Pts',(-0.543823842650584,3.99619168458798,-10.068032906018));
#9116=CARTESIAN_POINT('Ctrl Pts',(0.505183628673254,4.00373733315591,-10.1176437207225));
#9117=CARTESIAN_POINT('Ctrl Pts',(1.0346416613028,3.90061970475921,-10.1444770747297));
#9118=CARTESIAN_POINT('Ctrl Pts',(2.00422503287243,3.49976237186795,-10.1980247047763));
#9119=CARTESIAN_POINT('Ctrl Pts',(2.43776953714097,3.21288458099362,-10.2240705409671));
#9120=CARTESIAN_POINT('Ctrl Pts',(3.18556315061834,2.47732443876367,-10.2736973695949));
#9121=CARTESIAN_POINT('Ctrl Pts',(3.48743437572552,2.03050269889853,-10.3004954535472));
#9122=CARTESIAN_POINT('Ctrl Pts',(3.89068250469758,1.06202837202636,-10.3540374844791));
#9123=CARTESIAN_POINT('Ctrl Pts',(3.99499160513481,0.552674581286819,-10.3800921315511));
#9124=CARTESIAN_POINT('Ctrl Pts',(3.99994136586269,0.0250112661699721,-10.4050695083568));
#9125=CARTESIAN_POINT('Ctrl Pts',(4.,0.0125043102094779,-10.4056603891544));
#9126=CARTESIAN_POINT('Ctrl Pts',(4.,2.41414243043056E-14,-10.40625));
#9127=CARTESIAN_POINT('Origin',(0.,-2.81892564846231E-15,-19.));
#9128=CARTESIAN_POINT('',(4.,-1.09525100152963E-14,-11.8125));
#9129=CARTESIAN_POINT('',(4.,1.04163199680922E-14,-11.65625));
#9130=CARTESIAN_POINT('',(4.,-3.30878436812125E-15,-19.));
#9131=CARTESIAN_POINT('Ctrl Pts',(4.,-9.57567358739198E-15,-11.8125));
#9132=CARTESIAN_POINT('Ctrl Pts',(4.,0.475425711076766,-11.7900824375082));
#9133=CARTESIAN_POINT('Ctrl Pts',(3.91524127060268,0.947396928957282,-11.7661723194485));
#9134=CARTESIAN_POINT('Ctrl Pts',(3.56347544396911,1.89374569732575,-11.7146790800351));
#9135=CARTESIAN_POINT('Ctrl Pts',(3.27939461618913,2.3516565908105,-11.687538933215));
#9136=CARTESIAN_POINT('Ctrl Pts',(2.56218821091583,3.11426712650245,-11.6375719194777));
#9137=CARTESIAN_POINT('Ctrl Pts',(2.14179111704884,3.41706240169988,-11.6123765382978));
#9138=CARTESIAN_POINT('Ctrl Pts',(1.19129857785977,3.85555137416246,-11.5589940978387));
#9139=CARTESIAN_POINT('Ctrl Pts',(0.667126358506312,3.9798866026823,-11.5318495878875));
#9140=CARTESIAN_POINT('Ctrl Pts',(-0.378924067175586,4.01494603704066,-11.4818408269702));
#9141=CARTESIAN_POINT('Ctrl Pts',(-0.890438353656447,3.93326895611425,-11.456710168091));
#9142=CARTESIAN_POINT('Ctrl Pts',(-1.87340021501046,3.57416681470545,-11.403347238435));
#9143=CARTESIAN_POINT('Ctrl Pts',(-2.33265698815721,3.29288517725836,-11.3761983015641));
#9144=CARTESIAN_POINT('Ctrl Pts',(-3.09908671968345,2.58049263567379,-11.3261452235555));
#9145=CARTESIAN_POINT('Ctrl Pts',(-3.40424896431897,2.16205298261275,-11.3010822005639));
#9146=CARTESIAN_POINT('Ctrl Pts',(-3.84820190540079,1.21468345407601,-11.2477403000668));
#9147=CARTESIAN_POINT('Ctrl Pts',(-3.97565895665601,0.69161590786442,-11.2205869052356));
#9148=CARTESIAN_POINT('Ctrl Pts',(-4.01722534813135,-0.353675250036153,
-11.1704868567686));
#9149=CARTESIAN_POINT('Ctrl Pts',(-3.93880624109374,-0.86549850320788,-11.145494297196));
#9150=CARTESIAN_POINT('Ctrl Pts',(-3.58617211854289,-1.85021318538387,-11.0921750459591));
#9151=CARTESIAN_POINT('Ctrl Pts',(-3.30807747086313,-2.31097897244641,-11.0650172010395));
#9152=CARTESIAN_POINT('Ctrl Pts',(-2.60116232982221,-3.08172764873317,-11.0148674539982));
#9153=CARTESIAN_POINT('Ctrl Pts',(-2.1849412042457,-3.38957407092731,-10.9899480589326));
#9154=CARTESIAN_POINT('Ctrl Pts',(-1.24112698960744,-3.83970267701235,-10.9366531823032));
#9155=CARTESIAN_POINT('Ctrl Pts',(-0.719332719757563,-3.97068664182586,
-10.9094909407436));
#9156=CARTESIAN_POINT('Ctrl Pts',(0.325075275394675,-4.01961727229637,-10.8592887029112));
#9157=CARTESIAN_POINT('Ctrl Pts',(0.837248987506699,-3.94488197339349,-10.8344450022006));
#9158=CARTESIAN_POINT('Ctrl Pts',(1.8239187052569,-3.59955756055863,-10.7811763337043));
#9159=CARTESIAN_POINT('Ctrl Pts',(2.28636407328668,-3.32507299838011,-10.7540098016431));
#9160=CARTESIAN_POINT('Ctrl Pts',(3.06196789809967,-2.62435857253762,-10.7037522294022));
#9161=CARTESIAN_POINT('Ctrl Pts',(3.37284165786292,-2.21063795326241,-10.678986532625));
#9162=CARTESIAN_POINT('Ctrl Pts',(3.8299087845016,-1.27085062416732,-10.6257460161741));
#9163=CARTESIAN_POINT('Ctrl Pts',(3.96485305194247,-0.750518308949952,-10.5985753599284));
#9164=CARTESIAN_POINT('Ctrl Pts',(3.99800333624522,-0.146003697417445,-10.5694234525433));
#9165=CARTESIAN_POINT('Ctrl Pts',(4.,-0.0729692794745985,-10.5659406918778));
#9166=CARTESIAN_POINT('Ctrl Pts',(4.,-1.79793275417761E-13,-10.5625));
#9167=CARTESIAN_POINT('Ctrl Pts',(4.,2.65065747129256E-14,-10.40625));
#9168=CARTESIAN_POINT('Ctrl Pts',(4.,-0.52089518230204,-10.4308115666736));
#9169=CARTESIAN_POINT('Ctrl Pts',(3.89824955965495,-1.03701326499269,-10.4571351939269));
#9170=CARTESIAN_POINT('Ctrl Pts',(3.50459772944834,-1.99578902873562,-10.510032484597));
#9171=CARTESIAN_POINT('Ctrl Pts',(3.21869136624228,-2.43012282465134,-10.5360965647513));
#9172=CARTESIAN_POINT('Ctrl Pts',(2.48506073601972,-3.17947104666006,-10.5857590114454));
#9173=CARTESIAN_POINT('Ctrl Pts',(2.03930170843732,-3.48223987725617,-10.6124791022457));
#9174=CARTESIAN_POINT('Ctrl Pts',(1.07210861491449,-3.88793409143085,-10.6660084947846));
#9175=CARTESIAN_POINT('Ctrl Pts',(0.562894885305017,-3.99358098814324,-10.6920826664425));
#9176=CARTESIAN_POINT('Ctrl Pts',(-0.485580844894337,-4.00606552584296,
-10.7417648708441));
#9177=CARTESIAN_POINT('Ctrl Pts',(-1.01480477192659,-3.90572654301315,-10.7684419707136));
#9178=CARTESIAN_POINT('Ctrl Pts',(-1.98603886342024,-3.51015276587457,-10.8219642420625));
#9179=CARTESIAN_POINT('Ctrl Pts',(-2.42128090079738,-3.22537011195276,-10.8480492007241));
#9180=CARTESIAN_POINT('Ctrl Pts',(-3.17241987987554,-2.49396754507695,-10.8977525694231));
#9181=CARTESIAN_POINT('Ctrl Pts',(-3.47622202244979,-2.04943328691964,-10.924383835664));
#9182=CARTESIAN_POINT('Ctrl Pts',(-3.8847329675715,-1.08372158776751,-10.9778983908701));
#9183=CARTESIAN_POINT('Ctrl Pts',(-3.99192221869798,-0.574673636225688,
-11.0039948697693));
#9184=CARTESIAN_POINT('Ctrl Pts',(-4.0074564100973,0.473468194731668,-11.0537208934995));
#9185=CARTESIAN_POINT('Ctrl Pts',(-3.90882966128001,1.00254641701546,-11.0803033495233));
#9186=CARTESIAN_POINT('Ctrl Pts',(-3.5165169670293,1.97479033470199,-11.1338095437863));
#9187=CARTESIAN_POINT('Ctrl Pts',(-3.23303197366009,2.41107487601035,-11.159918314295));
#9188=CARTESIAN_POINT('Ctrl Pts',(-2.50419720807364,3.16427184984673,-11.2096685704466));
#9189=CARTESIAN_POINT('Ctrl Pts',(-2.06107132004356,3.46926068245699,-11.236199108371));
#9190=CARTESIAN_POINT('Ctrl Pts',(-1.09706940742782,3.88100748567491,-11.2896962430352));
#9191=CARTESIAN_POINT('Ctrl Pts',(-0.588217862117589,3.98997101645569,-11.3158181147677));
#9192=CARTESIAN_POINT('Ctrl Pts',(0.459534846478469,4.00901134205632,-11.3655942695471));
#9193=CARTESIAN_POINT('Ctrl Pts',(0.988444508896144,3.91234982258078,-11.3920696546183));
#9194=CARTESIAN_POINT('Ctrl Pts',(1.96184052634734,3.52378499287656,-11.4455569729111));
#9195=CARTESIAN_POINT('Ctrl Pts',(2.39931823393631,3.24179559509814,-11.4716927934712));
#9196=CARTESIAN_POINT('Ctrl Pts',(3.15487401449362,2.51591352787376,-11.5214966036231));
#9197=CARTESIAN_POINT('Ctrl Pts',(3.4612219440573,2.07440294763638,-11.5479134807432));
#9198=CARTESIAN_POINT('Ctrl Pts',(3.87667597778706,1.11237036387375,-11.6013901632607));
#9199=CARTESIAN_POINT('Ctrl Pts',(3.98767541151329,0.603751703857929,-11.6275408175734));
#9200=CARTESIAN_POINT('Ctrl Pts',(3.99967718574301,0.0586937262023794,-11.6534761327329));
#9201=CARTESIAN_POINT('Ctrl Pts',(4.,0.0293400792124903,-11.6548665387274));
#9202=CARTESIAN_POINT('Ctrl Pts',(4.,2.41414243043056E-14,-11.65625));
#9203=CARTESIAN_POINT('Origin',(0.,-2.81892564846231E-15,-19.));
#9204=CARTESIAN_POINT('',(4.,-1.55321799918751E-14,-13.0625));
#9205=CARTESIAN_POINT('',(4.,4.44054365884371E-14,-12.90625));
#9206=CARTESIAN_POINT('',(4.,-3.30878436812125E-15,-19.));
#9207=CARTESIAN_POINT('Ctrl Pts',(4.,-2.62290189567693E-14,-13.0625));
#9208=CARTESIAN_POINT('Ctrl Pts',(4.00000000000001,0.497307462742306,-13.0390506558355));
#9209=CARTESIAN_POINT('Ctrl Pts',(3.90725702138465,0.990495094534293,-13.0139841861463));
#9210=CARTESIAN_POINT('Ctrl Pts',(3.53202844586428,1.95201693096799,-12.9613172401784));
#9211=CARTESIAN_POINT('Ctrl Pts',(3.23991596343724,2.40595851510879,-12.9342073883936));
#9212=CARTESIAN_POINT('Ctrl Pts',(2.50887927387282,3.15747359806262,-12.8844934314569));
#9213=CARTESIAN_POINT('Ctrl Pts',(2.08281739646696,3.45342534281824,-12.8588855598374));
#9214=CARTESIAN_POINT('Ctrl Pts',(1.1233623051798,3.87602358986001,-12.8053908773977));
#9215=CARTESIAN_POINT('Ctrl Pts',(0.596093445933498,3.99127426499602,-12.7782777854808));
#9216=CARTESIAN_POINT('Ctrl Pts',(-0.452048626484452,4.0074552462911,-12.7285391177499));
#9217=CARTESIAN_POINT('Ctrl Pts',(-0.962669632208488,3.91630798769045,-12.7029730059673));
#9218=CARTESIAN_POINT('Ctrl Pts',(-1.94040942259579,3.53839127171313,-12.6494888384204));
#9219=CARTESIAN_POINT('Ctrl Pts',(-2.39515538336085,3.24788041523009,-12.6223723399361));
#9220=CARTESIAN_POINT('Ctrl Pts',(-3.14889955048168,2.51960401173316,-12.5726071877033));
#9221=CARTESIAN_POINT('Ctrl Pts',(-3.44622240912326,2.09467767659208,-12.5470854852833));
#9222=CARTESIAN_POINT('Ctrl Pts',(-3.8720152472276,1.13701006109704,-12.4936126926333));
#9223=CARTESIAN_POINT('Ctrl Pts',(-3.98909274333145,0.610349914918984,-12.4664926230284));
#9224=CARTESIAN_POINT('Ctrl Pts',(-4.00906353811311,-0.437385473821565,
-12.4166991116992));
#9225=CARTESIAN_POINT('Ctrl Pts',(-3.91981968974603,-0.948185481221875,
-12.391224559401));
#9226=CARTESIAN_POINT('Ctrl Pts',(-3.54568581937864,-1.92699005388818,-12.3377640682953));
#9227=CARTESIAN_POINT('Ctrl Pts',(-3.25702550970875,-2.3826574091181,-12.3106402671509));
#9228=CARTESIAN_POINT('Ctrl Pts',(-2.53193688032399,-3.13896678652539,-12.2608164197745));
#9229=CARTESIAN_POINT('Ctrl Pts',(-2.10831885236519,-3.43786979365254,-12.2353918393268));
#9230=CARTESIAN_POINT('Ctrl Pts',(-1.15271638282054,-3.86733757700536,-12.1819446474212));
#9231=CARTESIAN_POINT('Ctrl Pts',(-0.626765064423451,-3.98651631062174,
-12.1548169611002));
#9232=CARTESIAN_POINT('Ctrl Pts',(0.420493928924477,-4.01085013421977,-12.1049606976499));
#9233=CARTESIAN_POINT('Ctrl Pts',(0.931500197183475,-3.92379611825546,-12.0795889786887));
#9234=CARTESIAN_POINT('Ctrl Pts',(1.91152031385098,-3.55401361366458,-12.0261561591252));
#9235=CARTESIAN_POINT('Ctrl Pts',(2.36823855678833,-3.26748516800762,-11.999024443853));
#9236=CARTESIAN_POINT('Ctrl Pts',(3.1274895313129,-2.54606700999087,-11.9491335813928));
#9237=CARTESIAN_POINT('Ctrl Pts',(3.42820763277056,-2.12395132524974,-11.9238176652825));
#9238=CARTESIAN_POINT('Ctrl Pts',(3.86188783823247,-1.17072776403172,-11.870400371241));
#9239=CARTESIAN_POINT('Ctrl Pts',(3.98347469534436,-0.645600268432497,-11.8432644966519));
#9240=CARTESIAN_POINT('Ctrl Pts',(3.99947708257223,-0.0747050830793377,
-11.8160327527768));
#9241=CARTESIAN_POINT('Ctrl Pts',(4.,-0.0373423611641129,-11.8142607897417));
#9242=CARTESIAN_POINT('Ctrl Pts',(4.,-9.84769231603895E-15,-11.8125));
#9243=CARTESIAN_POINT('Ctrl Pts',(4.,2.58126853225349E-14,-11.65625));
#9244=CARTESIAN_POINT('Ctrl Pts',(4.,-0.501867076367794,-11.6799143418413));
#9245=CARTESIAN_POINT('Ctrl Pts',(3.90554939231385,-0.999592552616854,-11.7052281348646));
#9246=CARTESIAN_POINT('Ctrl Pts',(3.53205483607652,-1.94696842529772,-11.7571941941757));
#9247=CARTESIAN_POINT('Ctrl Pts',(3.25178523899748,-2.38580721261246,-11.783360603338));
#9248=CARTESIAN_POINT('Ctrl Pts',(2.52928968598127,-3.14405831174371,-11.8332253619361));
#9249=CARTESIAN_POINT('Ctrl Pts',(2.08962625823091,-3.45195791367283,-11.8595147238431));
#9250=CARTESIAN_POINT('Ctrl Pts',(1.12985653568723,-3.87164595713188,-11.9129674020536));
#9251=CARTESIAN_POINT('Ctrl Pts',(0.621514182943966,-3.9849746774197,-11.9391505216359));
#9252=CARTESIAN_POINT('Ctrl Pts',(-0.425258380623936,-4.01263184343745,
-11.9890487576847));
#9253=CARTESIAN_POINT('Ctrl Pts',(-0.953749262310365,-3.9207853186786,-12.0152689274512));
#9254=CARTESIAN_POINT('Ctrl Pts',(-1.92993662958231,-3.54142512156727,-12.0687080871894));
#9255=CARTESIAN_POINT('Ctrl Pts',(-2.37032214604408,-3.26312794040448,-12.0949089049175));
#9256=CARTESIAN_POINT('Ctrl Pts',(-3.13164230893718,-2.54450492862468,-12.144842742307));
#9257=CARTESIAN_POINT('Ctrl Pts',(-3.44130711930574,-2.10694659499549,-12.1709900014547));
#9258=CARTESIAN_POINT('Ctrl Pts',(-3.8658135475552,-1.14976985052711,-12.2244145230627));
#9259=CARTESIAN_POINT('Ctrl Pts',(-3.98179829213446,-0.641755418357669,
-12.2506340558089));
#9260=CARTESIAN_POINT('Ctrl Pts',(-4.0146923636741,0.404404925848547,-12.3006057074288));
#9261=CARTESIAN_POINT('Ctrl Pts',(-3.92576196389186,0.93263833520342,-12.3266762920655));
#9262=CARTESIAN_POINT('Ctrl Pts',(-3.55199139326234,1.91049449818415,-12.3800849674824));
#9263=CARTESIAN_POINT('Ctrl Pts',(-3.27594948706591,2.35263009007653,-12.4063242574932));
#9264=CARTESIAN_POINT('Ctrl Pts',(-2.5617397515801,3.11743095112323,-12.4563360220779));
#9265=CARTESIAN_POINT('Ctrl Pts',(-2.12657116631892,3.42909575512207,-12.4823261485166));
#9266=CARTESIAN_POINT('Ctrl Pts',(-1.17235622858614,3.85906330482123,-12.5357176757391));
#9267=CARTESIAN_POINT('Ctrl Pts',(-0.664730917370628,3.97806504087901,-12.5619777860321));
#9268=CARTESIAN_POINT('Ctrl Pts',(0.380719480140899,4.01690250820249,-12.6120320437622));
#9269=CARTESIAN_POINT('Ctrl Pts',(0.908658161079425,3.93127241304342,-12.6379379383399));
#9270=CARTESIAN_POINT('Ctrl Pts',(1.88838313031898,3.56384127000679,-12.6913109159018));
#9271=CARTESIAN_POINT('Ctrl Pts',(2.33248909605967,3.29036906165674,-12.7175929247685));
#9272=CARTESIAN_POINT('Ctrl Pts',(3.10121962274046,2.58116934024695,-12.7676921315015));
#9273=CARTESIAN_POINT('Ctrl Pts',(3.41514006026789,2.1487016821197,-12.7935100648009));
#9274=CARTESIAN_POINT('Ctrl Pts',(3.85126864846695,1.1978574685765,-12.8468629863681));
#9275=CARTESIAN_POINT('Ctrl Pts',(3.9736824303164,0.690693579373953,-12.8731679809288));
#9276=CARTESIAN_POINT('Ctrl Pts',(3.99873615465715,0.116154763627412,-12.9007483154098));
#9277=CARTESIAN_POINT('Ctrl Pts',(4.,0.0580541787705861,-12.9035125940285));
#9278=CARTESIAN_POINT('Ctrl Pts',(4.,9.21196575449955E-14,-12.90625));
#9279=CARTESIAN_POINT('Origin',(0.,-2.81892564846231E-15,-19.));
#9280=CARTESIAN_POINT('',(4.,2.22039240575578E-8,-14.3124999979061));
#9281=CARTESIAN_POINT('',(4.,1.43325122320701E-13,-14.15625));
#9282=CARTESIAN_POINT('',(4.,-3.30878436812125E-15,-19.));
#9283=CARTESIAN_POINT('Ctrl Pts',(4.,2.22533606819564E-8,-14.3124999989507));
#9284=CARTESIAN_POINT('Ctrl Pts',(3.99999999716505,0.509577843504125,-14.2884720753182));
#9285=CARTESIAN_POINT('Ctrl Pts',(3.90262245386264,1.01463211750516,-14.2627555436515));
#9286=CARTESIAN_POINT('Ctrl Pts',(3.51399908233877,1.98442670105427,-14.2094368989671));
#9287=CARTESIAN_POINT('Ctrl Pts',(3.21740999272812,2.43608572350707,-14.1823472421861));
#9288=CARTESIAN_POINT('Ctrl Pts',(2.47865129876619,3.18132588379028,-14.132778343824));
#9289=CARTESIAN_POINT('Ctrl Pts',(2.04939928313586,3.47342740822956,-14.1069191432779));
#9290=CARTESIAN_POINT('Ctrl Pts',(1.0849475523129,3.88702664788907,-14.0533646181126));
#9291=CARTESIAN_POINT('Ctrl Pts',(0.556001168490075,3.99713039661224,-14.0262729524423));
#9292=CARTESIAN_POINT('Ctrl Pts',(-0.493249565009287,4.00265018521292,-13.9766902348692));
#9293=CARTESIAN_POINT('Ctrl Pts',(-1.00336768889873,3.90614168043586,-13.9508554257392));
#9294=CARTESIAN_POINT('Ctrl Pts',(-1.97806718732574,3.51756761974837,-13.8973064646253));
#9295=CARTESIAN_POINT('Ctrl Pts',(-2.43017838007065,3.22185748250523,-13.870212653874));
#9296=CARTESIAN_POINT('Ctrl Pts',(-3.17665580501608,2.48461579081823,-13.8206150442061));
#9297=CARTESIAN_POINT('Ctrl Pts',(-3.46951542258753,2.05599205851386,-13.7948064158048));
#9298=CARTESIAN_POINT('Ctrl Pts',(-3.88488978977715,1.09252145131663,-13.7412634827182));
#9299=CARTESIAN_POINT('Ctrl Pts',(-3.99600888742687,0.563901636714567,-13.7141673846049));
#9300=CARTESIAN_POINT('Ctrl Pts',(-4.00362999175576,-0.485134702138453,
-13.6645537349758));
#9301=CARTESIAN_POINT('Ctrl Pts',(-3.90817899847552,-0.995351875791609,
-13.6387731836055));
#9302=CARTESIAN_POINT('Ctrl Pts',(-3.52170733260049,-1.97065588908333,-13.5852367804375));
#9303=CARTESIAN_POINT('Ctrl Pts',(-3.22702117990634,-2.42329138960002,-13.5581382469052));
#9304=CARTESIAN_POINT('Ctrl Pts',(-2.49154627745394,-3.17120700049285,-13.5085073306205));
#9305=CARTESIAN_POINT('Ctrl Pts',(-2.06365330554221,-3.4649484752867,-13.4827568617771));
#9306=CARTESIAN_POINT('Ctrl Pts',(-1.10132567234587,-3.88238577403762,-13.4292275312642));
#9307=CARTESIAN_POINT('Ctrl Pts',(-0.573088048360745,-3.99468480141,-13.4021264089331));
#9308=CARTESIAN_POINT('Ctrl Pts',(0.475696488136426,-4.00474895325981,-13.35247691667));
#9309=CARTESIAN_POINT('Ctrl Pts',(0.986028858504167,-3.91052694219036,-13.3267586464667));
#9310=CARTESIAN_POINT('Ctrl Pts',(1.96203243276747,-3.52649844481941,-13.2732369753088));
#9311=CARTESIAN_POINT('Ctrl Pts',(2.41527442344703,-3.23300330196996,-13.2461331060943));
#9312=CARTESIAN_POINT('Ctrl Pts',(3.16485845247124,-2.49958267955364,-13.1964636421993));
#9313=CARTESIAN_POINT('Ctrl Pts',(3.45962385593006,-2.07253806495881,-13.1707797978325));
#9314=CARTESIAN_POINT('Ctrl Pts',(3.87945371832708,-1.11153978435917,-13.1172664200036));
#9315=CARTESIAN_POINT('Ctrl Pts',(3.99312114918388,-0.583749026085105,-13.090159641926));
#9316=CARTESIAN_POINT('Ctrl Pts',(3.99989916434284,-0.0328003491757461,
-13.0640485914743));
#9317=CARTESIAN_POINT('Ctrl Pts',(4.,-0.0163980269079419,-13.0632732097453));
#9318=CARTESIAN_POINT('Ctrl Pts',(4.,-2.68422506262112E-14,-13.0625));
#9319=CARTESIAN_POINT('Ctrl Pts',(4.,9.25648446781224E-14,-12.90625));
#9320=CARTESIAN_POINT('Ctrl Pts',(4.,-0.469668311151189,-12.9283960860664));
#9321=CARTESIAN_POINT('Ctrl Pts',(3.9172829521563,-0.936148715712652,-12.9520074213618));
#9322=CARTESIAN_POINT('Ctrl Pts',(3.57704842758019,-1.86334256742085,-13.002372235743));
#9323=CARTESIAN_POINT('Ctrl Pts',(3.30649245238258,-2.30965451040404,-13.0287013045125));
#9324=CARTESIAN_POINT('Ctrl Pts',(2.60295509673159,-3.08279886420498,-13.0788980416271));
#9325=CARTESIAN_POINT('Ctrl Pts',(2.17352481988843,-3.3992501589036,-13.1045292394645));
#9326=CARTESIAN_POINT('Ctrl Pts',(1.22650061727178,-3.8422931802874,-13.1578370850746));
#9327=CARTESIAN_POINT('Ctrl Pts',(0.719883124287683,-3.96854664906079,-13.1841913095135));
#9328=CARTESIAN_POINT('Ctrl Pts',(-0.323797694260284,-4.02164892674584,
-13.2344407365567));
#9329=CARTESIAN_POINT('Ctrl Pts',(-0.851019074084979,-3.94390060151151,
-13.2599734607225));
#9330=CARTESIAN_POINT('Ctrl Pts',(-1.83512156519725,-3.59166548762345,-13.3132560524158));
#9331=CARTESIAN_POINT('Ctrl Pts',(-2.28388764820884,-3.3244038650284,-13.3396364974653));
#9332=CARTESIAN_POINT('Ctrl Pts',(-3.06196107925578,-2.62723422779529,-13.3899412839299));
#9333=CARTESIAN_POINT('Ctrl Pts',(-3.38123569727428,-2.20120048241731,-13.4153724148267));
#9334=CARTESIAN_POINT('Ctrl Pts',(-3.8319932152947,-1.25848472837869,-13.4686277796096));
#9335=CARTESIAN_POINT('Ctrl Pts',(-3.962543378027,-0.752512811984393,-13.4950354832321));
#9336=CARTESIAN_POINT('Ctrl Pts',(-4.02408508565609,0.290077467743023,-13.5453983211412));
#9337=CARTESIAN_POINT('Ctrl Pts',(-3.95097420633734,0.816868623015897,-13.5707250215241));
#9338=CARTESIAN_POINT('Ctrl Pts',(-3.60771607430603,1.80349015969039,-13.62395106111));
#9339=CARTESIAN_POINT('Ctrl Pts',(-3.34415656042206,2.25496709041058,-13.6503870228899));
#9340=CARTESIAN_POINT('Ctrl Pts',(-2.65410759076461,3.03850950883172,-13.7008106108372));
#9341=CARTESIAN_POINT('Ctrl Pts',(-2.23184805836866,3.36091357495551,-13.7260303852206));
#9342=CARTESIAN_POINT('Ctrl Pts',(-1.29396518498034,3.82022187586163,-13.7792248745518));
#9343=CARTESIAN_POINT('Ctrl Pts',(-0.78875357864332,3.95554981136903,-13.8056900434462));
#9344=CARTESIAN_POINT('Ctrl Pts',(0.252587293720619,4.02646625493779,-13.8561770688502));
#9345=CARTESIAN_POINT('Ctrl Pts',(0.778896149075294,3.95848498061048,-13.8812878255113));
#9346=CARTESIAN_POINT('Ctrl Pts',(1.76825502401765,3.62518653181369,-13.9344484126741));
#9347=CARTESIAN_POINT('Ctrl Pts',(2.22270266028007,3.36576279653754,-13.9609436740438));
#9348=CARTESIAN_POINT('Ctrl Pts',(3.01226960764407,2.68362630301947,-14.011496793697));
#9349=CARTESIAN_POINT('Ctrl Pts',(3.33811795572206,2.26553124226574,-14.0364969082944));
#9350=CARTESIAN_POINT('Ctrl Pts',(3.80683507488771,1.3330361412828,-14.0896211160836));
#9351=CARTESIAN_POINT('Ctrl Pts',(3.94743827184811,0.828716092254317,-14.1161472781754));
#9352=CARTESIAN_POINT('Ctrl Pts',(3.99595725470336,0.207776774998505,-14.1463738231751));
#9353=CARTESIAN_POINT('Ctrl Pts',(4.,0.10383147383121,-14.1513540751499));
#9354=CARTESIAN_POINT('Ctrl Pts',(4.,2.94538698986102E-13,-14.15625));
#9355=CARTESIAN_POINT('Origin',(0.,-2.81892564846231E-15,-19.));
#9356=CARTESIAN_POINT('',(4.,-3.36040139064409E-9,-15.5625000003169));
#9357=CARTESIAN_POINT('',(4.,8.97481877651573E-14,-15.40625));
#9358=CARTESIAN_POINT('',(4.,-3.30878436812125E-15,-19.));
#9359=CARTESIAN_POINT('Ctrl Pts',(4.,-6.72079683781813E-9,-15.5625000003169));
#9360=CARTESIAN_POINT('Ctrl Pts',(4.00000000000305,0.00181512693261402,
-15.5624144120302));
#9361=CARTESIAN_POINT('Ctrl Pts',(3.99999876448999,0.00363031875315733,
-15.5623287968694));
#9362=CARTESIAN_POINT('Ctrl Pts',(3.99929549150411,0.520213638101486,-15.5379568099817));
#9363=CARTESIAN_POINT('Ctrl Pts',(3.89923238835853,1.02998902848941,-15.5119652130211));
#9364=CARTESIAN_POINT('Ctrl Pts',(3.50376614019505,2.00250714060667,-15.4583844969255));
#9365=CARTESIAN_POINT('Ctrl Pts',(3.20475230315134,2.45270421128838,-15.4313330520121));
#9366=CARTESIAN_POINT('Ctrl Pts',(2.4619013348786,3.19436988890229,-15.3818200332613));
#9367=CARTESIAN_POINT('Ctrl Pts',(2.03087117275268,3.4843110025207,-15.3558329243392));
#9368=CARTESIAN_POINT('Ctrl Pts',(1.06374738294483,3.8929351565819,-15.3022495742628));
#9369=CARTESIAN_POINT('Ctrl Pts',(0.533949810694209,4.00014769536494,-15.2751800111321));
#9370=CARTESIAN_POINT('Ctrl Pts',(-0.515818615127772,3.99985762012101,-15.2256750258545));
#9371=CARTESIAN_POINT('Ctrl Pts',(-1.0256483749629,3.90036904920335,-15.1996920865652));
#9372=CARTESIAN_POINT('Ctrl Pts',(-1.99852950504803,3.50603151571464,-15.146116298434));
#9373=CARTESIAN_POINT('Ctrl Pts',(-2.44917828109012,3.20749231514629,-15.119036189302));
#9374=CARTESIAN_POINT('Ctrl Pts',(-3.19166412975723,2.46536634447745,-15.0695313967944));
#9375=CARTESIAN_POINT('Ctrl Pts',(-3.482079875197,2.03471695142774,-15.0435578395415));
#9376=CARTESIAN_POINT('Ctrl Pts',(-3.89172610766867,1.06808831106052,-14.989977874584));
#9377=CARTESIAN_POINT('Ctrl Pts',(-3.99956871000449,0.538422329150894,-14.9628964410022));
#9378=CARTESIAN_POINT('Ctrl Pts',(-4.00041207986986,-0.511298290884175,
-14.9133829033565));
#9379=CARTESIAN_POINT('Ctrl Pts',(-3.901548622562,-1.02119607849989,-14.8874250625));
#9380=CARTESIAN_POINT('Ctrl Pts',(-3.5082925082894,-1.99454088741301,-14.8338485321716));
#9381=CARTESIAN_POINT('Ctrl Pts',(-3.210304980456,-2.44547643973494,-14.806765675648));
#9382=CARTESIAN_POINT('Ctrl Pts',(-2.46913180795351,-3.18874275871424,-14.7572426912684));
#9383=CARTESIAN_POINT('Ctrl Pts',(-2.03887820486272,-3.47963593798314,-14.7313017866449));
#9384=CARTESIAN_POINT('Ctrl Pts',(-1.07286541270562,-3.89040249704701,-14.6777289791583));
#9385=CARTESIAN_POINT('Ctrl Pts',(-0.543402304111502,-3.99888594214665,
-14.6506445951223));
#9386=CARTESIAN_POINT('Ctrl Pts',(0.50618620027265,-4.00105424567317,-14.6011114094636));
#9387=CARTESIAN_POINT('Ctrl Pts',(1.0161464018055,-3.90285821064936,-14.5751887458213));
#9388=CARTESIAN_POINT('Ctrl Pts',(1.98987633880329,-3.51092907924747,-14.5216199733332));
#9389=CARTESIAN_POINT('Ctrl Pts',(2.44114621047314,-3.21358657945724,-14.4945339509842));
#9390=CARTESIAN_POINT('Ctrl Pts',(3.18532377539235,-2.47352721920565,-14.4449897531269));
#9391=CARTESIAN_POINT('Ctrl Pts',(3.47677464014636,-2.04373589947155,-14.4190867243411));
#9392=CARTESIAN_POINT('Ctrl Pts',(3.88884905680598,-1.0784431550518,-14.3655223248899));
#9393=CARTESIAN_POINT('Ctrl Pts',(3.99808060744529,-0.549217947872325,-14.3384345470899));
#9394=CARTESIAN_POINT('Ctrl Pts',(3.99999164504843,-0.00944069223202643,
-14.3129453164487));
#9395=CARTESIAN_POINT('Ctrl Pts',(4.00000000002626,-0.00472014858300928,
-14.3127225673183));
#9396=CARTESIAN_POINT('Ctrl Pts',(4.,2.2253361592851E-8,-14.3124999989507));
#9397=CARTESIAN_POINT('Ctrl Pts',(4.,2.96082602879721E-13,-14.15625));
#9398=CARTESIAN_POINT('Ctrl Pts',(4.,-0.41900075409856,-14.1760069785779));
#9399=CARTESIAN_POINT('Ctrl Pts',(3.93417043278446,-0.836027071141446,-14.1969565910329));
#9400=CARTESIAN_POINT('Ctrl Pts',(3.64401806016683,-1.72927726183295,-14.24474270622));
#9401=CARTESIAN_POINT('Ctrl Pts',(3.38918385703319,-2.18695182515646,-14.2713004863189));
#9402=CARTESIAN_POINT('Ctrl Pts',(2.71577799940381,-2.98310271686796,-14.321993535891));
#9403=CARTESIAN_POINT('Ctrl Pts',(2.30224239574511,-3.31271253310593,-14.3467696819812));
#9404=CARTESIAN_POINT('Ctrl Pts',(1.3757121205779,-3.79169960891445,-14.3998132177637));
#9405=CARTESIAN_POINT('Ctrl Pts',(0.872431713406267,-3.9380817624564,-14.4264032282757));
#9406=CARTESIAN_POINT('Ctrl Pts',(-0.165869661934175,-4.03065624096536,
-14.477169941961));
#9407=CARTESIAN_POINT('Ctrl Pts',(-0.691049921086537,-3.9744407391046,-14.5018340107943));
#9408=CARTESIAN_POINT('Ctrl Pts',(-1.68649180845725,-3.66410028082282,-14.5548330296093));
#9409=CARTESIAN_POINT('Ctrl Pts',(-2.14763783687685,-3.41432125662857,-14.5814557643796));
#9410=CARTESIAN_POINT('Ctrl Pts',(-2.95092156756504,-2.75047402722947,-14.6322984539589));
#9411=CARTESIAN_POINT('Ctrl Pts',(-3.28460469949382,-2.34188788870853,-14.6568513124419));
#9412=CARTESIAN_POINT('Ctrl Pts',(-3.77470336789919,-1.42191033883256,-14.7098028934262));
#9413=CARTESIAN_POINT('Ctrl Pts',(-3.92736165471631,-0.919833895423903,
-14.736458714634));
#9414=CARTESIAN_POINT('Ctrl Pts',(-4.03221735499123,0.116648905115973,-14.7873795453861));
#9415=CARTESIAN_POINT('Ctrl Pts',(-3.98262294358289,0.641182445270301,-14.8118228205421));
#9416=CARTESIAN_POINT('Ctrl Pts',(-3.68526742034462,1.63992704297196,-14.8647239587522));
#9417=CARTESIAN_POINT('Ctrl Pts',(-3.44101045952059,2.10476839252143,-14.8914130847533));
#9418=CARTESIAN_POINT('Ctrl Pts',(-2.7875392226755,2.91570668535909,-14.9424140508014));
#9419=CARTESIAN_POINT('Ctrl Pts',(-2.38427626086579,3.25376083011402,-14.9667501707949));
#9420=CARTESIAN_POINT('Ctrl Pts',(-1.47143581497996,3.75576732872993,-15.0195977935167));
#9421=CARTESIAN_POINT('Ctrl Pts',(-0.970742081829487,3.91517744631916,-15.0463202880236));
#9422=CARTESIAN_POINT('Ctrl Pts',(0.0637086759108409,4.03323688677442,-15.0974031882072));
#9423=CARTESIAN_POINT('Ctrl Pts',(0.587543261885614,3.99072177035319,-15.1216354129098));
#9424=CARTESIAN_POINT('Ctrl Pts',(1.58972263268027,3.70729831702132,-15.174426398891));
#9425=CARTESIAN_POINT('Ctrl Pts',(2.05845303215258,3.46901853916037,-15.2011821618863));
#9426=CARTESIAN_POINT('Ctrl Pts',(2.87752224647605,2.82670610734325,-15.2523485766824));
#9427=CARTESIAN_POINT('Ctrl Pts',(3.22022138602118,2.42911127076095,-15.2764810158525));
#9428=CARTESIAN_POINT('Ctrl Pts',(3.7348585483592,1.52397164628704,-15.3292122174069));
#9429=CARTESIAN_POINT('Ctrl Pts',(3.90145812355429,1.02485052675061,-15.3560009781734));
#9430=CARTESIAN_POINT('Ctrl Pts',(3.98923380279732,0.339060333998877,-15.3900521434767));
#9431=CARTESIAN_POINT('Ctrl Pts',(4.,0.169445661887852,-15.3982601950192));
#9432=CARTESIAN_POINT('Ctrl Pts',(4.,1.94080862492285E-13,-15.40625));
#9433=CARTESIAN_POINT('Origin',(0.,-2.81892564846231E-15,-19.));
#9434=CARTESIAN_POINT('',(4.,-1.93241570747093E-14,-16.8125));
#9435=CARTESIAN_POINT('',(4.,-3.18094884292022E-15,-16.65625));
#9436=CARTESIAN_POINT('',(4.,-3.30878436812125E-15,-19.));
#9437=CARTESIAN_POINT('Ctrl Pts',(4.,-3.53395297812974E-14,-16.8125));
#9438=CARTESIAN_POINT('Ctrl Pts',(4.,0.0103318330173572,-16.8120128271212));
#9439=CARTESIAN_POINT('Ctrl Pts',(3.99995996997311,0.0206654882460745,-16.8115247864838));
#9440=CARTESIAN_POINT('Ctrl Pts',(3.99588779586625,0.546079031263755,-16.7866706326651));
#9441=CARTESIAN_POINT('Ctrl Pts',(3.89244178508428,1.05552134521738,-16.7606286687125));
#9442=CARTESIAN_POINT('Ctrl Pts',(3.49077322329757,2.02482045184158,-16.7070785981852));
#9443=CARTESIAN_POINT('Ctrl Pts',(3.1894817664381,2.47232799955275,-16.6802297292562));
#9444=CARTESIAN_POINT('Ctrl Pts',(2.4426917959987,3.20913148947971,-16.6306259408811));
#9445=CARTESIAN_POINT('Ctrl Pts',(2.00965725063651,3.49663440840838,-16.6045919410506));
#9446=CARTESIAN_POINT('Ctrl Pts',(1.04057132379654,3.89907265200678,-16.5510368896584));
#9447=CARTESIAN_POINT('Ctrl Pts',(0.511043727957127,4.00302278447106,-16.5241560836614));
#9448=CARTESIAN_POINT('Ctrl Pts',(-0.53812062936763,3.9969544201932,-16.4745667245815));
#9449=CARTESIAN_POINT('Ctrl Pts',(-1.04766781432943,3.89454958952886,-16.4485401512364));
#9450=CARTESIAN_POINT('Ctrl Pts',(-2.01795998895372,3.49478805484725,-16.3949805015856));
#9451=CARTESIAN_POINT('Ctrl Pts',(-2.46629505643749,3.19419670645772,-16.3680698818979));
#9452=CARTESIAN_POINT('Ctrl Pts',(-3.20459690026172,2.44861818300203,-16.3184939516838));
#9453=CARTESIAN_POINT('Ctrl Pts',(-3.49285227500492,2.01619959369407,-16.2924742993855));
#9454=CARTESIAN_POINT('Ctrl Pts',(-3.89719617592673,1.04771546242241,-16.2389104043546));
#9455=CARTESIAN_POINT('Ctrl Pts',(-4.00215050061151,0.518104317055365,-16.2119719720618));
#9456=CARTESIAN_POINT('Ctrl Pts',(-3.99786258140029,-0.531247796571206,
-16.1624085341002));
#9457=CARTESIAN_POINT('Ctrl Pts',(-3.8963566870871,-1.04088383847812,-16.136395328269));
#9458=CARTESIAN_POINT('Ctrl Pts',(-3.4982430007189,-2.0120317413955,-16.0828275133342));
#9459=CARTESIAN_POINT('Ctrl Pts',(-3.19825674607752,-2.46108145439644,-16.055863151522));
#9460=CARTESIAN_POINT('Ctrl Pts',(-2.45372479548723,-3.20067559730304,-16.0063113297322));
#9461=CARTESIAN_POINT('Ctrl Pts',(-2.02183868929934,-3.48957917070038,-15.9803041252721));
#9462=CARTESIAN_POINT('Ctrl Pts',(-1.05387564187173,-3.89556710616767,-15.9267326906541));
#9463=CARTESIAN_POINT('Ctrl Pts',(-0.524192687002053,-4.00138835821006,
-15.8997441689934));
#9464=CARTESIAN_POINT('Ctrl Pts',(0.525320215202663,-3.99863619140584,-15.8502031445951));
#9465=CARTESIAN_POINT('Ctrl Pts',(1.0350316221576,-3.89790543420391,-15.824201524502));
#9466=CARTESIAN_POINT('Ctrl Pts',(2.0069161628904,-3.5012136729343,-15.7706267471471));
#9467=CARTESIAN_POINT('Ctrl Pts',(2.45658223743377,-3.20174965621306,-15.743615726678));
#9468=CARTESIAN_POINT('Ctrl Pts',(3.19728970619017,-2.45812062045784,-15.6940847350325));
#9469=CARTESIAN_POINT('Ctrl Pts',(3.48675112729702,-2.02669416839489,-15.6680883090004));
#9470=CARTESIAN_POINT('Ctrl Pts',(3.89345101094659,-1.06085517073925,-15.614603123632));
#9471=CARTESIAN_POINT('Ctrl Pts',(3.9999999991044,-0.533033458418839,-15.5876339180744));
#9472=CARTESIAN_POINT('Ctrl Pts',(4.,-6.72079808472503E-9,-15.5625000003169));
#9473=CARTESIAN_POINT('Ctrl Pts',(4.,1.95052307638832E-13,-15.40625));
#9474=CARTESIAN_POINT('Ctrl Pts',(4.,-0.347806907499913,-15.4226500029916));
#9475=CARTESIAN_POINT('Ctrl Pts',(3.95464226267396,-0.694817733199012,-15.4398983619571));
#9476=CARTESIAN_POINT('Ctrl Pts',(3.72992123223175,-1.5361431646454,-15.4839581333909));
#9477=CARTESIAN_POINT('Ctrl Pts',(3.49804705218912,-2.00891700868197,-15.510779446013));
#9478=CARTESIAN_POINT('Ctrl Pts',(2.86761526066991,-2.83652945534629,-15.5621166527443));
#9479=CARTESIAN_POINT('Ctrl Pts',(2.47599181801758,-3.18411405309595,-15.5860652544087));
#9480=CARTESIAN_POINT('Ctrl Pts',(1.57907681627723,-3.71200286991977,-15.6386674649228));
#9481=CARTESIAN_POINT('Ctrl Pts',(1.08172451732595,-3.88617417661819,-15.6655207065654));
#9482=CARTESIAN_POINT('Ctrl Pts',(0.0519924264605677,-4.03308718719316,
-15.7169446555879));
#9483=CARTESIAN_POINT('Ctrl Pts',(-0.470308403205301,-4.00590878727601,
-15.7408108620752));
#9484=CARTESIAN_POINT('Ctrl Pts',(-1.47958493445919,-3.75282394178377,-15.7933439467516));
#9485=CARTESIAN_POINT('Ctrl Pts',(-1.95650912417266,-3.52774093198676,-15.8202283189553));
#9486=CARTESIAN_POINT('Ctrl Pts',(-2.79299521502954,-2.90982316968198,-15.8717395265253));
#9487=CARTESIAN_POINT('Ctrl Pts',(-3.14566280334819,-2.52442023066738,-15.8955307274483));
#9488=CARTESIAN_POINT('Ctrl Pts',(-3.68729561486769,-1.63619343284507,-15.9479917038797));
#9489=CARTESIAN_POINT('Ctrl Pts',(-3.86934883204052,-1.14080607422292,-15.9749062370239));
#9490=CARTESIAN_POINT('Ctrl Pts',(-4.03167132214557,-0.113751084197014,
-16.0265049201554));
#9491=CARTESIAN_POINT('Ctrl Pts',(-4.01261348173559,0.407730759918317,-16.0502292118881));
#9492=CARTESIAN_POINT('Ctrl Pts',(-3.77566882001781,1.42057352541472,-16.1026152158476));
#9493=CARTESIAN_POINT('Ctrl Pts',(-3.55770343336031,1.90170119122185,-16.1295587768375));
#9494=CARTESIAN_POINT('Ctrl Pts',(-2.95281801176436,2.74729390111799,-16.1812448473467));
#9495=CARTESIAN_POINT('Ctrl Pts',(-2.5738194787014,3.10519074812671,-16.2049109542101));
#9496=CARTESIAN_POINT('Ctrl Pts',(-1.69466431655187,3.66090830860865,-16.257219272108));
#9497=CARTESIAN_POINT('Ctrl Pts',(-1.20143027994032,3.85106672762689,-16.2841905752258));
#9498=CARTESIAN_POINT('Ctrl Pts',(-0.177244778262508,4.02924501147008,-16.3359636379676));
#9499=CARTESIAN_POINT('Ctrl Pts',(0.343396981341244,4.01849575541426,-16.3595808182467));
#9500=CARTESIAN_POINT('Ctrl Pts',(1.35975062389243,3.79811173257681,-16.4118089192399));
#9501=CARTESIAN_POINT('Ctrl Pts',(1.84507746160795,3.5875161839074,-16.4388065399912));
#9502=CARTESIAN_POINT('Ctrl Pts',(2.69990055055198,2.9960426809561,-16.4906658954152));
#9503=CARTESIAN_POINT('Ctrl Pts',(3.0631150790347,2.62355860738816,-16.5142438341291));
#9504=CARTESIAN_POINT('Ctrl Pts',(3.63308962591394,1.75376046051933,-16.566389401113));
#9505=CARTESIAN_POINT('Ctrl Pts',(3.83147821701826,1.26285200037861,-16.5934117927822));
#9506=CARTESIAN_POINT('Ctrl Pts',(3.97650593835659,0.500635731376001,-16.6321848508959));
#9507=CARTESIAN_POINT('Ctrl Pts',(4.,0.25031550663968,-16.6444469708789));
#9508=CARTESIAN_POINT('Ctrl Pts',(4.,-2.35922392732846E-15,-16.65625));
#9509=CARTESIAN_POINT('Origin',(0.,-2.81892564846231E-15,-19.));
#9510=CARTESIAN_POINT('',(4.,8.56880918620268E-16,-18.0625));
#9511=CARTESIAN_POINT('',(4.,-7.27607074643499E-14,-17.90625));
#9512=CARTESIAN_POINT('',(4.,-3.30878436812125E-15,-19.));
#9513=CARTESIAN_POINT('Ctrl Pts',(4.,5.02254620536179E-15,-18.0625));
#9514=CARTESIAN_POINT('Ctrl Pts',(4.,0.0255270399304203,-18.0612963334764));
#9515=CARTESIAN_POINT('Ctrl Pts',(3.9997556393172,0.05106452178631,-18.060087401919));
#9516=CARTESIAN_POINT('Ctrl Pts',(3.98938998001936,0.592189375207743,-18.0343694991971));
#9517=CARTESIAN_POINT('Ctrl Pts',(3.87990603338141,1.1009821551756,-18.0082402340316));
#9518=CARTESIAN_POINT('Ctrl Pts',(3.46721100781588,2.06448142497248,-17.9547482803197));
#9519=CARTESIAN_POINT('Ctrl Pts',(3.16187450502441,2.507194335843,-17.9282469917324));
#9520=CARTESIAN_POINT('Ctrl Pts',(2.40807430778004,3.23527497518178,-17.8784830210518));
#9521=CARTESIAN_POINT('Ctrl Pts',(1.97148445879461,3.51837833697144,-17.8523673082314));
#9522=CARTESIAN_POINT('Ctrl Pts',(0.998945369062824,3.90973361046158,-17.7988658954608));
#9523=CARTESIAN_POINT('Ctrl Pts',(0.469910095492054,4.00785806419187,-17.7723109646448));
#9524=CARTESIAN_POINT('Ctrl Pts',(-0.578132878805144,3.99142833296986,-17.7225721112519));
#9525=CARTESIAN_POINT('Ctrl Pts',(-1.08713125588158,3.8837860006756,-17.6964691206765));
#9526=CARTESIAN_POINT('Ctrl Pts',(-2.05240691600073,3.47444829647213,-17.6429589782099));
#9527=CARTESIAN_POINT('Ctrl Pts',(-2.49658147453708,3.17034291819239,-17.6163535819517));
#9528=CARTESIAN_POINT('Ctrl Pts',(-3.22732880632405,2.41867820199978,-17.5666382209365));
#9529=CARTESIAN_POINT('Ctrl Pts',(-3.51178059604327,1.98316971476531,-17.5405471606606));
#9530=CARTESIAN_POINT('Ctrl Pts',(-3.90652207487691,1.01167724112023,-17.4870289617455));
#9531=CARTESIAN_POINT('Ctrl Pts',(-4.00642385821855,0.482490414568355,-17.4603761476714));
#9532=CARTESIAN_POINT('Ctrl Pts',(-3.99316107920511,-0.565900511262752,
-17.4106827419912));
#9533=CARTESIAN_POINT('Ctrl Pts',(-3.88712067180527,-1.0750723826143,-17.3846028583038));
#9534=CARTESIAN_POINT('Ctrl Pts',(-3.48070746478463,-2.04188795130008,-17.3310772242168));
#9535=CARTESIAN_POINT('Ctrl Pts',(-3.1776748428731,-2.48733445136496,-17.3043799072481));
#9536=CARTESIAN_POINT('Ctrl Pts',(-2.42786957551921,-3.2203969806946,-17.2547070053943));
#9537=CARTESIAN_POINT('Ctrl Pts',(-1.99330387705974,-3.50601702633762,-17.22863758257));
#9538=CARTESIAN_POINT('Ctrl Pts',(-1.0227265228286,-3.90369981290137,-17.1751050865059));
#9539=CARTESIAN_POINT('Ctrl Pts',(-0.493408853906667,-4.00514726040998,
-17.1483660470175));
#9540=CARTESIAN_POINT('Ctrl Pts',(0.555280497723291,-3.99463446328173,-17.0987122803662));
#9541=CARTESIAN_POINT('Ctrl Pts',(1.06459890999518,-3.88998430210942,-17.0726526401387));
#9542=CARTESIAN_POINT('Ctrl Pts',(2.03274692175108,-3.48611230285116,-17.0191138108492));
#9543=CARTESIAN_POINT('Ctrl Pts',(2.47929769744092,-3.18401212075714,-16.9923356942821));
#9544=CARTESIAN_POINT('Ctrl Pts',(3.21436619328133,-2.43582205153371,-16.9426997742002));
#9545=CARTESIAN_POINT('Ctrl Pts',(3.50099661214936,-2.00207619073626,-16.9166492750083));
#9546=CARTESIAN_POINT('Ctrl Pts',(3.89728465638478,-1.04185372715718,-16.8636322801117));
#9547=CARTESIAN_POINT('Ctrl Pts',(4.,-0.523358581244836,-16.8371777223599));
#9548=CARTESIAN_POINT('Ctrl Pts',(4.,-3.59434704222394E-14,-16.8125));
#9549=CARTESIAN_POINT('Ctrl Pts',(4.,0.,-16.65625));
#9550=CARTESIAN_POINT('Ctrl Pts',(4.,-0.262370973082937,-16.6686214758123));
#9551=CARTESIAN_POINT('Ctrl Pts',(3.9741885698954,-0.524688855138024,-16.6814945777386));
#9552=CARTESIAN_POINT('Ctrl Pts',(3.81982272784218,-1.2978498508038,-16.7209660934356));
#9553=CARTESIAN_POINT('Ctrl Pts',(3.61676242240155,-1.78731356446962,-16.7480116059603));
#9554=CARTESIAN_POINT('Ctrl Pts',(3.03892284929873,-2.65137519464331,-16.800040295011));
#9555=CARTESIAN_POINT('Ctrl Pts',(2.67298474167559,-3.01993300626031,-16.8235698631036));
#9556=CARTESIAN_POINT('Ctrl Pts',(1.81271626017552,-3.60415936052396,-16.8755444371189));
#9557=CARTESIAN_POINT('Ctrl Pts',(1.32428120184291,-3.81079785325488,-16.9026113323317));
#9558=CARTESIAN_POINT('Ctrl Pts',(0.306301833044238,-4.02127213523245,-16.9547225409323));
#9559=CARTESIAN_POINT('Ctrl Pts',(-0.212640827132258,-4.02731115652032,
-16.9782431486772));
#9560=CARTESIAN_POINT('Ctrl Pts',(-1.2356631577988,-3.84050597866625,-17.0301298588951));
#9561=CARTESIAN_POINT('Ctrl Pts',(-1.7291459532574,-3.64505084721134,-17.0572163430563));
#9562=CARTESIAN_POINT('Ctrl Pts',(-2.60233844085818,-3.08089754049728,-17.1094082659633));
#9563=CARTESIAN_POINT('Ctrl Pts',(-2.97619951779371,-2.7214578362104,-17.1329300605509));
#9564=CARTESIAN_POINT('Ctrl Pts',(-3.57449507149242,-1.8707692298759,-17.1847277075131));
#9565=CARTESIAN_POINT('Ctrl Pts',(-3.78929644075187,-1.38492330800775,-17.2118319493697));
#9566=CARTESIAN_POINT('Ctrl Pts',(-4.01580921356296,-0.370206928380616,
-17.2641025512929));
#9567=CARTESIAN_POINT('Ctrl Pts',(-4.03012457373029,0.147899375512603,-17.2876354707913));
#9568=CARTESIAN_POINT('Ctrl Pts',(-3.85991652580578,1.17400030383772,-17.3393431822259));
#9569=CARTESIAN_POINT('Ctrl Pts',(-3.67203688890948,1.67133501507582,-17.3664633353862));
#9570=CARTESIAN_POINT('Ctrl Pts',(-3.12145087562026,2.5534369412872,-17.4188103753656));
#9571=CARTESIAN_POINT('Ctrl Pts',(-2.76838104781917,2.93250123770875,-17.4423640266849));
#9572=CARTESIAN_POINT('Ctrl Pts',(-1.92719969136674,3.54451250944217,-17.4939812671321));
#9573=CARTESIAN_POINT('Ctrl Pts',(-1.44402048066361,3.76728703548683,-17.5211154923192));
#9574=CARTESIAN_POINT('Ctrl Pts',(-0.432616719664865,4.00950050224867,-17.5735365498114));
#9575=CARTESIAN_POINT('Ctrl Pts',(0.0846785413346215,4.03188316498293,-17.5971200960541));
#9576=CARTESIAN_POINT('Ctrl Pts',(1.11364677507376,3.87787157263236,-17.6486466713958));
#9577=CARTESIAN_POINT('Ctrl Pts',(1.61462482950371,3.69743949156756,-17.6757931576169));
#9578=CARTESIAN_POINT('Ctrl Pts',(2.5053128873997,3.16013456618526,-17.7282856598551));
#9579=CARTESIAN_POINT('Ctrl Pts',(2.88942200900968,2.81323361858939,-17.7519077197834));
#9580=CARTESIAN_POINT('Ctrl Pts',(3.51464199906122,1.981365986046,-17.8033437766317));
#9581=CARTESIAN_POINT('Ctrl Pts',(3.74510637079146,1.50088934811252,-17.8305007607609));
#9582=CARTESIAN_POINT('Ctrl Pts',(3.95840262775284,0.665513556597048,-17.8740568510444));
#9583=CARTESIAN_POINT('Ctrl Pts',(4.00000000000001,0.333078154378875,-17.89054449614));
#9584=CARTESIAN_POINT('Ctrl Pts',(4.,-1.45716771982052E-13,-17.90625));
#9585=CARTESIAN_POINT('Origin',(0.,-2.81892564846231E-15,-19.));
#9586=CARTESIAN_POINT('',(-3.8216946448143,1.22131922919895E-12,-18.4283053551857));
#9587=CARTESIAN_POINT('',(-3.25,-3.2169358581852E-15,-19.));
#9588=CARTESIAN_POINT('',(-3.25,-3.2169358581852E-15,-19.));
#9589=CARTESIAN_POINT('',(0.593186621228863,-3.19540758470576,-19.));
#9590=CARTESIAN_POINT('Ctrl Pts',(-3.8216946448143,2.44724379649952E-12,
-18.4283053551857));
#9591=CARTESIAN_POINT('Ctrl Pts',(-3.81623932778217,0.174356606081312,-18.4337606722178));
#9592=CARTESIAN_POINT('Ctrl Pts',(-3.79856413203527,0.352578481645421,-18.4395147598165));
#9593=CARTESIAN_POINT('Ctrl Pts',(-3.68163350976801,1.01953217377372,-18.4618103159059));
#9594=CARTESIAN_POINT('Ctrl Pts',(-3.50168867120217,1.48435714890585,-18.4788345656236));
#9595=CARTESIAN_POINT('Ctrl Pts',(-2.99539266490024,2.28271827367849,-18.5110949201974));
#9596=CARTESIAN_POINT('Ctrl Pts',(-2.66679564329212,2.65009019847438,-18.5264226818565));
#9597=CARTESIAN_POINT('Ctrl Pts',(-1.84991201656469,3.22858589261079,-18.5602102896494));
#9598=CARTESIAN_POINT('Ctrl Pts',(-1.40625267383751,3.42679704748523,-18.5772444810333));
#9599=CARTESIAN_POINT('Ctrl Pts',(-0.507126263675898,3.63175251402937,-18.6095816400515));
#9600=CARTESIAN_POINT('Ctrl Pts',(-0.0290977099958738,3.65960861899669,
-18.6249075167629));
#9601=CARTESIAN_POINT('Ctrl Pts',(0.694939161544888,3.5395246769929,-18.6503168157921));
#9602=CARTESIAN_POINT('Ctrl Pts',(0.918943330920725,3.47959272504559,-18.6585411732972));
#9603=CARTESIAN_POINT('Ctrl Pts',(1.55903706305113,3.23975654178923,-18.6831548896544));
#9604=CARTESIAN_POINT('Ctrl Pts',(1.94853779041409,3.00210272046704,-18.6996265150098));
#9605=CARTESIAN_POINT('Ctrl Pts',(2.45559156885611,2.54172113971846,-18.723497408295));
#9606=CARTESIAN_POINT('Ctrl Pts',(2.61352537401738,2.3676300327547,-18.7313202976489));
#9607=CARTESIAN_POINT('Ctrl Pts',(3.01128725520165,1.82667223657743,-18.7551195288875));
#9608=CARTESIAN_POINT('Ctrl Pts',(3.20128376692439,1.42929882302639,-18.7713841973825));
#9609=CARTESIAN_POINT('Ctrl Pts',(3.42879164962005,0.567021480654251,-18.8045383276424));
#9610=CARTESIAN_POINT('Ctrl Pts',(3.45819076284404,0.104769171145976,-18.8203938710522));
#9611=CARTESIAN_POINT('Ctrl Pts',(3.33708532723316,-0.766031720558997,-18.8523123207117));
#9612=CARTESIAN_POINT('Ctrl Pts',(3.20057302682571,-1.17026616775665,-18.8684940790585));
#9613=CARTESIAN_POINT('Ctrl Pts',(2.88607536923716,-1.72833019806369,-18.8930290073787));
#9614=CARTESIAN_POINT('Ctrl Pts',(2.76111763645476,-1.9071597047552,-18.9013108345379));
#9615=CARTESIAN_POINT('Ctrl Pts',(2.38268784505796,-2.35048845567361,-18.923020052537));
#9616=CARTESIAN_POINT('Ctrl Pts',(2.07415621023399,-2.6211827426603,-18.937357846377));
#9617=CARTESIAN_POINT('Ctrl Pts',(1.34284002355118,-3.01753663440437,-18.9696713243191));
#9618=CARTESIAN_POINT('Ctrl Pts',(0.974410134054964,-3.13989057313948,-18.9850039361024));
#9619=CARTESIAN_POINT('Ctrl Pts',(0.593186621228863,-3.19540758470576,-19.));
#9620=CARTESIAN_POINT('Origin',(0.,-2.81892564846231E-15,-19.));
#9621=CARTESIAN_POINT('Origin',(0.,-2.81892564846231E-15,-19.));
#9622=CARTESIAN_POINT('',(-2.67894065418045,-1.84004808942029,-19.));
#9623=CARTESIAN_POINT('Origin',(0.,-2.81892564846231E-15,-19.));
#9624=CARTESIAN_POINT('',(2.33836479972111,-3.24531201326242,-18.25));
#9625=CARTESIAN_POINT('Ctrl Pts',(-2.67894065418045,-1.84004808942029,-19.));
#9626=CARTESIAN_POINT('Ctrl Pts',(-2.56035823758441,-2.08091696766667,-18.9613738269145));
#9627=CARTESIAN_POINT('Ctrl Pts',(-2.41340303524555,-2.30055275423036,-18.9263027981817));
#9628=CARTESIAN_POINT('Ctrl Pts',(-2.06605042137032,-2.70787944974522,-18.8543300069457));
#9629=CARTESIAN_POINT('Ctrl Pts',(-1.86919442900737,-2.89110240925981,-18.8175279339614));
#9630=CARTESIAN_POINT('Ctrl Pts',(-1.30160567043118,-3.30872299656159,-18.7208685791219));
#9631=CARTESIAN_POINT('Ctrl Pts',(-0.904311937807295,-3.49920479170931,
-18.6619423048502));
#9632=CARTESIAN_POINT('Ctrl Pts',(0.0675103715127787,-3.757770555686,-18.5341557457872));
#9633=CARTESIAN_POINT('Ctrl Pts',(0.565530015669783,-3.74763715981156,-18.4770859681195));
#9634=CARTESIAN_POINT('Ctrl Pts',(1.4217900078594,-3.64398930663687,-18.3699911953944));
#9635=CARTESIAN_POINT('Ctrl Pts',(1.90138739496773,-3.48823984027395,-18.3083589965481));
#9636=CARTESIAN_POINT('Ctrl Pts',(2.3383647997211,-3.2453120132624,-18.25));
#9637=CARTESIAN_POINT('',(-0.641308524873347,-3.94825573841474,-18.25));
#9638=CARTESIAN_POINT('Origin',(0.,-2.81892564846231E-15,-18.25));
#9639=CARTESIAN_POINT('Ctrl Pts',(-0.641308524872758,-3.94825573841485,
-18.25));
#9640=CARTESIAN_POINT('Ctrl Pts',(-1.13528944676924,-3.85197024701685,-18.2658413919004));
#9641=CARTESIAN_POINT('Ctrl Pts',(-1.60644611646409,-3.6625999390523,-18.2823432954119));
#9642=CARTESIAN_POINT('Ctrl Pts',(-2.4271869965801,-3.1344050006422,-18.3139523618326));
#9643=CARTESIAN_POINT('Ctrl Pts',(-2.81481735109944,-2.78448391096762,-18.3293325005019));
#9644=CARTESIAN_POINT('Ctrl Pts',(-3.4194583157386,-1.91553013256176,-18.3633516624482));
#9645=CARTESIAN_POINT('Ctrl Pts',(-3.62422990144598,-1.44737746145557,-18.38036629187));
#9646=CARTESIAN_POINT('Ctrl Pts',(-3.79836067558626,-0.656560073543876,
-18.4072768499095));
#9647=CARTESIAN_POINT('Ctrl Pts',(-3.83219082046734,-0.335466766254156,
-18.4178091795327));
#9648=CARTESIAN_POINT('Ctrl Pts',(-3.8216946448143,2.44766013013376E-12,
-18.4283053551857));
#9649=CARTESIAN_POINT('Origin',(0.,-2.81892564846231E-15,-19.));
#9650=CARTESIAN_POINT('Ctrl Pts',(4.,-1.44398382140309E-13,-17.90625));
#9651=CARTESIAN_POINT('Ctrl Pts',(4.,-0.177520301786104,-17.9146205453158));
#9652=CARTESIAN_POINT('Ctrl Pts',(3.9881833245437,-0.355201285399652,-17.9232294616414));
#9653=CARTESIAN_POINT('Ctrl Pts',(3.89425545812579,-1.05532378739745,-17.9580765926192));
#9654=CARTESIAN_POINT('Ctrl Pts',(3.72105111674244,-1.55970493938647,-17.985242376977));
#9655=CARTESIAN_POINT('Ctrl Pts',(3.19658714072734,-2.4585686228932,-18.0378695814978));
#9656=CARTESIAN_POINT('Ctrl Pts',(2.85559060687492,-2.84751251475817,-18.0615919324816));
#9657=CARTESIAN_POINT('Ctrl Pts',(2.03273187771326,-3.48530344212847,-18.112848722154));
#9658=CARTESIAN_POINT('Ctrl Pts',(1.55495091891516,-3.7230941127776,-18.140021689756));
#9659=CARTESIAN_POINT('Ctrl Pts',(0.769192850176393,-3.93571695780647,-18.181225022399));
#9660=CARTESIAN_POINT('Ctrl Pts',(0.486366215829765,-3.98057705137203,-18.1954372097038));
#9661=CARTESIAN_POINT('Ctrl Pts',(-0.0805130266862505,-4.00912229388998,
-18.2227245690403));
#9662=CARTESIAN_POINT('Ctrl Pts',(-0.362883591562921,-3.99347983105189,
-18.2359882550246));
#9663=CARTESIAN_POINT('Ctrl Pts',(-0.641308524873336,-3.94825573841473,
-18.25));
#9664=CARTESIAN_POINT('Ctrl Pts',(2.33836479972111,-3.2453120132624,-18.25));
#9665=CARTESIAN_POINT('Ctrl Pts',(2.64280582868261,-3.02595122982919,-18.231360421006));
#9666=CARTESIAN_POINT('Ctrl Pts',(2.91483428467921,-2.76487617457929,-18.2140657670756));
#9667=CARTESIAN_POINT('Ctrl Pts',(3.38299573878342,-2.1684186217948,-18.1767974591183));
#9668=CARTESIAN_POINT('Ctrl Pts',(3.57497202153425,-1.83473365308407,-18.1573138056069));
#9669=CARTESIAN_POINT('Ctrl Pts',(3.90392355648859,-1.00805357765923,-18.1119088488728));
#9670=CARTESIAN_POINT('Ctrl Pts',(4.,-0.506166993711227,-18.086367094161));
#9671=CARTESIAN_POINT('Ctrl Pts',(4.,5.27355936696949E-15,-18.0625));
#9672=CARTESIAN_POINT('Origin',(0.,-9.10729824887824E-15,11.));
#9673=CARTESIAN_POINT('Ctrl Pts',(3.92031427878735,-6.01237809538802E-12,
10.641493427407));
#9674=CARTESIAN_POINT('Ctrl Pts',(3.91519493303561,-0.230916417524812,10.6274281405517));
#9675=CARTESIAN_POINT('Ctrl Pts',(3.88935693003962,-0.468336526357597,10.6123977895794));
#9676=CARTESIAN_POINT('Ctrl Pts',(3.73571272118322,-1.20277363222364,10.5638262272786));
#9677=CARTESIAN_POINT('Ctrl Pts',(3.53727391479041,-1.6715685243451,10.5299844846943));
#9678=CARTESIAN_POINT('Ctrl Pts',(2.98975872195476,-2.48120555647725,10.4657188949648));
#9679=CARTESIAN_POINT('Ctrl Pts',(2.63185562457928,-2.85614938238322,10.4348610879215));
#9680=CARTESIAN_POINT('Ctrl Pts',(1.75943957805476,-3.42671982878312,10.3661216730327));
#9681=CARTESIAN_POINT('Ctrl Pts',(1.29626140321749,-3.61437820485911,10.3322730900537));
#9682=CARTESIAN_POINT('Ctrl Pts',(0.355107177338082,-3.79607741630987,10.268048571897));
#9683=CARTESIAN_POINT('Ctrl Pts',(-0.1534087597143,-3.80816577590473,10.2371894445464));
#9684=CARTESIAN_POINT('Ctrl Pts',(-1.1552560161594,-3.59857616941425,10.1684113991434));
#9685=CARTESIAN_POINT('Ctrl Pts',(-1.60687286545467,-3.4073548315295,10.1345558902633));
#9686=CARTESIAN_POINT('Ctrl Pts',(-2.38516828087363,-2.88081095758372,10.0703746546588));
#9687=CARTESIAN_POINT('Ctrl Pts',(-2.74646236816304,-2.53664167573393,10.039513872043));
#9688=CARTESIAN_POINT('Ctrl Pts',(-3.2962812258396,-1.69579906098463,9.97069465368633));
#9689=CARTESIAN_POINT('Ctrl Pts',(-3.47685824704558,-1.24986220440689,9.93683213184121));
#9690=CARTESIAN_POINT('Ctrl Pts',(-3.65115292526379,-0.345691874323487,
9.87269659558205));
#9691=CARTESIAN_POINT('Ctrl Pts',(-3.66326425673654,0.143475621483357,9.84183378981215));
#9692=CARTESIAN_POINT('Ctrl Pts',(-3.50935903651856,0.8785055103128,9.78937291032962));
#9693=CARTESIAN_POINT('Ctrl Pts',(-3.4397175133173,1.10097649224441,9.77278730141574));
#9694=CARTESIAN_POINT('Ctrl Pts',(-3.17348675786483,1.73010717762566,9.72373939745336));
#9695=CARTESIAN_POINT('Ctrl Pts',(-2.92140787060781,2.10842819011984,9.69138904542602));
#9696=CARTESIAN_POINT('Ctrl Pts',(-2.25233074149812,2.79120548665741,9.62646235443331));
#9697=CARTESIAN_POINT('Ctrl Pts',(-1.86528977753188,3.03413171588046,9.59462900052738));
#9698=CARTESIAN_POINT('Ctrl Pts',(-1.07385941345781,3.38046204845818,9.53144254411572));
#9699=CARTESIAN_POINT('Ctrl Pts',(-0.614714202092217,3.48073704828877,9.49723082961199));
#9700=CARTESIAN_POINT('Ctrl Pts',(0.335320703219791,3.49733379749643,9.43118683478536));
#9701=CARTESIAN_POINT('Ctrl Pts',(0.773938816573326,3.40510338580583,9.39958587531893));
#9702=CARTESIAN_POINT('Ctrl Pts',(1.57770147489988,3.09601961098724,9.33532062085234));
#9703=CARTESIAN_POINT('Ctrl Pts',(1.96615732182905,2.85012702609175,9.30112599720375));
#9704=CARTESIAN_POINT('Ctrl Pts',(2.45737344884726,2.38173005188511,9.25284489356839));
#9705=CARTESIAN_POINT('Ctrl Pts',(2.60344718526288,2.21246972489669,9.23731018988647));
#9706=CARTESIAN_POINT('Ctrl Pts',(2.97849665854668,1.67817705915426,9.18924484317959));
#9707=CARTESIAN_POINT('Ctrl Pts',(3.15581853234603,1.28344164677928,9.15628471849571));
#9708=CARTESIAN_POINT('Ctrl Pts',(3.319363603216,0.592497970199764,9.10229291227613));
#9709=CARTESIAN_POINT('Ctrl Pts',(3.35213432215071,0.301028977435839,9.08043182636101));
#9710=CARTESIAN_POINT('Ctrl Pts',(3.34431116309516,-2.14397943842926E-11,
9.05893787350715));
#9711=CARTESIAN_POINT('Ctrl Pts',(3.24306509005347,3.72653297109338E-13,
8.78076657401669));
#9712=CARTESIAN_POINT('Ctrl Pts',(3.2454454961015,0.136084962280672,8.78730668588286));
#9713=CARTESIAN_POINT('Ctrl Pts',(3.23932156727767,0.272416602487175,8.79401470990279));
#9714=CARTESIAN_POINT('Ctrl Pts',(3.17897422133441,0.830598081951897,8.82211861788564));
#9715=CARTESIAN_POINT('Ctrl Pts',(3.05132238891074,1.24004446324327,8.84423956988512));
#9716=CARTESIAN_POINT('Ctrl Pts',(2.64216784095486,1.99486657815552,8.88813909136276));
#9717=CARTESIAN_POINT('Ctrl Pts',(2.36176984817063,2.33020322708932,8.90832270229885));
#9718=CARTESIAN_POINT('Ctrl Pts',(1.6898291314963,2.87285506059419,8.95092024122063));
#9719=CARTESIAN_POINT('Ctrl Pts',(1.30475244624749,3.07566520209685,8.97304714030223));
#9720=CARTESIAN_POINT('Ctrl Pts',(0.470463204668545,3.32479341741669,9.01694694033608));
#9721=CARTESIAN_POINT('Ctrl Pts',(0.0292992759973446,3.3649229321615,9.03712991295143));
#9722=CARTESIAN_POINT('Ctrl Pts',(-0.841820204041657,3.27378023638691,9.07969841748089));
#9723=CARTESIAN_POINT('Ctrl Pts',(-1.26381105180512,3.14374394955249,9.10183160341512));
#9724=CARTESIAN_POINT('Ctrl Pts',(-2.04122844039805,2.72550742183552,9.14573156408272));
#9725=CARTESIAN_POINT('Ctrl Pts',(-2.38656879181316,2.43885134109181,9.16591430265605));
#9726=CARTESIAN_POINT('Ctrl Pts',(-2.94710508157679,1.75007877205903,9.20845132936028));
#9727=CARTESIAN_POINT('Ctrl Pts',(-3.1572698027862,1.35449919835225,9.2305911560988));
#9728=CARTESIAN_POINT('Ctrl Pts',(-3.41625903634648,0.497953493919315,9.27449107897062));
#9729=CARTESIAN_POINT('Ctrl Pts',(-3.45921336857778,0.0453938302868272,
9.29467405134387));
#9730=CARTESIAN_POINT('Ctrl Pts',(-3.36920740565456,-0.850277501865008,
9.33717689721382));
#9731=CARTESIAN_POINT('Ctrl Pts',(-3.23711785420862,-1.28498507955911,9.35932373429601));
#9732=CARTESIAN_POINT('Ctrl Pts',(-2.81046321428957,-2.08523553012754,9.40322332517641));
#9733=CARTESIAN_POINT('Ctrl Pts',(-2.51796353282932,-2.4406854496388,9.42340707527355));
#9734=CARTESIAN_POINT('Ctrl Pts',(-1.99068816340032,-2.87371174055685,9.45516628839414));
#9735=CARTESIAN_POINT('Ctrl Pts',(-1.80221089778685,-3.00008291087459,9.46595446784682));
#9736=CARTESIAN_POINT('Ctrl Pts',(-1.21485683467765,-3.31618848273239,9.49802041022233));
#9737=CARTESIAN_POINT('Ctrl Pts',(-0.790874132403055,-3.4499017074251,9.51927532665524));
#9738=CARTESIAN_POINT('Ctrl Pts',(0.112053498236913,-3.55625392650877,9.56100528214405));
#9739=CARTESIAN_POINT('Ctrl Pts',(0.584715990507086,-3.51712713156606,9.58162382204565));
#9740=CARTESIAN_POINT('Ctrl Pts',(1.4649075709609,-3.26485483535406,9.62501761883025));
#9741=CARTESIAN_POINT('Ctrl Pts',(1.86798248807372,-3.06122768605842,9.64635387584873));
#9742=CARTESIAN_POINT('Ctrl Pts',(2.59863239831417,-2.49828758209059,9.68828561540239));
#9743=CARTESIAN_POINT('Ctrl Pts',(2.91334087658038,-2.1352675589826,9.70878282156809));
#9744=CARTESIAN_POINT('Ctrl Pts',(3.37297354973151,-1.32862526163949,9.75216194097084));
#9745=CARTESIAN_POINT('Ctrl Pts',(3.52107639727519,-0.894631308926306,9.77357116980846));
#9746=CARTESIAN_POINT('Ctrl Pts',(3.60516526193603,-0.296972620886016,9.80074136272126));
#9747=CARTESIAN_POINT('Ctrl Pts',(3.61669697144326,-0.148482609745316,9.80731173132349));
#9748=CARTESIAN_POINT('Ctrl Pts',(3.61902442300455,-1.48492329543615E-14,
9.81370635193301));
#9749=CARTESIAN_POINT('Origin',(0.,-2.60208521396521E-15,11.4));
#9750=CARTESIAN_POINT('',(6.1,-3.3491197614451E-15,11.));
#9751=CARTESIAN_POINT('Origin',(0.,-2.81892564846231E-15,11.));
#9752=CARTESIAN_POINT('',(6.5,-3.39810563341099E-15,11.4));
#9753=CARTESIAN_POINT('Origin',(6.1,-3.3491197614451E-15,11.4));
#9754=CARTESIAN_POINT('Origin',(0.,-2.81892564846231E-15,11.4));
#9755=CARTESIAN_POINT('Origin',(0.,-2.81892564846231E-15,-19.));
#9756=CARTESIAN_POINT('',(6.5,-3.61494606790809E-15,18.6));
#9757=CARTESIAN_POINT('',(6.5,-3.61494606790809E-15,-19.));
#9758=CARTESIAN_POINT('Origin',(0.,-2.81892564846231E-15,18.6));
#9759=CARTESIAN_POINT('Origin',(0.,-2.60208521396521E-15,18.6));
#9760=CARTESIAN_POINT('',(6.1,-3.3491197614451E-15,19.));
#9761=CARTESIAN_POINT('Origin',(6.1,-3.3491197614451E-15,18.6));
#9762=CARTESIAN_POINT('Origin',(0.,-2.81892564846231E-15,19.));
#9763=CARTESIAN_POINT('Origin',(0.,0.,19.));
#9764=CARTESIAN_POINT('',(3.,-1.73205080756888,18.7463605596572));
#9765=CARTESIAN_POINT('',(3.,1.73205080756888,18.7463605596572));
#9766=CARTESIAN_POINT('Ctrl Pts',(3.,-1.73205080756888,18.7463605596572));
#9767=CARTESIAN_POINT('Ctrl Pts',(3.,1.33226762955019E-15,18.2463605596572));
#9768=CARTESIAN_POINT('Ctrl Pts',(3.,1.73205080756888,18.7463605596572));
#9769=CARTESIAN_POINT('',(6.66434525557673E-16,-3.46410161513775,18.7463605596572));
#9770=CARTESIAN_POINT('Ctrl Pts',(-4.07219498104802E-15,-3.46410161513776,
18.7463605596572));
#9771=CARTESIAN_POINT('Ctrl Pts',(1.5,-2.59807621135332,18.2463605596572));
#9772=CARTESIAN_POINT('Ctrl Pts',(3.,-1.73205080756887,18.7463605596572));
#9773=CARTESIAN_POINT('',(-3.,-1.73205080756888,18.7463605596572));
#9774=CARTESIAN_POINT('Ctrl Pts',(-3.,-1.73205080756888,18.7463605596572));
#9775=CARTESIAN_POINT('Ctrl Pts',(-1.5,-2.59807621135332,18.2463605596572));
#9776=CARTESIAN_POINT('Ctrl Pts',(4.73704314121914E-15,-3.46410161513776,
18.7463605596572));
#9777=CARTESIAN_POINT('',(-3.,-9.55089782264041E-16,18.4784113672261));
#9778=CARTESIAN_POINT('Ctrl Pts',(-3.,-1.73205080756888,18.7463605596572));
#9779=CARTESIAN_POINT('Ctrl Pts',(-3.,-0.803847577293371,18.4784113672261));
#9780=CARTESIAN_POINT('Ctrl Pts',(-3.,-1.54278552478388E-15,18.4784113672261));
#9781=CARTESIAN_POINT('',(-3.90341801261479,-4.78030837488283E-16,19.));
#9782=CARTESIAN_POINT('',(-3.90341801261479,-4.78030837488283E-16,19.));
#9783=CARTESIAN_POINT('Origin',(0.,0.,19.));
#9784=CARTESIAN_POINT('',(-3.,1.73205080756888,18.7463605596572));
#9785=CARTESIAN_POINT('Ctrl Pts',(-3.,-1.54278552478388E-15,18.4784113672261));
#9786=CARTESIAN_POINT('Ctrl Pts',(-3.,0.803847577293365,18.4784113672261));
#9787=CARTESIAN_POINT('Ctrl Pts',(-3.,1.73205080756887,18.7463605596572));
#9788=CARTESIAN_POINT('',(-3.71638392026305E-16,3.46410161513775,18.7463605596572));
#9789=CARTESIAN_POINT('Ctrl Pts',(3.15802876081275E-15,3.46410161513776,
18.7463605596572));
#9790=CARTESIAN_POINT('Ctrl Pts',(-1.5,2.59807621135332,18.2463605596572));
#9791=CARTESIAN_POINT('Ctrl Pts',(-3.,1.73205080756888,18.7463605596572));
#9792=CARTESIAN_POINT('Ctrl Pts',(3.,1.73205080756887,18.7463605596572));
#9793=CARTESIAN_POINT('Ctrl Pts',(1.5,2.59807621135331,18.2463605596572));
#9794=CARTESIAN_POINT('Ctrl Pts',(-2.57628662066304E-15,3.46410161513775,
18.7463605596572));
#9795=CARTESIAN_POINT('Origin',(0.,0.,15.));
#9796=CARTESIAN_POINT('',(-2.90949764976033E-17,3.46410161513775,15.));
#9797=CARTESIAN_POINT('',(-3.,1.73205080756888,15.));
#9798=CARTESIAN_POINT('',(-2.90949764976033E-17,3.46410161513775,15.));
#9799=CARTESIAN_POINT('',(-3.,-1.73205080756888,15.));
#9800=CARTESIAN_POINT('',(-3.,1.73205080756888,15.));
#9801=CARTESIAN_POINT('',(4.08565736867529E-16,-3.46410161513775,15.));
#9802=CARTESIAN_POINT('',(-3.,-1.73205080756888,15.));
#9803=CARTESIAN_POINT('',(3.,-1.73205080756888,15.));
#9804=CARTESIAN_POINT('',(4.08565736867529E-16,-3.46410161513775,15.));
#9805=CARTESIAN_POINT('',(3.,1.73205080756888,15.));
#9806=CARTESIAN_POINT('',(3.,-1.73205080756888,15.));
#9807=CARTESIAN_POINT('',(3.,1.73205080756888,15.));
#9808=CARTESIAN_POINT('Origin',(-2.90949764976033E-17,3.46410161513775,
15.));
#9809=CARTESIAN_POINT('',(-2.90949764976033E-17,3.46410161513775,15.));
#9810=CARTESIAN_POINT('',(-3.,1.73205080756888,15.));
#9811=CARTESIAN_POINT('Origin',(-3.,1.73205080756888,15.));
#9812=CARTESIAN_POINT('',(-3.,-1.73205080756888,15.));
#9813=CARTESIAN_POINT('Origin',(-3.,-1.73205080756888,15.));
#9814=CARTESIAN_POINT('',(4.08565736867529E-16,-3.46410161513775,15.));
#9815=CARTESIAN_POINT('Origin',(4.08565736867529E-16,-3.46410161513775,
15.));
#9816=CARTESIAN_POINT('',(3.,-1.73205080756888,15.));
#9817=CARTESIAN_POINT('Origin',(3.,-1.73205080756888,15.));
#9818=CARTESIAN_POINT('',(3.,1.73205080756888,15.));
#9819=CARTESIAN_POINT('Origin',(3.,1.73205080756888,15.));
#9820=CARTESIAN_POINT('Origin',(0.,6.1,19.));
#9821=CARTESIAN_POINT('Origin',(-6.1,-2.81892564846231E-15,11.));
#9822=CARTESIAN_POINT('Origin',(-5.43966107523098E-16,-6.66133814775094E-15,
-19.546875));
#9823=CARTESIAN_POINT('Ctrl Pts',(-3.90429791028483E-16,-3.18810118395211,
8.5));
#9824=CARTESIAN_POINT('Ctrl Pts',(1.07133946595064,-3.18810118395211,8.56338123872975));
#9825=CARTESIAN_POINT('Ctrl Pts',(1.92526807684638,-2.54112809425127,8.62975448311817));
#9826=CARTESIAN_POINT('Ctrl Pts',(0.,3.18809751674974,-19.6249978827397));
#9827=CARTESIAN_POINT('Ctrl Pts',(-1.32055322960573,3.18809751674974,-19.5468728827397));
#9828=CARTESIAN_POINT('Ctrl Pts',(-2.25432537317774,2.25432537317773,-19.4687478827397));
#9829=CARTESIAN_POINT('Ctrl Pts',(-3.18809751674975,1.32055322960572,-19.3906228827397));
#9830=CARTESIAN_POINT('Ctrl Pts',(-3.18809751674975,-8.91768956558768E-15,
-19.3124978827397));
#9831=CARTESIAN_POINT('Ctrl Pts',(-3.18809751674975,-1.32055322960574,-19.2343728827397));
#9832=CARTESIAN_POINT('Ctrl Pts',(-2.25432537317774,-2.25432537317775,-19.1562478827397));
#9833=CARTESIAN_POINT('Ctrl Pts',(-1.32055322960573,-3.18809751674976,-19.0781228827397));
#9834=CARTESIAN_POINT('Ctrl Pts',(-3.90429341925721E-16,-3.18809751674976,
-18.9999978827397));
#9835=CARTESIAN_POINT('Ctrl Pts',(1.32055322960573,-3.18809751674976,-18.9218728827397));
#9836=CARTESIAN_POINT('Ctrl Pts',(2.25432537317774,-2.25432537317775,-18.8437478827397));
#9837=CARTESIAN_POINT('Ctrl Pts',(3.18809751674975,-1.32055322960574,-18.7656228827397));
#9838=CARTESIAN_POINT('Ctrl Pts',(3.18809751674975,-9.69854824943912E-15,
-18.6874978827397));
#9839=CARTESIAN_POINT('Ctrl Pts',(3.18809751674975,1.32055322960572,-18.6093728827397));
#9840=CARTESIAN_POINT('Ctrl Pts',(2.25432537317774,2.25432537317773,-18.5312478827397));
#9841=CARTESIAN_POINT('Ctrl Pts',(1.32055322960574,3.18809751674974,-18.4531228827397));
#9842=CARTESIAN_POINT('Ctrl Pts',(0.,3.18809751674974,-18.3749978827397));
#9843=CARTESIAN_POINT('Ctrl Pts',(-1.32055322960573,3.18809751674974,-18.2968728827397));
#9844=CARTESIAN_POINT('Ctrl Pts',(-2.25432537317774,2.25432537317773,-18.2187478827397));
#9845=CARTESIAN_POINT('Ctrl Pts',(-3.18809751674975,1.32055322960572,-18.1406228827397));
#9846=CARTESIAN_POINT('Ctrl Pts',(-3.18809751674975,-8.91768956558768E-15,
-18.0624978827397));
#9847=CARTESIAN_POINT('Ctrl Pts',(-3.18809751674975,-1.32055322960574,-17.9843728827397));
#9848=CARTESIAN_POINT('Ctrl Pts',(-2.25432537317774,-2.25432537317775,-17.9062478827397));
#9849=CARTESIAN_POINT('Ctrl Pts',(-1.32055322960573,-3.18809751674976,-17.8281228827397));
#9850=CARTESIAN_POINT('Ctrl Pts',(-3.90429341925721E-16,-3.18809751674976,
-17.7499978827397));
#9851=CARTESIAN_POINT('Ctrl Pts',(1.32055322960573,-3.18809751674976,-17.6718728827397));
#9852=CARTESIAN_POINT('Ctrl Pts',(2.25432537317774,-2.25432537317775,-17.5937478827397));
#9853=CARTESIAN_POINT('Ctrl Pts',(3.18809751674975,-1.32055322960574,-17.5156228827397));
#9854=CARTESIAN_POINT('Ctrl Pts',(3.18809751674975,-9.69854824943912E-15,
-17.4374978827397));
#9855=CARTESIAN_POINT('Ctrl Pts',(3.18809751674975,1.32055322960572,-17.3593728827397));
#9856=CARTESIAN_POINT('Ctrl Pts',(2.25432537317774,2.25432537317773,-17.2812478827397));
#9857=CARTESIAN_POINT('Ctrl Pts',(1.32055322960574,3.18809751674974,-17.2031228827397));
#9858=CARTESIAN_POINT('Ctrl Pts',(0.,3.18809751674974,-17.1249978827397));
#9859=CARTESIAN_POINT('Ctrl Pts',(-1.32055322960573,3.18809751674974,-17.0468728827397));
#9860=CARTESIAN_POINT('Ctrl Pts',(-2.25432537317774,2.25432537317773,-16.9687478827397));
#9861=CARTESIAN_POINT('Ctrl Pts',(-3.18809751674975,1.32055322960572,-16.8906228827397));
#9862=CARTESIAN_POINT('Ctrl Pts',(-3.18809751674975,-8.91768956558768E-15,
-16.8124978827397));
#9863=CARTESIAN_POINT('Ctrl Pts',(-3.18809751674975,-1.32055322960574,-16.7343728827397));
#9864=CARTESIAN_POINT('Ctrl Pts',(-2.25432537317774,-2.25432537317775,-16.6562478827397));
#9865=CARTESIAN_POINT('Ctrl Pts',(-1.32055322960573,-3.18809751674976,-16.5781228827397));
#9866=CARTESIAN_POINT('Ctrl Pts',(-3.90429341925721E-16,-3.18809751674976,
-16.4999978827397));
#9867=CARTESIAN_POINT('Ctrl Pts',(1.32055322960573,-3.18809751674976,-16.4218728827397));
#9868=CARTESIAN_POINT('Ctrl Pts',(2.25432537317774,-2.25432537317775,-16.3437478827397));
#9869=CARTESIAN_POINT('Ctrl Pts',(3.18809751674975,-1.32055322960574,-16.2656228827397));
#9870=CARTESIAN_POINT('Ctrl Pts',(3.18809751674975,-9.69854824943912E-15,
-16.1874978827397));
#9871=CARTESIAN_POINT('Ctrl Pts',(3.18809751674975,1.32055322960572,-16.1093728827397));
#9872=CARTESIAN_POINT('Ctrl Pts',(2.25432537317774,2.25432537317773,-16.0312478827397));
#9873=CARTESIAN_POINT('Ctrl Pts',(1.32055322960574,3.18809751674974,-15.9531228827397));
#9874=CARTESIAN_POINT('Ctrl Pts',(0.,3.18809751674974,-15.8749978827397));
#9875=CARTESIAN_POINT('Ctrl Pts',(-1.32055322960573,3.18809751674974,-15.7968728827397));
#9876=CARTESIAN_POINT('Ctrl Pts',(-2.25432537317774,2.25432537317773,-15.7187478827397));
#9877=CARTESIAN_POINT('Ctrl Pts',(-3.18809751674975,1.32055322960572,-15.6406228827397));
#9878=CARTESIAN_POINT('Ctrl Pts',(-3.18809751674975,-8.91768956558768E-15,
-15.5624978827397));
#9879=CARTESIAN_POINT('Ctrl Pts',(-3.18809751674975,-1.32055322960574,-15.4843728827397));
#9880=CARTESIAN_POINT('Ctrl Pts',(-2.25432537317774,-2.25432537317775,-15.4062478827397));
#9881=CARTESIAN_POINT('Ctrl Pts',(-1.32055322960573,-3.18809751674976,-15.3281228827397));
#9882=CARTESIAN_POINT('Ctrl Pts',(-3.90429341925721E-16,-3.18809751674976,
-15.2499978827397));
#9883=CARTESIAN_POINT('Ctrl Pts',(1.32055322960573,-3.18809751674976,-15.1718728827397));
#9884=CARTESIAN_POINT('Ctrl Pts',(2.25432537317774,-2.25432537317775,-15.0937478827397));
#9885=CARTESIAN_POINT('Ctrl Pts',(3.18809751674975,-1.32055322960574,-15.0156228827397));
#9886=CARTESIAN_POINT('Ctrl Pts',(3.18809751674975,-9.69854824943912E-15,
-14.9374978827397));
#9887=CARTESIAN_POINT('Ctrl Pts',(3.18809751674975,1.32055322960572,-14.8593728827397));
#9888=CARTESIAN_POINT('Ctrl Pts',(2.25432537317774,2.25432537317773,-14.7812478827397));
#9889=CARTESIAN_POINT('Ctrl Pts',(1.32055322960574,3.18809751674974,-14.7031228827397));
#9890=CARTESIAN_POINT('Ctrl Pts',(0.,3.18809751674974,-14.6249978827397));
#9891=CARTESIAN_POINT('Ctrl Pts',(-1.32055322960573,3.18809751674974,-14.5468728827397));
#9892=CARTESIAN_POINT('Ctrl Pts',(-2.25432537317774,2.25432537317773,-14.4687478827397));
#9893=CARTESIAN_POINT('Ctrl Pts',(-3.18809751674975,1.32055322960572,-14.3906228827397));
#9894=CARTESIAN_POINT('Ctrl Pts',(-3.18809751674975,-8.91768956558768E-15,
-14.3124978827397));
#9895=CARTESIAN_POINT('Ctrl Pts',(-3.18809751674975,-1.32055322960574,-14.2343728827397));
#9896=CARTESIAN_POINT('Ctrl Pts',(-2.25432537317774,-2.25432537317775,-14.1562478827397));
#9897=CARTESIAN_POINT('Ctrl Pts',(-1.32055322960573,-3.18809751674976,-14.0781228827397));
#9898=CARTESIAN_POINT('Ctrl Pts',(-3.90429341925721E-16,-3.18809751674976,
-13.9999978827397));
#9899=CARTESIAN_POINT('Ctrl Pts',(1.32055322960573,-3.18809751674976,-13.9218728827397));
#9900=CARTESIAN_POINT('Ctrl Pts',(2.25432537317774,-2.25432537317775,-13.8437478827397));
#9901=CARTESIAN_POINT('Ctrl Pts',(3.18809751674975,-1.32055322960574,-13.7656228827397));
#9902=CARTESIAN_POINT('Ctrl Pts',(3.18809751674975,-9.69854824943912E-15,
-13.6874978827397));
#9903=CARTESIAN_POINT('Ctrl Pts',(3.18809751674975,1.32055322960572,-13.6093728827397));
#9904=CARTESIAN_POINT('Ctrl Pts',(2.25432537317774,2.25432537317773,-13.5312478827397));
#9905=CARTESIAN_POINT('Ctrl Pts',(1.32055322960574,3.18809751674974,-13.4531228827397));
#9906=CARTESIAN_POINT('Ctrl Pts',(0.,3.18809751674974,-13.3749978827397));
#9907=CARTESIAN_POINT('Ctrl Pts',(-1.32055322960573,3.18809751674974,-13.2968728827397));
#9908=CARTESIAN_POINT('Ctrl Pts',(-2.25432537317774,2.25432537317773,-13.2187478827397));
#9909=CARTESIAN_POINT('Ctrl Pts',(-3.18809751674975,1.32055322960572,-13.1406228827397));
#9910=CARTESIAN_POINT('Ctrl Pts',(-3.18809751674975,-8.91768956558768E-15,
-13.0624978827397));
#9911=CARTESIAN_POINT('Ctrl Pts',(-3.18809751674975,-1.32055322960574,-12.9843728827397));
#9912=CARTESIAN_POINT('Ctrl Pts',(-2.25432537317774,-2.25432537317775,-12.9062478827397));
#9913=CARTESIAN_POINT('Ctrl Pts',(-1.32055322960573,-3.18809751674976,-12.8281228827397));
#9914=CARTESIAN_POINT('Ctrl Pts',(-3.90429341925721E-16,-3.18809751674976,
-12.7499978827397));
#9915=CARTESIAN_POINT('Ctrl Pts',(1.32055322960573,-3.18809751674976,-12.6718728827397));
#9916=CARTESIAN_POINT('Ctrl Pts',(2.25432537317774,-2.25432537317775,-12.5937478827397));
#9917=CARTESIAN_POINT('Ctrl Pts',(3.18809751674975,-1.32055322960574,-12.5156228827397));
#9918=CARTESIAN_POINT('Ctrl Pts',(3.18809751674975,-9.69854824943912E-15,
-12.4374978827397));
#9919=CARTESIAN_POINT('Ctrl Pts',(3.18809751674975,1.32055322960572,-12.3593728827397));
#9920=CARTESIAN_POINT('Ctrl Pts',(2.25432537317774,2.25432537317773,-12.2812478827397));
#9921=CARTESIAN_POINT('Ctrl Pts',(1.32055322960574,3.18809751674974,-12.2031228827397));
#9922=CARTESIAN_POINT('Ctrl Pts',(0.,3.18809751674974,-12.1249978827397));
#9923=CARTESIAN_POINT('Ctrl Pts',(-1.32055322960573,3.18809751674974,-12.0468728827397));
#9924=CARTESIAN_POINT('Ctrl Pts',(-2.25432537317774,2.25432537317773,-11.9687478827397));
#9925=CARTESIAN_POINT('Ctrl Pts',(-3.18809751674975,1.32055322960572,-11.8906228827397));
#9926=CARTESIAN_POINT('Ctrl Pts',(-3.18809751674975,-8.91768956558768E-15,
-11.8124978827397));
#9927=CARTESIAN_POINT('Ctrl Pts',(-3.18809751674975,-1.32055322960574,-11.7343728827397));
#9928=CARTESIAN_POINT('Ctrl Pts',(-2.25432537317774,-2.25432537317775,-11.6562478827397));
#9929=CARTESIAN_POINT('Ctrl Pts',(-1.32055322960573,-3.18809751674976,-11.5781228827397));
#9930=CARTESIAN_POINT('Ctrl Pts',(-3.90429341925721E-16,-3.18809751674976,
-11.4999978827397));
#9931=CARTESIAN_POINT('Ctrl Pts',(1.32055322960573,-3.18809751674976,-11.4218728827397));
#9932=CARTESIAN_POINT('Ctrl Pts',(2.25432537317774,-2.25432537317775,-11.3437478827397));
#9933=CARTESIAN_POINT('Ctrl Pts',(3.18809751674975,-1.32055322960574,-11.2656228827397));
#9934=CARTESIAN_POINT('Ctrl Pts',(3.18809751674975,-9.69854824943912E-15,
-11.1874978827397));
#9935=CARTESIAN_POINT('Ctrl Pts',(3.18809751674975,1.32055322960572,-11.1093728827397));
#9936=CARTESIAN_POINT('Ctrl Pts',(2.25432537317774,2.25432537317773,-11.0312478827397));
#9937=CARTESIAN_POINT('Ctrl Pts',(1.32055322960574,3.18809751674974,-10.9531228827397));
#9938=CARTESIAN_POINT('Ctrl Pts',(0.,3.18809751674974,-10.8749978827397));
#9939=CARTESIAN_POINT('Ctrl Pts',(-1.32055322960573,3.18809751674974,-10.7968728827397));
#9940=CARTESIAN_POINT('Ctrl Pts',(-2.25432537317774,2.25432537317773,-10.7187478827397));
#9941=CARTESIAN_POINT('Ctrl Pts',(-3.18809751674975,1.32055322960572,-10.6406228827397));
#9942=CARTESIAN_POINT('Ctrl Pts',(-3.18809751674975,-8.91768956558768E-15,
-10.5624978827397));
#9943=CARTESIAN_POINT('Ctrl Pts',(-3.18809751674975,-1.32055322960574,-10.4843728827397));
#9944=CARTESIAN_POINT('Ctrl Pts',(-2.25432537317774,-2.25432537317775,-10.4062478827397));
#9945=CARTESIAN_POINT('Ctrl Pts',(-1.32055322960573,-3.18809751674976,-10.3281228827397));
#9946=CARTESIAN_POINT('Ctrl Pts',(-3.90429341925721E-16,-3.18809751674976,
-10.2499978827397));
#9947=CARTESIAN_POINT('Ctrl Pts',(1.32055322960573,-3.18809751674976,-10.1718728827397));
#9948=CARTESIAN_POINT('Ctrl Pts',(2.25432537317774,-2.25432537317775,-10.0937478827397));
#9949=CARTESIAN_POINT('Ctrl Pts',(3.18809751674975,-1.32055322960574,-10.0156228827397));
#9950=CARTESIAN_POINT('Ctrl Pts',(3.18809751674975,-9.69854824943912E-15,
-9.93749788273973));
#9951=CARTESIAN_POINT('Ctrl Pts',(3.18809751674975,1.32055322960572,-9.85937288273973));
#9952=CARTESIAN_POINT('Ctrl Pts',(2.25432537317774,2.25432537317773,-9.78124788273973));
#9953=CARTESIAN_POINT('Ctrl Pts',(1.32055322960574,3.18809751674974,-9.70312288273973));
#9954=CARTESIAN_POINT('Ctrl Pts',(0.,3.18809751674974,-9.62499788273973));
#9955=CARTESIAN_POINT('Ctrl Pts',(-1.32055322960573,3.18809751674974,-9.54687288273973));
#9956=CARTESIAN_POINT('Ctrl Pts',(-2.25432537317774,2.25432537317773,-9.46874788273973));
#9957=CARTESIAN_POINT('Ctrl Pts',(-3.18809751674975,1.32055322960572,-9.39062288273973));
#9958=CARTESIAN_POINT('Ctrl Pts',(-3.18809751674975,-8.91768956558768E-15,
-9.31249788273973));
#9959=CARTESIAN_POINT('Ctrl Pts',(-3.18809751674975,-1.32055322960574,-9.23437288273974));
#9960=CARTESIAN_POINT('Ctrl Pts',(-2.25432537317774,-2.25432537317775,-9.15624788273973));
#9961=CARTESIAN_POINT('Ctrl Pts',(-1.32055322960573,-3.18809751674976,-9.07812288273973));
#9962=CARTESIAN_POINT('Ctrl Pts',(-3.90429341925721E-16,-3.18809751674976,
-8.99999788273973));
#9963=CARTESIAN_POINT('Ctrl Pts',(1.32055322960573,-3.18809751674976,-8.92187288273973));
#9964=CARTESIAN_POINT('Ctrl Pts',(2.25432537317774,-2.25432537317775,-8.84374788273973));
#9965=CARTESIAN_POINT('Ctrl Pts',(3.18809751674975,-1.32055322960574,-8.76562288273973));
#9966=CARTESIAN_POINT('Ctrl Pts',(3.18809751674975,-9.69854824943912E-15,
-8.68749788273973));
#9967=CARTESIAN_POINT('Ctrl Pts',(3.18809751674975,1.32055322960572,-8.60937288273974));
#9968=CARTESIAN_POINT('Ctrl Pts',(2.25432537317774,2.25432537317773,-8.53124788273973));
#9969=CARTESIAN_POINT('Ctrl Pts',(1.32055322960574,3.18809751674974,-8.45312288273974));
#9970=CARTESIAN_POINT('Ctrl Pts',(0.,3.18809751674974,-8.37499788273973));
#9971=CARTESIAN_POINT('Ctrl Pts',(-1.32055322960573,3.18809751674974,-8.29687288273973));
#9972=CARTESIAN_POINT('Ctrl Pts',(-2.25432537317774,2.25432537317773,-8.21874788273973));
#9973=CARTESIAN_POINT('Ctrl Pts',(-3.18809751674975,1.32055322960572,-8.14062288273973));
#9974=CARTESIAN_POINT('Ctrl Pts',(-3.18809751674975,-8.91768956558768E-15,
-8.06249788273973));
#9975=CARTESIAN_POINT('Ctrl Pts',(-3.18809751674975,-1.32055322960574,-7.98437288273973));
#9976=CARTESIAN_POINT('Ctrl Pts',(-2.25432537317774,-2.25432537317775,-7.90624788273973));
#9977=CARTESIAN_POINT('Ctrl Pts',(-1.32055322960573,-3.18809751674976,-7.82812288273973));
#9978=CARTESIAN_POINT('Ctrl Pts',(-3.90429341925721E-16,-3.18809751674976,
-7.74999788273973));
#9979=CARTESIAN_POINT('Ctrl Pts',(1.32055322960573,-3.18809751674976,-7.67187288273973));
#9980=CARTESIAN_POINT('Ctrl Pts',(2.25432537317774,-2.25432537317775,-7.59374788273973));
#9981=CARTESIAN_POINT('Ctrl Pts',(3.18809751674975,-1.32055322960574,-7.51562288273973));
#9982=CARTESIAN_POINT('Ctrl Pts',(3.18809751674975,-9.69854824943912E-15,
-7.43749788273973));
#9983=CARTESIAN_POINT('Ctrl Pts',(3.18809751674975,1.32055322960572,-7.35937288273973));
#9984=CARTESIAN_POINT('Ctrl Pts',(2.25432537317774,2.25432537317773,-7.28124788273973));
#9985=CARTESIAN_POINT('Ctrl Pts',(1.32055322960574,3.18809751674974,-7.20312288273973));
#9986=CARTESIAN_POINT('Ctrl Pts',(0.,3.18809751674974,-7.12499788273973));
#9987=CARTESIAN_POINT('Ctrl Pts',(-1.32055322960573,3.18809751674974,-7.04687288273973));
#9988=CARTESIAN_POINT('Ctrl Pts',(-2.25432537317774,2.25432537317773,-6.96874788273973));
#9989=CARTESIAN_POINT('Ctrl Pts',(-3.18809751674975,1.32055322960572,-6.89062288273973));
#9990=CARTESIAN_POINT('Ctrl Pts',(-3.18809751674975,-8.91768956558768E-15,
-6.81249788273973));
#9991=CARTESIAN_POINT('Ctrl Pts',(-3.18809751674975,-1.32055322960574,-6.73437288273973));
#9992=CARTESIAN_POINT('Ctrl Pts',(-2.25432537317774,-2.25432537317775,-6.65624788273973));
#9993=CARTESIAN_POINT('Ctrl Pts',(-1.32055322960573,-3.18809751674976,-6.57812288273973));
#9994=CARTESIAN_POINT('Ctrl Pts',(-3.90429341925721E-16,-3.18809751674976,
-6.49999788273973));
#9995=CARTESIAN_POINT('Ctrl Pts',(1.32055322960573,-3.18809751674976,-6.42187288273973));
#9996=CARTESIAN_POINT('Ctrl Pts',(2.25432537317774,-2.25432537317775,-6.34374788273973));
#9997=CARTESIAN_POINT('Ctrl Pts',(3.18809751674975,-1.32055322960574,-6.26562288273973));
#9998=CARTESIAN_POINT('Ctrl Pts',(3.18809751674975,-9.69854824943912E-15,
-6.18749788273973));
#9999=CARTESIAN_POINT('Ctrl Pts',(3.18809751674975,1.32055322960572,-6.10937288273973));
#10000=CARTESIAN_POINT('Ctrl Pts',(2.25432537317774,2.25432537317773,-6.03124788273973));
#10001=CARTESIAN_POINT('Ctrl Pts',(1.32055322960574,3.18809751674974,-5.95312288273973));
#10002=CARTESIAN_POINT('Ctrl Pts',(0.,3.18809751674974,-5.87499788273973));
#10003=CARTESIAN_POINT('Ctrl Pts',(-1.32055322960573,3.18809751674974,-5.79687288273973));
#10004=CARTESIAN_POINT('Ctrl Pts',(-2.25432537317774,2.25432537317773,-5.71874788273973));
#10005=CARTESIAN_POINT('Ctrl Pts',(-3.18809751674975,1.32055322960572,-5.64062288273973));
#10006=CARTESIAN_POINT('Ctrl Pts',(-3.18809751674975,-8.91768956558768E-15,
-5.56249788273973));
#10007=CARTESIAN_POINT('Ctrl Pts',(-3.18809751674975,-1.32055322960574,
-5.48437288273973));
#10008=CARTESIAN_POINT('Ctrl Pts',(-2.25432537317774,-2.25432537317775,
-5.40624788273973));
#10009=CARTESIAN_POINT('Ctrl Pts',(-1.32055322960573,-3.18809751674976,
-5.32812288273973));
#10010=CARTESIAN_POINT('Ctrl Pts',(-3.90429341925721E-16,-3.18809751674976,
-5.24999788273973));
#10011=CARTESIAN_POINT('Ctrl Pts',(1.32055322960573,-3.18809751674976,-5.17187288273973));
#10012=CARTESIAN_POINT('Ctrl Pts',(2.25432537317774,-2.25432537317775,-5.09374788273973));
#10013=CARTESIAN_POINT('Ctrl Pts',(3.18809751674975,-1.32055322960574,-5.01562288273973));
#10014=CARTESIAN_POINT('Ctrl Pts',(3.18809751674975,-9.69854824943912E-15,
-4.93749788273973));
#10015=CARTESIAN_POINT('Ctrl Pts',(3.18809751674975,1.32055322960572,-4.85937288273973));
#10016=CARTESIAN_POINT('Ctrl Pts',(2.25432537317774,2.25432537317773,-4.78124788273973));
#10017=CARTESIAN_POINT('Ctrl Pts',(1.32055322960574,3.18809751674974,-4.70312288273973));
#10018=CARTESIAN_POINT('Ctrl Pts',(0.,3.18809751674974,-4.62499788273973));
#10019=CARTESIAN_POINT('Ctrl Pts',(-1.32055322960573,3.18809751674974,-4.54687288273974));
#10020=CARTESIAN_POINT('Ctrl Pts',(-2.25432537317774,2.25432537317773,-4.46874788273973));
#10021=CARTESIAN_POINT('Ctrl Pts',(-3.18809751674975,1.32055322960572,-4.39062288273973));
#10022=CARTESIAN_POINT('Ctrl Pts',(-3.18809751674975,-8.91768956558768E-15,
-4.31249788273973));
#10023=CARTESIAN_POINT('Ctrl Pts',(-3.18809751674975,-1.32055322960574,
-4.23437288273973));
#10024=CARTESIAN_POINT('Ctrl Pts',(-2.25432537317774,-2.25432537317775,
-4.15624788273973));
#10025=CARTESIAN_POINT('Ctrl Pts',(-1.32055322960573,-3.18809751674976,
-4.07812288273973));
#10026=CARTESIAN_POINT('Ctrl Pts',(-3.90429341925721E-16,-3.18809751674976,
-3.99999788273973));
#10027=CARTESIAN_POINT('Ctrl Pts',(1.32055322960573,-3.18809751674976,-3.92187288273973));
#10028=CARTESIAN_POINT('Ctrl Pts',(2.25432537317774,-2.25432537317775,-3.84374788273973));
#10029=CARTESIAN_POINT('Ctrl Pts',(3.18809751674975,-1.32055322960574,-3.76562288273973));
#10030=CARTESIAN_POINT('Ctrl Pts',(3.18809751674975,-9.69854824943912E-15,
-3.68749788273973));
#10031=CARTESIAN_POINT('Ctrl Pts',(3.18809751674975,1.32055322960572,-3.60937288273973));
#10032=CARTESIAN_POINT('Ctrl Pts',(2.25432537317774,2.25432537317773,-3.53124788273973));
#10033=CARTESIAN_POINT('Ctrl Pts',(1.32055322960574,3.18809751674974,-3.45312288273973));
#10034=CARTESIAN_POINT('Ctrl Pts',(0.,3.18809751674974,-3.37499788273973));
#10035=CARTESIAN_POINT('Ctrl Pts',(-1.32055322960573,3.18809751674974,-3.29687288273974));
#10036=CARTESIAN_POINT('Ctrl Pts',(-2.25432537317774,2.25432537317773,-3.21874788273973));
#10037=CARTESIAN_POINT('Ctrl Pts',(-3.18809751674975,1.32055322960572,-3.14062288273973));
#10038=CARTESIAN_POINT('Ctrl Pts',(-3.18809751674975,-8.91768956558768E-15,
-3.06249788273973));
#10039=CARTESIAN_POINT('Ctrl Pts',(-3.18809751674975,-1.32055322960574,
-2.98437288273973));
#10040=CARTESIAN_POINT('Ctrl Pts',(-2.25432537317774,-2.25432537317775,
-2.90624788273973));
#10041=CARTESIAN_POINT('Ctrl Pts',(-1.32055322960573,-3.18809751674976,
-2.82812288273973));
#10042=CARTESIAN_POINT('Ctrl Pts',(-3.90429341925721E-16,-3.18809751674976,
-2.74999788273973));
#10043=CARTESIAN_POINT('Ctrl Pts',(1.32055322960573,-3.18809751674976,-2.67187288273973));
#10044=CARTESIAN_POINT('Ctrl Pts',(2.25432537317774,-2.25432537317775,-2.59374788273973));
#10045=CARTESIAN_POINT('Ctrl Pts',(3.18809751674975,-1.32055322960574,-2.51562288273973));
#10046=CARTESIAN_POINT('Ctrl Pts',(3.18809751674975,-9.69854824943912E-15,
-2.43749788273973));
#10047=CARTESIAN_POINT('Ctrl Pts',(3.18809751674975,1.32055322960572,-2.35937288273973));
#10048=CARTESIAN_POINT('Ctrl Pts',(2.25432537317774,2.25432537317773,-2.28124788273973));
#10049=CARTESIAN_POINT('Ctrl Pts',(1.32055322960574,3.18809751674974,-2.20312288273973));
#10050=CARTESIAN_POINT('Ctrl Pts',(0.,3.18809751674974,-2.12499788273973));
#10051=CARTESIAN_POINT('Ctrl Pts',(-1.32055322960573,3.18809751674974,-2.04687288273973));
#10052=CARTESIAN_POINT('Ctrl Pts',(-2.25432537317774,2.25432537317773,-1.96874788273973));
#10053=CARTESIAN_POINT('Ctrl Pts',(-3.18809751674975,1.32055322960572,-1.89062288273973));
#10054=CARTESIAN_POINT('Ctrl Pts',(-3.18809751674975,-8.91768956558768E-15,
-1.81249788273973));
#10055=CARTESIAN_POINT('Ctrl Pts',(-3.18809751674975,-1.32055322960574,
-1.73437288273973));
#10056=CARTESIAN_POINT('Ctrl Pts',(-2.25432537317774,-2.25432537317775,
-1.65624788273973));
#10057=CARTESIAN_POINT('Ctrl Pts',(-1.32055322960573,-3.18809751674976,
-1.57812288273973));
#10058=CARTESIAN_POINT('Ctrl Pts',(-3.90429341925721E-16,-3.18809751674976,
-1.49999788273973));
#10059=CARTESIAN_POINT('Ctrl Pts',(1.32055322960573,-3.18809751674976,-1.42187288273973));
#10060=CARTESIAN_POINT('Ctrl Pts',(2.25432537317774,-2.25432537317775,-1.34374788273973));
#10061=CARTESIAN_POINT('Ctrl Pts',(3.18809751674975,-1.32055322960574,-1.26562288273973));
#10062=CARTESIAN_POINT('Ctrl Pts',(3.18809751674975,-9.69854824943912E-15,
-1.18749788273973));
#10063=CARTESIAN_POINT('Ctrl Pts',(3.18809751674975,1.32055322960572,-1.10937288273973));
#10064=CARTESIAN_POINT('Ctrl Pts',(2.25432537317774,2.25432537317773,-1.03124788273973));
#10065=CARTESIAN_POINT('Ctrl Pts',(1.32055322960574,3.18809751674974,-0.953122882739732));
#10066=CARTESIAN_POINT('Ctrl Pts',(0.,3.18809751674974,-0.874997882739734));
#10067=CARTESIAN_POINT('Ctrl Pts',(-1.32055322960573,3.18809751674974,-0.796872882739732));
#10068=CARTESIAN_POINT('Ctrl Pts',(-2.25432537317774,2.25432537317773,-0.718747882739733));
#10069=CARTESIAN_POINT('Ctrl Pts',(-3.18809751674975,1.32055322960572,-0.640622882739732));
#10070=CARTESIAN_POINT('Ctrl Pts',(-3.18809751674975,-8.91768956558768E-15,
-0.562497882739733));
#10071=CARTESIAN_POINT('Ctrl Pts',(-3.18809751674975,-1.32055322960574,
-0.484372882739732));
#10072=CARTESIAN_POINT('Ctrl Pts',(-2.25432537317774,-2.25432537317775,
-0.406247882739733));
#10073=CARTESIAN_POINT('Ctrl Pts',(-1.32055322960573,-3.18809751674976,
-0.328122882739731));
#10074=CARTESIAN_POINT('Ctrl Pts',(-3.90429341925721E-16,-3.18809751674976,
-0.249997882739733));
#10075=CARTESIAN_POINT('Ctrl Pts',(1.32055322960573,-3.18809751674976,-0.171872882739731));
#10076=CARTESIAN_POINT('Ctrl Pts',(2.25432537317774,-2.25432537317775,-0.0937478827397329));
#10077=CARTESIAN_POINT('Ctrl Pts',(3.18809751674975,-1.32055322960574,-0.0156228827397311));
#10078=CARTESIAN_POINT('Ctrl Pts',(3.18809751674975,-9.69854824943912E-15,
0.0625021172602673));
#10079=CARTESIAN_POINT('Ctrl Pts',(3.18809751674975,1.32055322960572,0.140627117260269));
#10080=CARTESIAN_POINT('Ctrl Pts',(2.25432537317774,2.25432537317773,0.218752117260267));
#10081=CARTESIAN_POINT('Ctrl Pts',(1.32055322960574,3.18809751674974,0.296877117260269));
#10082=CARTESIAN_POINT('Ctrl Pts',(0.,3.18809751674974,0.375002117260268));
#10083=CARTESIAN_POINT('Ctrl Pts',(-1.32055322960573,3.18809751674974,0.453127117260266));
#10084=CARTESIAN_POINT('Ctrl Pts',(-2.25432537317774,2.25432537317773,0.531252117260268));
#10085=CARTESIAN_POINT('Ctrl Pts',(-3.18809751674975,1.32055322960572,0.609377117260266));
#10086=CARTESIAN_POINT('Ctrl Pts',(-3.18809751674975,-8.91768956558768E-15,
0.687502117260268));
#10087=CARTESIAN_POINT('Ctrl Pts',(-3.18809751674975,-1.32055322960574,
0.765627117260266));
#10088=CARTESIAN_POINT('Ctrl Pts',(-2.25432537317774,-2.25432537317775,
0.843752117260268));
#10089=CARTESIAN_POINT('Ctrl Pts',(-1.32055322960573,-3.18809751674976,
0.921877117260266));
#10090=CARTESIAN_POINT('Ctrl Pts',(-3.90429341925721E-16,-3.18809751674976,
1.00000211726027));
#10091=CARTESIAN_POINT('Ctrl Pts',(1.32055322960573,-3.18809751674976,1.07812711726027));
#10092=CARTESIAN_POINT('Ctrl Pts',(2.25432537317774,-2.25432537317775,1.15625211726027));
#10093=CARTESIAN_POINT('Ctrl Pts',(3.18809751674975,-1.32055322960574,1.23437711726027));
#10094=CARTESIAN_POINT('Ctrl Pts',(3.18809751674975,-9.69854824943912E-15,
1.31250211726027));
#10095=CARTESIAN_POINT('Ctrl Pts',(3.18809751674975,1.32055322960572,1.39062711726027));
#10096=CARTESIAN_POINT('Ctrl Pts',(2.25432537317774,2.25432537317773,1.46875211726027));
#10097=CARTESIAN_POINT('Ctrl Pts',(1.32055322960574,3.18809751674974,1.54687711726027));
#10098=CARTESIAN_POINT('Ctrl Pts',(0.,3.18809751674974,1.62500211726027));
#10099=CARTESIAN_POINT('Ctrl Pts',(-1.32055322960573,3.18809751674974,1.70312711726027));
#10100=CARTESIAN_POINT('Ctrl Pts',(-2.25432537317774,2.25432537317773,1.78125211726027));
#10101=CARTESIAN_POINT('Ctrl Pts',(-3.18809751674975,1.32055322960572,1.85937711726027));
#10102=CARTESIAN_POINT('Ctrl Pts',(-3.18809751674975,-8.91768956558768E-15,
1.93750211726027));
#10103=CARTESIAN_POINT('Ctrl Pts',(-3.18809751674975,-1.32055322960574,
2.01562711726027));
#10104=CARTESIAN_POINT('Ctrl Pts',(-2.25432537317774,-2.25432537317775,
2.09375211726027));
#10105=CARTESIAN_POINT('Ctrl Pts',(-1.32055322960573,-3.18809751674976,
2.17187711726027));
#10106=CARTESIAN_POINT('Ctrl Pts',(-3.90429341925721E-16,-3.18809751674976,
2.25000211726027));
#10107=CARTESIAN_POINT('Ctrl Pts',(1.32055322960573,-3.18809751674976,2.32812711726027));
#10108=CARTESIAN_POINT('Ctrl Pts',(2.25432537317774,-2.25432537317775,2.40625211726027));
#10109=CARTESIAN_POINT('Ctrl Pts',(3.18809751674975,-1.32055322960574,2.48437711726027));
#10110=CARTESIAN_POINT('Ctrl Pts',(3.18809751674975,-9.69854824943912E-15,
2.56250211726027));
#10111=CARTESIAN_POINT('Ctrl Pts',(3.18809751674975,1.32055322960572,2.64062711726027));
#10112=CARTESIAN_POINT('Ctrl Pts',(2.25432537317774,2.25432537317773,2.71875211726027));
#10113=CARTESIAN_POINT('Ctrl Pts',(1.32055322960574,3.18809751674974,2.79687711726027));
#10114=CARTESIAN_POINT('Ctrl Pts',(0.,3.18809751674974,2.87500211726027));
#10115=CARTESIAN_POINT('Ctrl Pts',(-1.32055322960573,3.18809751674974,2.95312711726027));
#10116=CARTESIAN_POINT('Ctrl Pts',(-2.25432537317774,2.25432537317773,3.03125211726027));
#10117=CARTESIAN_POINT('Ctrl Pts',(-3.18809751674975,1.32055322960572,3.10937711726027));
#10118=CARTESIAN_POINT('Ctrl Pts',(-3.18809751674975,-8.91768956558768E-15,
3.18750211726027));
#10119=CARTESIAN_POINT('Ctrl Pts',(-3.18809751674975,-1.32055322960574,
3.26562711726027));
#10120=CARTESIAN_POINT('Ctrl Pts',(-2.25432537317774,-2.25432537317775,
3.34375211726027));
#10121=CARTESIAN_POINT('Ctrl Pts',(-1.32055322960573,-3.18809751674976,
3.42187711726027));
#10122=CARTESIAN_POINT('Ctrl Pts',(-3.90429341925721E-16,-3.18809751674976,
3.50000211726027));
#10123=CARTESIAN_POINT('Ctrl Pts',(1.32055322960573,-3.18809751674976,3.57812711726027));
#10124=CARTESIAN_POINT('Ctrl Pts',(2.25432537317774,-2.25432537317775,3.65625211726027));
#10125=CARTESIAN_POINT('Ctrl Pts',(3.18809751674975,-1.32055322960574,3.73437711726027));
#10126=CARTESIAN_POINT('Ctrl Pts',(3.18809751674975,-9.69854824943912E-15,
3.81250211726027));
#10127=CARTESIAN_POINT('Ctrl Pts',(3.18809751674975,1.32055322960572,3.89062711726027));
#10128=CARTESIAN_POINT('Ctrl Pts',(2.25432537317774,2.25432537317773,3.96875211726027));
#10129=CARTESIAN_POINT('Ctrl Pts',(1.32055322960574,3.18809751674974,4.04687711726027));
#10130=CARTESIAN_POINT('Ctrl Pts',(0.,3.18809751674974,4.12500211726027));
#10131=CARTESIAN_POINT('Ctrl Pts',(-1.32055322960573,3.18809751674974,4.20312711726027));
#10132=CARTESIAN_POINT('Ctrl Pts',(-2.25432537317774,2.25432537317773,4.28125211726027));
#10133=CARTESIAN_POINT('Ctrl Pts',(-3.18809751674975,1.32055322960572,4.35937711726027));
#10134=CARTESIAN_POINT('Ctrl Pts',(-3.18809751674975,-8.91768956558768E-15,
4.43750211726027));
#10135=CARTESIAN_POINT('Ctrl Pts',(-3.18809751674975,-1.32055322960574,
4.51562711726027));
#10136=CARTESIAN_POINT('Ctrl Pts',(-2.25432537317774,-2.25432537317775,
4.59375211726027));
#10137=CARTESIAN_POINT('Ctrl Pts',(-1.32055322960573,-3.18809751674976,
4.67187711726027));
#10138=CARTESIAN_POINT('Ctrl Pts',(-3.90429341925721E-16,-3.18809751674976,
4.75000211726027));
#10139=CARTESIAN_POINT('Ctrl Pts',(1.32055322960573,-3.18809751674976,4.82812711726027));
#10140=CARTESIAN_POINT('Ctrl Pts',(2.25432537317774,-2.25432537317775,4.90625211726027));
#10141=CARTESIAN_POINT('Ctrl Pts',(3.18809751674975,-1.32055322960574,4.98437711726027));
#10142=CARTESIAN_POINT('Ctrl Pts',(3.18809751674975,-9.69854824943912E-15,
5.06250211726027));
#10143=CARTESIAN_POINT('Ctrl Pts',(3.18809751674975,1.32055322960572,5.14062711726027));
#10144=CARTESIAN_POINT('Ctrl Pts',(2.25432537317774,2.25432537317773,5.21875211726027));
#10145=CARTESIAN_POINT('Ctrl Pts',(1.32055322960574,3.18809751674974,5.29687711726027));
#10146=CARTESIAN_POINT('Ctrl Pts',(0.,3.18809751674974,5.37500211726027));
#10147=CARTESIAN_POINT('Ctrl Pts',(-1.32055322960573,3.18809751674974,5.45312711726027));
#10148=CARTESIAN_POINT('Ctrl Pts',(-2.25432537317774,2.25432537317773,5.53125211726027));
#10149=CARTESIAN_POINT('Ctrl Pts',(-3.18809751674975,1.32055322960572,5.60937711726027));
#10150=CARTESIAN_POINT('Ctrl Pts',(-3.18809751674975,-8.91768956558768E-15,
5.68750211726027));
#10151=CARTESIAN_POINT('Ctrl Pts',(-3.18809751674975,-1.32055322960574,
5.76562711726027));
#10152=CARTESIAN_POINT('Ctrl Pts',(-2.25432537317774,-2.25432537317775,
5.84375211726027));
#10153=CARTESIAN_POINT('Ctrl Pts',(-1.32055322960573,-3.18809751674976,
5.92187711726027));
#10154=CARTESIAN_POINT('Ctrl Pts',(-3.90429341925721E-16,-3.18809751674976,
6.00000211726027));
#10155=CARTESIAN_POINT('Ctrl Pts',(1.32055322960573,-3.18809751674976,6.07812711726027));
#10156=CARTESIAN_POINT('Ctrl Pts',(2.25432537317774,-2.25432537317775,6.15625211726027));
#10157=CARTESIAN_POINT('Ctrl Pts',(3.18809751674975,-1.32055322960574,6.23437711726027));
#10158=CARTESIAN_POINT('Ctrl Pts',(3.18809751674975,-9.69854824943912E-15,
6.31250211726027));
#10159=CARTESIAN_POINT('Ctrl Pts',(3.18809751674975,1.32055322960572,6.39062711726027));
#10160=CARTESIAN_POINT('Ctrl Pts',(2.25432537317774,2.25432537317773,6.46875211726027));
#10161=CARTESIAN_POINT('Ctrl Pts',(1.32055322960574,3.18809751674974,6.54687711726027));
#10162=CARTESIAN_POINT('Ctrl Pts',(0.,3.18809751674974,6.62500211726027));
#10163=CARTESIAN_POINT('Ctrl Pts',(-1.32055322960573,3.18809751674974,6.70312711726027));
#10164=CARTESIAN_POINT('Ctrl Pts',(-2.25432537317774,2.25432537317773,6.78125211726027));
#10165=CARTESIAN_POINT('Ctrl Pts',(-3.18809751674975,1.32055322960572,6.85937711726027));
#10166=CARTESIAN_POINT('Ctrl Pts',(-3.18809751674975,-8.91768956558768E-15,
6.93750211726027));
#10167=CARTESIAN_POINT('Ctrl Pts',(-3.18809751674975,-1.32055322960574,
7.01562711726027));
#10168=CARTESIAN_POINT('Ctrl Pts',(-2.25432537317774,-2.25432537317775,
7.09375211726027));
#10169=CARTESIAN_POINT('Ctrl Pts',(-1.32055322960573,-3.18809751674976,
7.17187711726027));
#10170=CARTESIAN_POINT('Ctrl Pts',(-3.90429341925721E-16,-3.18809751674976,
7.25000211726027));
#10171=CARTESIAN_POINT('Ctrl Pts',(1.32055322960573,-3.18809751674976,7.32812711726027));
#10172=CARTESIAN_POINT('Ctrl Pts',(2.25432537317774,-2.25432537317775,7.40625211726027));
#10173=CARTESIAN_POINT('Ctrl Pts',(3.18809751674975,-1.32055322960574,7.48437711726027));
#10174=CARTESIAN_POINT('Ctrl Pts',(3.18809751674975,-9.69854824943912E-15,
7.56250211726027));
#10175=CARTESIAN_POINT('Ctrl Pts',(3.18809751674975,1.32055322960572,7.64062711726027));
#10176=CARTESIAN_POINT('Ctrl Pts',(2.25432537317774,2.25432537317773,7.71875211726027));
#10177=CARTESIAN_POINT('Ctrl Pts',(1.32055322960574,3.18809751674974,7.79687711726027));
#10178=CARTESIAN_POINT('Ctrl Pts',(0.,3.18809751674974,7.87500211726027));
#10179=CARTESIAN_POINT('Ctrl Pts',(-1.32055322960573,3.18809751674974,7.95312711726027));
#10180=CARTESIAN_POINT('Ctrl Pts',(-2.25432537317774,2.25432537317773,8.03125211726027));
#10181=CARTESIAN_POINT('Ctrl Pts',(-3.18809751674975,1.32055322960572,8.10937711726027));
#10182=CARTESIAN_POINT('Ctrl Pts',(-3.18809751674975,-8.91768956558768E-15,
8.18750211726027));
#10183=CARTESIAN_POINT('Ctrl Pts',(-3.18809751674975,-1.32055322960574,
8.26562711726027));
#10184=CARTESIAN_POINT('Ctrl Pts',(-2.25432537317774,-2.25432537317775,
8.34375211726027));
#10185=CARTESIAN_POINT('Ctrl Pts',(-1.32055322960573,-3.18809751674976,
8.42187711726027));
#10186=CARTESIAN_POINT('Ctrl Pts',(-3.90429341925721E-16,-3.18809751674976,
8.50000211726027));
#10187=CARTESIAN_POINT('Ctrl Pts',(1.32055322960573,-3.18809751674976,8.57812711726027));
#10188=CARTESIAN_POINT('Ctrl Pts',(2.25432537317774,-2.25432537317775,8.65625211726027));
#10189=CARTESIAN_POINT('Ctrl Pts',(3.18809751674975,-1.32055322960574,8.73437711726027));
#10190=CARTESIAN_POINT('Ctrl Pts',(3.18809751674975,-9.69854824943912E-15,
8.81250211726027));
#10191=CARTESIAN_POINT('Ctrl Pts',(3.18809751674975,1.32055322960572,8.89062711726027));
#10192=CARTESIAN_POINT('Ctrl Pts',(2.25432537317774,2.25432537317773,8.96875211726027));
#10193=CARTESIAN_POINT('Ctrl Pts',(1.32055322960574,3.18809751674974,9.04687711726027));
#10194=CARTESIAN_POINT('Ctrl Pts',(0.,3.18809751674974,9.12500211726027));
#10195=CARTESIAN_POINT('Ctrl Pts',(-1.32055322960573,3.18809751674974,9.20312711726027));
#10196=CARTESIAN_POINT('Ctrl Pts',(-2.25432537317774,2.25432537317773,9.28125211726027));
#10197=CARTESIAN_POINT('Ctrl Pts',(-3.18809751674975,1.32055322960572,9.35937711726027));
#10198=CARTESIAN_POINT('Ctrl Pts',(-3.18809751674975,-8.91768956558768E-15,
9.43750211726027));
#10199=CARTESIAN_POINT('Ctrl Pts',(-3.18809751674975,-1.32055322960574,
9.51562711726027));
#10200=CARTESIAN_POINT('Ctrl Pts',(-2.25432537317774,-2.25432537317775,
9.59375211726027));
#10201=CARTESIAN_POINT('Ctrl Pts',(-1.32055322960573,-3.18809751674976,
9.67187711726027));
#10202=CARTESIAN_POINT('Ctrl Pts',(-3.90429341925721E-16,-3.18809751674976,
9.75000211726027));
#10203=CARTESIAN_POINT('Ctrl Pts',(1.32055322960573,-3.18809751674976,9.82812711726027));
#10204=CARTESIAN_POINT('Ctrl Pts',(2.25432537317774,-2.25432537317775,9.90625211726027));
#10205=CARTESIAN_POINT('Ctrl Pts',(3.18809751674975,-1.32055322960574,9.98437711726027));
#10206=CARTESIAN_POINT('Ctrl Pts',(3.18809751674975,-9.69854824943912E-15,
10.0625021172603));
#10207=CARTESIAN_POINT('Ctrl Pts',(3.18809751674975,1.32055322960572,10.1406271172603));
#10208=CARTESIAN_POINT('Ctrl Pts',(2.25432537317774,2.25432537317773,10.2187521172603));
#10209=CARTESIAN_POINT('Ctrl Pts',(1.32055322960574,3.18809751674974,10.2968771172603));
#10210=CARTESIAN_POINT('Ctrl Pts',(0.,3.18809751674974,10.3750021172603));
#10211=CARTESIAN_POINT('Ctrl Pts',(-1.32055322960573,3.18809751674974,10.4531271172603));
#10212=CARTESIAN_POINT('Ctrl Pts',(-2.25432537317774,2.25432537317773,10.5312521172603));
#10213=CARTESIAN_POINT('Ctrl Pts',(-3.18809751674975,1.32055322960572,10.6093771172603));
#10214=CARTESIAN_POINT('Ctrl Pts',(-3.18809751674975,-8.91768956558768E-15,
10.6875021172603));
#10215=CARTESIAN_POINT('Ctrl Pts',(-3.18809751674975,-1.32055322960574,
10.7656271172603));
#10216=CARTESIAN_POINT('Ctrl Pts',(-2.25432537317774,-2.25432537317775,
10.8437521172603));
#10217=CARTESIAN_POINT('Ctrl Pts',(-1.32055322960573,-3.18809751674976,
10.9218771172603));
#10218=CARTESIAN_POINT('Ctrl Pts',(-3.90429341925721E-16,-3.18809751674976,
11.0000021172603));
#10219=CARTESIAN_POINT('Ctrl Pts',(1.32055322960573,-3.18809751674976,11.0781271172603));
#10220=CARTESIAN_POINT('Ctrl Pts',(2.25432537317774,-2.25432537317775,11.1562521172603));
#10221=CARTESIAN_POINT('Ctrl Pts',(3.18809751674975,-1.32055322960574,11.2343771172603));
#10222=CARTESIAN_POINT('Ctrl Pts',(3.18809751674975,-9.69854824943912E-15,
11.3125021172603));
#10223=CARTESIAN_POINT('Ctrl Pts',(3.18809751674975,1.32055322960572,11.3906271172603));
#10224=CARTESIAN_POINT('Ctrl Pts',(2.25432537317774,2.25432537317773,11.4687521172603));
#10225=CARTESIAN_POINT('Ctrl Pts',(1.32055322960574,3.18809751674974,11.5468771172603));
#10226=CARTESIAN_POINT('Ctrl Pts',(0.,3.18809751674974,11.6250021172603));
#10227=CARTESIAN_POINT('Ctrl Pts',(0.,4.06765823467066,-20.1328125));
#10228=CARTESIAN_POINT('Ctrl Pts',(-1.68487920789919,4.06765823467066,-20.0546875));
#10229=CARTESIAN_POINT('Ctrl Pts',(-2.87626872128493,2.87626872128492,-19.9765625));
#10230=CARTESIAN_POINT('Ctrl Pts',(-4.06765823467067,1.68487920789918,-19.8984375));
#10231=CARTESIAN_POINT('Ctrl Pts',(-4.06765823467067,-8.8638320046948E-15,
-19.8203125));
#10232=CARTESIAN_POINT('Ctrl Pts',(-4.06765823467067,-1.6848792078992,-19.7421875));
#10233=CARTESIAN_POINT('Ctrl Pts',(-2.87626872128493,-2.87626872128494,
-19.6640625));
#10234=CARTESIAN_POINT('Ctrl Pts',(-1.68487920789919,-4.06765823467068,
-19.5859375));
#10235=CARTESIAN_POINT('Ctrl Pts',(-4.98144463711481E-16,-4.06765823467068,
-19.5078125));
#10236=CARTESIAN_POINT('Ctrl Pts',(1.68487920789919,-4.06765823467068,-19.4296875));
#10237=CARTESIAN_POINT('Ctrl Pts',(2.87626872128493,-2.87626872128494,-19.3515625));
#10238=CARTESIAN_POINT('Ctrl Pts',(4.06765823467067,-1.6848792078992,-19.2734375));
#10239=CARTESIAN_POINT('Ctrl Pts',(4.06765823467067,-9.86012093211776E-15,
-19.1953125));
#10240=CARTESIAN_POINT('Ctrl Pts',(4.06765823467067,1.68487920789918,-19.1171875));
#10241=CARTESIAN_POINT('Ctrl Pts',(2.87626872128493,2.87626872128492,-19.0390625));
#10242=CARTESIAN_POINT('Ctrl Pts',(1.6848792078992,4.06765823467066,-18.9609375));
#10243=CARTESIAN_POINT('Ctrl Pts',(0.,4.06765823467066,-18.8828125));
#10244=CARTESIAN_POINT('Ctrl Pts',(-1.68487920789919,4.06765823467066,-18.8046875));
#10245=CARTESIAN_POINT('Ctrl Pts',(-2.87626872128493,2.87626872128492,-18.7265625));
#10246=CARTESIAN_POINT('Ctrl Pts',(-4.06765823467067,1.68487920789918,-18.6484375));
#10247=CARTESIAN_POINT('Ctrl Pts',(-4.06765823467067,-8.8638320046948E-15,
-18.5703125));
#10248=CARTESIAN_POINT('Ctrl Pts',(-4.06765823467067,-1.6848792078992,-18.4921875));
#10249=CARTESIAN_POINT('Ctrl Pts',(-2.87626872128493,-2.87626872128494,
-18.4140625));
#10250=CARTESIAN_POINT('Ctrl Pts',(-1.68487920789919,-4.06765823467068,
-18.3359375));
#10251=CARTESIAN_POINT('Ctrl Pts',(-4.98144463711481E-16,-4.06765823467068,
-18.2578125));
#10252=CARTESIAN_POINT('Ctrl Pts',(1.68487920789919,-4.06765823467068,-18.1796875));
#10253=CARTESIAN_POINT('Ctrl Pts',(2.87626872128493,-2.87626872128494,-18.1015625));
#10254=CARTESIAN_POINT('Ctrl Pts',(4.06765823467067,-1.6848792078992,-18.0234375));
#10255=CARTESIAN_POINT('Ctrl Pts',(4.06765823467067,-9.86012093211776E-15,
-17.9453125));
#10256=CARTESIAN_POINT('Ctrl Pts',(4.06765823467067,1.68487920789918,-17.8671875));
#10257=CARTESIAN_POINT('Ctrl Pts',(2.87626872128493,2.87626872128492,-17.7890625));
#10258=CARTESIAN_POINT('Ctrl Pts',(1.6848792078992,4.06765823467066,-17.7109375));
#10259=CARTESIAN_POINT('Ctrl Pts',(0.,4.06765823467066,-17.6328125));
#10260=CARTESIAN_POINT('Ctrl Pts',(-1.68487920789919,4.06765823467066,-17.5546875));
#10261=CARTESIAN_POINT('Ctrl Pts',(-2.87626872128493,2.87626872128492,-17.4765625));
#10262=CARTESIAN_POINT('Ctrl Pts',(-4.06765823467067,1.68487920789918,-17.3984375));
#10263=CARTESIAN_POINT('Ctrl Pts',(-4.06765823467067,-8.8638320046948E-15,
-17.3203125));
#10264=CARTESIAN_POINT('Ctrl Pts',(-4.06765823467067,-1.6848792078992,-17.2421875));
#10265=CARTESIAN_POINT('Ctrl Pts',(-2.87626872128493,-2.87626872128494,
-17.1640625));
#10266=CARTESIAN_POINT('Ctrl Pts',(-1.68487920789919,-4.06765823467068,
-17.0859375));
#10267=CARTESIAN_POINT('Ctrl Pts',(-4.98144463711481E-16,-4.06765823467068,
-17.0078125));
#10268=CARTESIAN_POINT('Ctrl Pts',(1.68487920789919,-4.06765823467068,-16.9296875));
#10269=CARTESIAN_POINT('Ctrl Pts',(2.87626872128493,-2.87626872128494,-16.8515625));
#10270=CARTESIAN_POINT('Ctrl Pts',(4.06765823467067,-1.6848792078992,-16.7734375));
#10271=CARTESIAN_POINT('Ctrl Pts',(4.06765823467067,-9.86012093211776E-15,
-16.6953125));
#10272=CARTESIAN_POINT('Ctrl Pts',(4.06765823467067,1.68487920789918,-16.6171875));
#10273=CARTESIAN_POINT('Ctrl Pts',(2.87626872128493,2.87626872128492,-16.5390625));
#10274=CARTESIAN_POINT('Ctrl Pts',(1.6848792078992,4.06765823467066,-16.4609375));
#10275=CARTESIAN_POINT('Ctrl Pts',(0.,4.06765823467066,-16.3828125));
#10276=CARTESIAN_POINT('Ctrl Pts',(-1.68487920789919,4.06765823467066,-16.3046875));
#10277=CARTESIAN_POINT('Ctrl Pts',(-2.87626872128493,2.87626872128492,-16.2265625));
#10278=CARTESIAN_POINT('Ctrl Pts',(-4.06765823467067,1.68487920789918,-16.1484375));
#10279=CARTESIAN_POINT('Ctrl Pts',(-4.06765823467067,-8.8638320046948E-15,
-16.0703125));
#10280=CARTESIAN_POINT('Ctrl Pts',(-4.06765823467067,-1.6848792078992,-15.9921875));
#10281=CARTESIAN_POINT('Ctrl Pts',(-2.87626872128493,-2.87626872128494,
-15.9140625));
#10282=CARTESIAN_POINT('Ctrl Pts',(-1.68487920789919,-4.06765823467068,
-15.8359375));
#10283=CARTESIAN_POINT('Ctrl Pts',(-4.98144463711481E-16,-4.06765823467068,
-15.7578125));
#10284=CARTESIAN_POINT('Ctrl Pts',(1.68487920789919,-4.06765823467068,-15.6796875));
#10285=CARTESIAN_POINT('Ctrl Pts',(2.87626872128493,-2.87626872128494,-15.6015625));
#10286=CARTESIAN_POINT('Ctrl Pts',(4.06765823467067,-1.6848792078992,-15.5234375));
#10287=CARTESIAN_POINT('Ctrl Pts',(4.06765823467067,-9.86012093211776E-15,
-15.4453125));
#10288=CARTESIAN_POINT('Ctrl Pts',(4.06765823467067,1.68487920789918,-15.3671875));
#10289=CARTESIAN_POINT('Ctrl Pts',(2.87626872128493,2.87626872128492,-15.2890625));
#10290=CARTESIAN_POINT('Ctrl Pts',(1.6848792078992,4.06765823467066,-15.2109375));
#10291=CARTESIAN_POINT('Ctrl Pts',(0.,4.06765823467066,-15.1328125));
#10292=CARTESIAN_POINT('Ctrl Pts',(-1.68487920789919,4.06765823467066,-15.0546875));
#10293=CARTESIAN_POINT('Ctrl Pts',(-2.87626872128493,2.87626872128492,-14.9765625));
#10294=CARTESIAN_POINT('Ctrl Pts',(-4.06765823467067,1.68487920789918,-14.8984375));
#10295=CARTESIAN_POINT('Ctrl Pts',(-4.06765823467067,-8.8638320046948E-15,
-14.8203125));
#10296=CARTESIAN_POINT('Ctrl Pts',(-4.06765823467067,-1.6848792078992,-14.7421875));
#10297=CARTESIAN_POINT('Ctrl Pts',(-2.87626872128493,-2.87626872128494,
-14.6640625));
#10298=CARTESIAN_POINT('Ctrl Pts',(-1.68487920789919,-4.06765823467068,
-14.5859375));
#10299=CARTESIAN_POINT('Ctrl Pts',(-4.98144463711481E-16,-4.06765823467068,
-14.5078125));
#10300=CARTESIAN_POINT('Ctrl Pts',(1.68487920789919,-4.06765823467068,-14.4296875));
#10301=CARTESIAN_POINT('Ctrl Pts',(2.87626872128493,-2.87626872128494,-14.3515625));
#10302=CARTESIAN_POINT('Ctrl Pts',(4.06765823467067,-1.6848792078992,-14.2734375));
#10303=CARTESIAN_POINT('Ctrl Pts',(4.06765823467067,-9.86012093211776E-15,
-14.1953125));
#10304=CARTESIAN_POINT('Ctrl Pts',(4.06765823467067,1.68487920789918,-14.1171875));
#10305=CARTESIAN_POINT('Ctrl Pts',(2.87626872128493,2.87626872128492,-14.0390625));
#10306=CARTESIAN_POINT('Ctrl Pts',(1.6848792078992,4.06765823467066,-13.9609375));
#10307=CARTESIAN_POINT('Ctrl Pts',(0.,4.06765823467066,-13.8828125));
#10308=CARTESIAN_POINT('Ctrl Pts',(-1.68487920789919,4.06765823467066,-13.8046875));
#10309=CARTESIAN_POINT('Ctrl Pts',(-2.87626872128493,2.87626872128492,-13.7265625));
#10310=CARTESIAN_POINT('Ctrl Pts',(-4.06765823467067,1.68487920789918,-13.6484375));
#10311=CARTESIAN_POINT('Ctrl Pts',(-4.06765823467067,-8.8638320046948E-15,
-13.5703125));
#10312=CARTESIAN_POINT('Ctrl Pts',(-4.06765823467067,-1.6848792078992,-13.4921875));
#10313=CARTESIAN_POINT('Ctrl Pts',(-2.87626872128493,-2.87626872128494,
-13.4140625));
#10314=CARTESIAN_POINT('Ctrl Pts',(-1.68487920789919,-4.06765823467068,
-13.3359375));
#10315=CARTESIAN_POINT('Ctrl Pts',(-4.98144463711481E-16,-4.06765823467068,
-13.2578125));
#10316=CARTESIAN_POINT('Ctrl Pts',(1.68487920789919,-4.06765823467068,-13.1796875));
#10317=CARTESIAN_POINT('Ctrl Pts',(2.87626872128493,-2.87626872128494,-13.1015625));
#10318=CARTESIAN_POINT('Ctrl Pts',(4.06765823467067,-1.6848792078992,-13.0234375));
#10319=CARTESIAN_POINT('Ctrl Pts',(4.06765823467067,-9.86012093211776E-15,
-12.9453125));
#10320=CARTESIAN_POINT('Ctrl Pts',(4.06765823467067,1.68487920789918,-12.8671875));
#10321=CARTESIAN_POINT('Ctrl Pts',(2.87626872128493,2.87626872128492,-12.7890625));
#10322=CARTESIAN_POINT('Ctrl Pts',(1.6848792078992,4.06765823467066,-12.7109375));
#10323=CARTESIAN_POINT('Ctrl Pts',(0.,4.06765823467066,-12.6328125));
#10324=CARTESIAN_POINT('Ctrl Pts',(-1.68487920789919,4.06765823467066,-12.5546875));
#10325=CARTESIAN_POINT('Ctrl Pts',(-2.87626872128493,2.87626872128492,-12.4765625));
#10326=CARTESIAN_POINT('Ctrl Pts',(-4.06765823467067,1.68487920789918,-12.3984375));
#10327=CARTESIAN_POINT('Ctrl Pts',(-4.06765823467067,-8.8638320046948E-15,
-12.3203125));
#10328=CARTESIAN_POINT('Ctrl Pts',(-4.06765823467067,-1.6848792078992,-12.2421875));
#10329=CARTESIAN_POINT('Ctrl Pts',(-2.87626872128493,-2.87626872128494,
-12.1640625));
#10330=CARTESIAN_POINT('Ctrl Pts',(-1.68487920789919,-4.06765823467068,
-12.0859375));
#10331=CARTESIAN_POINT('Ctrl Pts',(-4.98144463711481E-16,-4.06765823467068,
-12.0078125));
#10332=CARTESIAN_POINT('Ctrl Pts',(1.68487920789919,-4.06765823467068,-11.9296875));
#10333=CARTESIAN_POINT('Ctrl Pts',(2.87626872128493,-2.87626872128494,-11.8515625));
#10334=CARTESIAN_POINT('Ctrl Pts',(4.06765823467067,-1.6848792078992,-11.7734375));
#10335=CARTESIAN_POINT('Ctrl Pts',(4.06765823467067,-9.86012093211776E-15,
-11.6953125));
#10336=CARTESIAN_POINT('Ctrl Pts',(4.06765823467067,1.68487920789918,-11.6171875));
#10337=CARTESIAN_POINT('Ctrl Pts',(2.87626872128493,2.87626872128492,-11.5390625));
#10338=CARTESIAN_POINT('Ctrl Pts',(1.6848792078992,4.06765823467066,-11.4609375));
#10339=CARTESIAN_POINT('Ctrl Pts',(0.,4.06765823467066,-11.3828125));
#10340=CARTESIAN_POINT('Ctrl Pts',(-1.68487920789919,4.06765823467066,-11.3046875));
#10341=CARTESIAN_POINT('Ctrl Pts',(-2.87626872128493,2.87626872128492,-11.2265625));
#10342=CARTESIAN_POINT('Ctrl Pts',(-4.06765823467067,1.68487920789918,-11.1484375));
#10343=CARTESIAN_POINT('Ctrl Pts',(-4.06765823467067,-8.8638320046948E-15,
-11.0703125));
#10344=CARTESIAN_POINT('Ctrl Pts',(-4.06765823467067,-1.6848792078992,-10.9921875));
#10345=CARTESIAN_POINT('Ctrl Pts',(-2.87626872128493,-2.87626872128494,
-10.9140625));
#10346=CARTESIAN_POINT('Ctrl Pts',(-1.68487920789919,-4.06765823467068,
-10.8359375));
#10347=CARTESIAN_POINT('Ctrl Pts',(-4.98144463711481E-16,-4.06765823467068,
-10.7578125));
#10348=CARTESIAN_POINT('Ctrl Pts',(1.68487920789919,-4.06765823467068,-10.6796875));
#10349=CARTESIAN_POINT('Ctrl Pts',(2.87626872128493,-2.87626872128494,-10.6015625));
#10350=CARTESIAN_POINT('Ctrl Pts',(4.06765823467067,-1.6848792078992,-10.5234375));
#10351=CARTESIAN_POINT('Ctrl Pts',(4.06765823467067,-9.86012093211776E-15,
-10.4453125));
#10352=CARTESIAN_POINT('Ctrl Pts',(4.06765823467067,1.68487920789918,-10.3671875));
#10353=CARTESIAN_POINT('Ctrl Pts',(2.87626872128493,2.87626872128492,-10.2890625));
#10354=CARTESIAN_POINT('Ctrl Pts',(1.6848792078992,4.06765823467066,-10.2109375));
#10355=CARTESIAN_POINT('Ctrl Pts',(0.,4.06765823467066,-10.1328125));
#10356=CARTESIAN_POINT('Ctrl Pts',(-1.68487920789919,4.06765823467066,-10.0546875));
#10357=CARTESIAN_POINT('Ctrl Pts',(-2.87626872128493,2.87626872128492,-9.9765625));
#10358=CARTESIAN_POINT('Ctrl Pts',(-4.06765823467067,1.68487920789918,-9.8984375));
#10359=CARTESIAN_POINT('Ctrl Pts',(-4.06765823467067,-8.8638320046948E-15,
-9.8203125));
#10360=CARTESIAN_POINT('Ctrl Pts',(-4.06765823467067,-1.6848792078992,-9.7421875));
#10361=CARTESIAN_POINT('Ctrl Pts',(-2.87626872128493,-2.87626872128494,
-9.6640625));
#10362=CARTESIAN_POINT('Ctrl Pts',(-1.68487920789919,-4.06765823467068,
-9.5859375));
#10363=CARTESIAN_POINT('Ctrl Pts',(-4.98144463711481E-16,-4.06765823467068,
-9.5078125));
#10364=CARTESIAN_POINT('Ctrl Pts',(1.68487920789919,-4.06765823467068,-9.4296875));
#10365=CARTESIAN_POINT('Ctrl Pts',(2.87626872128493,-2.87626872128494,-9.3515625));
#10366=CARTESIAN_POINT('Ctrl Pts',(4.06765823467067,-1.6848792078992,-9.2734375));
#10367=CARTESIAN_POINT('Ctrl Pts',(4.06765823467067,-9.86012093211776E-15,
-9.1953125));
#10368=CARTESIAN_POINT('Ctrl Pts',(4.06765823467067,1.68487920789918,-9.1171875));
#10369=CARTESIAN_POINT('Ctrl Pts',(2.87626872128493,2.87626872128492,-9.0390625));
#10370=CARTESIAN_POINT('Ctrl Pts',(1.6848792078992,4.06765823467066,-8.9609375));
#10371=CARTESIAN_POINT('Ctrl Pts',(0.,4.06765823467066,-8.8828125));
#10372=CARTESIAN_POINT('Ctrl Pts',(-1.68487920789919,4.06765823467066,-8.8046875));
#10373=CARTESIAN_POINT('Ctrl Pts',(-2.87626872128493,2.87626872128492,-8.7265625));
#10374=CARTESIAN_POINT('Ctrl Pts',(-4.06765823467067,1.68487920789918,-8.6484375));
#10375=CARTESIAN_POINT('Ctrl Pts',(-4.06765823467067,-8.8638320046948E-15,
-8.5703125));
#10376=CARTESIAN_POINT('Ctrl Pts',(-4.06765823467067,-1.6848792078992,-8.4921875));
#10377=CARTESIAN_POINT('Ctrl Pts',(-2.87626872128493,-2.87626872128494,
-8.4140625));
#10378=CARTESIAN_POINT('Ctrl Pts',(-1.68487920789919,-4.06765823467068,
-8.3359375));
#10379=CARTESIAN_POINT('Ctrl Pts',(-4.98144463711481E-16,-4.06765823467068,
-8.2578125));
#10380=CARTESIAN_POINT('Ctrl Pts',(1.68487920789919,-4.06765823467068,-8.1796875));
#10381=CARTESIAN_POINT('Ctrl Pts',(2.87626872128493,-2.87626872128494,-8.1015625));
#10382=CARTESIAN_POINT('Ctrl Pts',(4.06765823467067,-1.6848792078992,-8.0234375));
#10383=CARTESIAN_POINT('Ctrl Pts',(4.06765823467067,-9.86012093211776E-15,
-7.9453125));
#10384=CARTESIAN_POINT('Ctrl Pts',(4.06765823467067,1.68487920789918,-7.8671875));
#10385=CARTESIAN_POINT('Ctrl Pts',(2.87626872128493,2.87626872128492,-7.7890625));
#10386=CARTESIAN_POINT('Ctrl Pts',(1.6848792078992,4.06765823467066,-7.7109375));
#10387=CARTESIAN_POINT('Ctrl Pts',(0.,4.06765823467066,-7.6328125));
#10388=CARTESIAN_POINT('Ctrl Pts',(-1.68487920789919,4.06765823467066,-7.5546875));
#10389=CARTESIAN_POINT('Ctrl Pts',(-2.87626872128493,2.87626872128492,-7.4765625));
#10390=CARTESIAN_POINT('Ctrl Pts',(-4.06765823467067,1.68487920789918,-7.3984375));
#10391=CARTESIAN_POINT('Ctrl Pts',(-4.06765823467067,-8.8638320046948E-15,
-7.3203125));
#10392=CARTESIAN_POINT('Ctrl Pts',(-4.06765823467067,-1.6848792078992,-7.2421875));
#10393=CARTESIAN_POINT('Ctrl Pts',(-2.87626872128493,-2.87626872128494,
-7.1640625));
#10394=CARTESIAN_POINT('Ctrl Pts',(-1.68487920789919,-4.06765823467068,
-7.0859375));
#10395=CARTESIAN_POINT('Ctrl Pts',(-4.98144463711481E-16,-4.06765823467068,
-7.0078125));
#10396=CARTESIAN_POINT('Ctrl Pts',(1.68487920789919,-4.06765823467068,-6.9296875));
#10397=CARTESIAN_POINT('Ctrl Pts',(2.87626872128493,-2.87626872128494,-6.8515625));
#10398=CARTESIAN_POINT('Ctrl Pts',(4.06765823467067,-1.6848792078992,-6.7734375));
#10399=CARTESIAN_POINT('Ctrl Pts',(4.06765823467067,-9.86012093211776E-15,
-6.6953125));
#10400=CARTESIAN_POINT('Ctrl Pts',(4.06765823467067,1.68487920789918,-6.6171875));
#10401=CARTESIAN_POINT('Ctrl Pts',(2.87626872128493,2.87626872128492,-6.5390625));
#10402=CARTESIAN_POINT('Ctrl Pts',(1.6848792078992,4.06765823467066,-6.4609375));
#10403=CARTESIAN_POINT('Ctrl Pts',(0.,4.06765823467066,-6.3828125));
#10404=CARTESIAN_POINT('Ctrl Pts',(-1.68487920789919,4.06765823467066,-6.3046875));
#10405=CARTESIAN_POINT('Ctrl Pts',(-2.87626872128493,2.87626872128492,-6.2265625));
#10406=CARTESIAN_POINT('Ctrl Pts',(-4.06765823467067,1.68487920789918,-6.1484375));
#10407=CARTESIAN_POINT('Ctrl Pts',(-4.06765823467067,-8.8638320046948E-15,
-6.0703125));
#10408=CARTESIAN_POINT('Ctrl Pts',(-4.06765823467067,-1.6848792078992,-5.9921875));
#10409=CARTESIAN_POINT('Ctrl Pts',(-2.87626872128493,-2.87626872128494,
-5.9140625));
#10410=CARTESIAN_POINT('Ctrl Pts',(-1.68487920789919,-4.06765823467068,
-5.8359375));
#10411=CARTESIAN_POINT('Ctrl Pts',(-4.98144463711481E-16,-4.06765823467068,
-5.7578125));
#10412=CARTESIAN_POINT('Ctrl Pts',(1.68487920789919,-4.06765823467068,-5.6796875));
#10413=CARTESIAN_POINT('Ctrl Pts',(2.87626872128493,-2.87626872128494,-5.6015625));
#10414=CARTESIAN_POINT('Ctrl Pts',(4.06765823467067,-1.6848792078992,-5.5234375));
#10415=CARTESIAN_POINT('Ctrl Pts',(4.06765823467067,-9.86012093211776E-15,
-5.4453125));
#10416=CARTESIAN_POINT('Ctrl Pts',(4.06765823467067,1.68487920789918,-5.3671875));
#10417=CARTESIAN_POINT('Ctrl Pts',(2.87626872128493,2.87626872128492,-5.2890625));
#10418=CARTESIAN_POINT('Ctrl Pts',(1.6848792078992,4.06765823467066,-5.2109375));
#10419=CARTESIAN_POINT('Ctrl Pts',(0.,4.06765823467066,-5.1328125));
#10420=CARTESIAN_POINT('Ctrl Pts',(-1.68487920789919,4.06765823467066,-5.0546875));
#10421=CARTESIAN_POINT('Ctrl Pts',(-2.87626872128493,2.87626872128492,-4.9765625));
#10422=CARTESIAN_POINT('Ctrl Pts',(-4.06765823467067,1.68487920789918,-4.8984375));
#10423=CARTESIAN_POINT('Ctrl Pts',(-4.06765823467067,-8.8638320046948E-15,
-4.8203125));
#10424=CARTESIAN_POINT('Ctrl Pts',(-4.06765823467067,-1.6848792078992,-4.7421875));
#10425=CARTESIAN_POINT('Ctrl Pts',(-2.87626872128493,-2.87626872128494,
-4.6640625));
#10426=CARTESIAN_POINT('Ctrl Pts',(-1.68487920789919,-4.06765823467068,
-4.5859375));
#10427=CARTESIAN_POINT('Ctrl Pts',(-4.98144463711481E-16,-4.06765823467068,
-4.5078125));
#10428=CARTESIAN_POINT('Ctrl Pts',(1.68487920789919,-4.06765823467068,-4.4296875));
#10429=CARTESIAN_POINT('Ctrl Pts',(2.87626872128493,-2.87626872128494,-4.3515625));
#10430=CARTESIAN_POINT('Ctrl Pts',(4.06765823467067,-1.6848792078992,-4.2734375));
#10431=CARTESIAN_POINT('Ctrl Pts',(4.06765823467067,-9.86012093211776E-15,
-4.1953125));
#10432=CARTESIAN_POINT('Ctrl Pts',(4.06765823467067,1.68487920789918,-4.1171875));
#10433=CARTESIAN_POINT('Ctrl Pts',(2.87626872128493,2.87626872128492,-4.0390625));
#10434=CARTESIAN_POINT('Ctrl Pts',(1.6848792078992,4.06765823467066,-3.9609375));
#10435=CARTESIAN_POINT('Ctrl Pts',(0.,4.06765823467066,-3.8828125));
#10436=CARTESIAN_POINT('Ctrl Pts',(-1.68487920789919,4.06765823467066,-3.8046875));
#10437=CARTESIAN_POINT('Ctrl Pts',(-2.87626872128493,2.87626872128492,-3.7265625));
#10438=CARTESIAN_POINT('Ctrl Pts',(-4.06765823467067,1.68487920789918,-3.6484375));
#10439=CARTESIAN_POINT('Ctrl Pts',(-4.06765823467067,-8.8638320046948E-15,
-3.5703125));
#10440=CARTESIAN_POINT('Ctrl Pts',(-4.06765823467067,-1.6848792078992,-3.4921875));
#10441=CARTESIAN_POINT('Ctrl Pts',(-2.87626872128493,-2.87626872128494,
-3.4140625));
#10442=CARTESIAN_POINT('Ctrl Pts',(-1.68487920789919,-4.06765823467068,
-3.3359375));
#10443=CARTESIAN_POINT('Ctrl Pts',(-4.98144463711481E-16,-4.06765823467068,
-3.2578125));
#10444=CARTESIAN_POINT('Ctrl Pts',(1.68487920789919,-4.06765823467068,-3.1796875));
#10445=CARTESIAN_POINT('Ctrl Pts',(2.87626872128493,-2.87626872128494,-3.1015625));
#10446=CARTESIAN_POINT('Ctrl Pts',(4.06765823467067,-1.6848792078992,-3.0234375));
#10447=CARTESIAN_POINT('Ctrl Pts',(4.06765823467067,-9.86012093211776E-15,
-2.9453125));
#10448=CARTESIAN_POINT('Ctrl Pts',(4.06765823467067,1.68487920789918,-2.8671875));
#10449=CARTESIAN_POINT('Ctrl Pts',(2.87626872128493,2.87626872128492,-2.7890625));
#10450=CARTESIAN_POINT('Ctrl Pts',(1.6848792078992,4.06765823467066,-2.7109375));
#10451=CARTESIAN_POINT('Ctrl Pts',(0.,4.06765823467066,-2.6328125));
#10452=CARTESIAN_POINT('Ctrl Pts',(-1.68487920789919,4.06765823467066,-2.5546875));
#10453=CARTESIAN_POINT('Ctrl Pts',(-2.87626872128493,2.87626872128492,-2.4765625));
#10454=CARTESIAN_POINT('Ctrl Pts',(-4.06765823467067,1.68487920789918,-2.3984375));
#10455=CARTESIAN_POINT('Ctrl Pts',(-4.06765823467067,-8.8638320046948E-15,
-2.3203125));
#10456=CARTESIAN_POINT('Ctrl Pts',(-4.06765823467067,-1.6848792078992,-2.2421875));
#10457=CARTESIAN_POINT('Ctrl Pts',(-2.87626872128493,-2.87626872128494,
-2.1640625));
#10458=CARTESIAN_POINT('Ctrl Pts',(-1.68487920789919,-4.06765823467068,
-2.0859375));
#10459=CARTESIAN_POINT('Ctrl Pts',(-4.98144463711481E-16,-4.06765823467068,
-2.0078125));
#10460=CARTESIAN_POINT('Ctrl Pts',(1.68487920789919,-4.06765823467068,-1.9296875));
#10461=CARTESIAN_POINT('Ctrl Pts',(2.87626872128493,-2.87626872128494,-1.8515625));
#10462=CARTESIAN_POINT('Ctrl Pts',(4.06765823467067,-1.6848792078992,-1.7734375));
#10463=CARTESIAN_POINT('Ctrl Pts',(4.06765823467067,-9.86012093211776E-15,
-1.6953125));
#10464=CARTESIAN_POINT('Ctrl Pts',(4.06765823467067,1.68487920789918,-1.6171875));
#10465=CARTESIAN_POINT('Ctrl Pts',(2.87626872128493,2.87626872128492,-1.5390625));
#10466=CARTESIAN_POINT('Ctrl Pts',(1.6848792078992,4.06765823467066,-1.4609375));
#10467=CARTESIAN_POINT('Ctrl Pts',(0.,4.06765823467066,-1.3828125));
#10468=CARTESIAN_POINT('Ctrl Pts',(-1.68487920789919,4.06765823467066,-1.3046875));
#10469=CARTESIAN_POINT('Ctrl Pts',(-2.87626872128493,2.87626872128492,-1.2265625));
#10470=CARTESIAN_POINT('Ctrl Pts',(-4.06765823467067,1.68487920789918,-1.1484375));
#10471=CARTESIAN_POINT('Ctrl Pts',(-4.06765823467067,-8.8638320046948E-15,
-1.0703125));
#10472=CARTESIAN_POINT('Ctrl Pts',(-4.06765823467067,-1.6848792078992,-0.992187499999998));
#10473=CARTESIAN_POINT('Ctrl Pts',(-2.87626872128493,-2.87626872128494,
-0.9140625));
#10474=CARTESIAN_POINT('Ctrl Pts',(-1.68487920789919,-4.06765823467068,
-0.835937499999998));
#10475=CARTESIAN_POINT('Ctrl Pts',(-4.98144463711481E-16,-4.06765823467068,
-0.7578125));
#10476=CARTESIAN_POINT('Ctrl Pts',(1.68487920789919,-4.06765823467068,-0.679687499999998));
#10477=CARTESIAN_POINT('Ctrl Pts',(2.87626872128493,-2.87626872128494,-0.6015625));
#10478=CARTESIAN_POINT('Ctrl Pts',(4.06765823467067,-1.6848792078992,-0.523437499999998));
#10479=CARTESIAN_POINT('Ctrl Pts',(4.06765823467067,-9.86012093211776E-15,
-0.4453125));
#10480=CARTESIAN_POINT('Ctrl Pts',(4.06765823467067,1.68487920789918,-0.367187499999998));
#10481=CARTESIAN_POINT('Ctrl Pts',(2.87626872128493,2.87626872128492,-0.289062499999999));
#10482=CARTESIAN_POINT('Ctrl Pts',(1.6848792078992,4.06765823467066,-0.210937499999998));
#10483=CARTESIAN_POINT('Ctrl Pts',(0.,4.06765823467066,-0.132812499999999));
#10484=CARTESIAN_POINT('Ctrl Pts',(-1.68487920789919,4.06765823467066,-0.0546875000000009));
#10485=CARTESIAN_POINT('Ctrl Pts',(-2.87626872128493,2.87626872128492,0.0234375000000009));
#10486=CARTESIAN_POINT('Ctrl Pts',(-4.06765823467067,1.68487920789918,0.101562499999999));
#10487=CARTESIAN_POINT('Ctrl Pts',(-4.06765823467067,-8.8638320046948E-15,
0.179687500000001));
#10488=CARTESIAN_POINT('Ctrl Pts',(-4.06765823467067,-1.6848792078992,0.257812499999999));
#10489=CARTESIAN_POINT('Ctrl Pts',(-2.87626872128493,-2.87626872128494,
0.335937500000001));
#10490=CARTESIAN_POINT('Ctrl Pts',(-1.68487920789919,-4.06765823467068,
0.4140625));
#10491=CARTESIAN_POINT('Ctrl Pts',(-4.98144463711481E-16,-4.06765823467068,
0.492187500000001));
#10492=CARTESIAN_POINT('Ctrl Pts',(1.68487920789919,-4.06765823467068,0.5703125));
#10493=CARTESIAN_POINT('Ctrl Pts',(2.87626872128493,-2.87626872128494,0.648437500000001));
#10494=CARTESIAN_POINT('Ctrl Pts',(4.06765823467067,-1.6848792078992,0.7265625));
#10495=CARTESIAN_POINT('Ctrl Pts',(4.06765823467067,-9.86012093211776E-15,
0.804687500000002));
#10496=CARTESIAN_POINT('Ctrl Pts',(4.06765823467067,1.68487920789918,0.8828125));
#10497=CARTESIAN_POINT('Ctrl Pts',(2.87626872128493,2.87626872128492,0.960937500000002));
#10498=CARTESIAN_POINT('Ctrl Pts',(1.6848792078992,4.06765823467066,1.0390625));
#10499=CARTESIAN_POINT('Ctrl Pts',(0.,4.06765823467066,1.1171875));
#10500=CARTESIAN_POINT('Ctrl Pts',(-1.68487920789919,4.06765823467066,1.1953125));
#10501=CARTESIAN_POINT('Ctrl Pts',(-2.87626872128493,2.87626872128492,1.2734375));
#10502=CARTESIAN_POINT('Ctrl Pts',(-4.06765823467067,1.68487920789918,1.3515625));
#10503=CARTESIAN_POINT('Ctrl Pts',(-4.06765823467067,-8.8638320046948E-15,
1.4296875));
#10504=CARTESIAN_POINT('Ctrl Pts',(-4.06765823467067,-1.6848792078992,1.5078125));
#10505=CARTESIAN_POINT('Ctrl Pts',(-2.87626872128493,-2.87626872128494,
1.5859375));
#10506=CARTESIAN_POINT('Ctrl Pts',(-1.68487920789919,-4.06765823467068,
1.6640625));
#10507=CARTESIAN_POINT('Ctrl Pts',(-4.98144463711481E-16,-4.06765823467068,
1.7421875));
#10508=CARTESIAN_POINT('Ctrl Pts',(1.68487920789919,-4.06765823467068,1.8203125));
#10509=CARTESIAN_POINT('Ctrl Pts',(2.87626872128493,-2.87626872128494,1.8984375));
#10510=CARTESIAN_POINT('Ctrl Pts',(4.06765823467067,-1.6848792078992,1.9765625));
#10511=CARTESIAN_POINT('Ctrl Pts',(4.06765823467067,-9.86012093211776E-15,
2.0546875));
#10512=CARTESIAN_POINT('Ctrl Pts',(4.06765823467067,1.68487920789918,2.1328125));
#10513=CARTESIAN_POINT('Ctrl Pts',(2.87626872128493,2.87626872128492,2.2109375));
#10514=CARTESIAN_POINT('Ctrl Pts',(1.6848792078992,4.06765823467066,2.2890625));
#10515=CARTESIAN_POINT('Ctrl Pts',(0.,4.06765823467066,2.3671875));
#10516=CARTESIAN_POINT('Ctrl Pts',(-1.68487920789919,4.06765823467066,2.4453125));
#10517=CARTESIAN_POINT('Ctrl Pts',(-2.87626872128493,2.87626872128492,2.5234375));
#10518=CARTESIAN_POINT('Ctrl Pts',(-4.06765823467067,1.68487920789918,2.6015625));
#10519=CARTESIAN_POINT('Ctrl Pts',(-4.06765823467067,-8.8638320046948E-15,
2.6796875));
#10520=CARTESIAN_POINT('Ctrl Pts',(-4.06765823467067,-1.6848792078992,2.7578125));
#10521=CARTESIAN_POINT('Ctrl Pts',(-2.87626872128493,-2.87626872128494,
2.8359375));
#10522=CARTESIAN_POINT('Ctrl Pts',(-1.68487920789919,-4.06765823467068,
2.9140625));
#10523=CARTESIAN_POINT('Ctrl Pts',(-4.98144463711481E-16,-4.06765823467068,
2.9921875));
#10524=CARTESIAN_POINT('Ctrl Pts',(1.68487920789919,-4.06765823467068,3.0703125));
#10525=CARTESIAN_POINT('Ctrl Pts',(2.87626872128493,-2.87626872128494,3.1484375));
#10526=CARTESIAN_POINT('Ctrl Pts',(4.06765823467067,-1.6848792078992,3.2265625));
#10527=CARTESIAN_POINT('Ctrl Pts',(4.06765823467067,-9.86012093211776E-15,
3.3046875));
#10528=CARTESIAN_POINT('Ctrl Pts',(4.06765823467067,1.68487920789918,3.3828125));
#10529=CARTESIAN_POINT('Ctrl Pts',(2.87626872128493,2.87626872128492,3.4609375));
#10530=CARTESIAN_POINT('Ctrl Pts',(1.6848792078992,4.06765823467066,3.5390625));
#10531=CARTESIAN_POINT('Ctrl Pts',(0.,4.06765823467066,3.6171875));
#10532=CARTESIAN_POINT('Ctrl Pts',(-1.68487920789919,4.06765823467066,3.6953125));
#10533=CARTESIAN_POINT('Ctrl Pts',(-2.87626872128493,2.87626872128492,3.7734375));
#10534=CARTESIAN_POINT('Ctrl Pts',(-4.06765823467067,1.68487920789918,3.8515625));
#10535=CARTESIAN_POINT('Ctrl Pts',(-4.06765823467067,-8.8638320046948E-15,
3.9296875));
#10536=CARTESIAN_POINT('Ctrl Pts',(-4.06765823467067,-1.6848792078992,4.0078125));
#10537=CARTESIAN_POINT('Ctrl Pts',(-2.87626872128493,-2.87626872128494,
4.0859375));
#10538=CARTESIAN_POINT('Ctrl Pts',(-1.68487920789919,-4.06765823467068,
4.1640625));
#10539=CARTESIAN_POINT('Ctrl Pts',(-4.98144463711481E-16,-4.06765823467068,
4.2421875));
#10540=CARTESIAN_POINT('Ctrl Pts',(1.68487920789919,-4.06765823467068,4.3203125));
#10541=CARTESIAN_POINT('Ctrl Pts',(2.87626872128493,-2.87626872128494,4.3984375));
#10542=CARTESIAN_POINT('Ctrl Pts',(4.06765823467067,-1.6848792078992,4.4765625));
#10543=CARTESIAN_POINT('Ctrl Pts',(4.06765823467067,-9.86012093211776E-15,
4.5546875));
#10544=CARTESIAN_POINT('Ctrl Pts',(4.06765823467067,1.68487920789918,4.6328125));
#10545=CARTESIAN_POINT('Ctrl Pts',(2.87626872128493,2.87626872128492,4.7109375));
#10546=CARTESIAN_POINT('Ctrl Pts',(1.6848792078992,4.06765823467066,4.7890625));
#10547=CARTESIAN_POINT('Ctrl Pts',(0.,4.06765823467066,4.8671875));
#10548=CARTESIAN_POINT('Ctrl Pts',(-1.68487920789919,4.06765823467066,4.9453125));
#10549=CARTESIAN_POINT('Ctrl Pts',(-2.87626872128493,2.87626872128492,5.0234375));
#10550=CARTESIAN_POINT('Ctrl Pts',(-4.06765823467067,1.68487920789918,5.1015625));
#10551=CARTESIAN_POINT('Ctrl Pts',(-4.06765823467067,-8.8638320046948E-15,
5.1796875));
#10552=CARTESIAN_POINT('Ctrl Pts',(-4.06765823467067,-1.6848792078992,5.2578125));
#10553=CARTESIAN_POINT('Ctrl Pts',(-2.87626872128493,-2.87626872128494,
5.3359375));
#10554=CARTESIAN_POINT('Ctrl Pts',(-1.68487920789919,-4.06765823467068,
5.4140625));
#10555=CARTESIAN_POINT('Ctrl Pts',(-4.98144463711481E-16,-4.06765823467068,
5.4921875));
#10556=CARTESIAN_POINT('Ctrl Pts',(1.68487920789919,-4.06765823467068,5.5703125));
#10557=CARTESIAN_POINT('Ctrl Pts',(2.87626872128493,-2.87626872128494,5.6484375));
#10558=CARTESIAN_POINT('Ctrl Pts',(4.06765823467067,-1.6848792078992,5.7265625));
#10559=CARTESIAN_POINT('Ctrl Pts',(4.06765823467067,-9.86012093211776E-15,
5.8046875));
#10560=CARTESIAN_POINT('Ctrl Pts',(4.06765823467067,1.68487920789918,5.8828125));
#10561=CARTESIAN_POINT('Ctrl Pts',(2.87626872128493,2.87626872128492,5.9609375));
#10562=CARTESIAN_POINT('Ctrl Pts',(1.6848792078992,4.06765823467066,6.0390625));
#10563=CARTESIAN_POINT('Ctrl Pts',(0.,4.06765823467066,6.1171875));
#10564=CARTESIAN_POINT('Ctrl Pts',(-1.68487920789919,4.06765823467066,6.1953125));
#10565=CARTESIAN_POINT('Ctrl Pts',(-2.87626872128493,2.87626872128492,6.2734375));
#10566=CARTESIAN_POINT('Ctrl Pts',(-4.06765823467067,1.68487920789918,6.3515625));
#10567=CARTESIAN_POINT('Ctrl Pts',(-4.06765823467067,-8.8638320046948E-15,
6.4296875));
#10568=CARTESIAN_POINT('Ctrl Pts',(-4.06765823467067,-1.6848792078992,6.5078125));
#10569=CARTESIAN_POINT('Ctrl Pts',(-2.87626872128493,-2.87626872128494,
6.5859375));
#10570=CARTESIAN_POINT('Ctrl Pts',(-1.68487920789919,-4.06765823467068,
6.6640625));
#10571=CARTESIAN_POINT('Ctrl Pts',(-4.98144463711481E-16,-4.06765823467068,
6.7421875));
#10572=CARTESIAN_POINT('Ctrl Pts',(1.68487920789919,-4.06765823467068,6.8203125));
#10573=CARTESIAN_POINT('Ctrl Pts',(2.87626872128493,-2.87626872128494,6.8984375));
#10574=CARTESIAN_POINT('Ctrl Pts',(4.06765823467067,-1.6848792078992,6.9765625));
#10575=CARTESIAN_POINT('Ctrl Pts',(4.06765823467067,-9.86012093211776E-15,
7.0546875));
#10576=CARTESIAN_POINT('Ctrl Pts',(4.06765823467067,1.68487920789918,7.1328125));
#10577=CARTESIAN_POINT('Ctrl Pts',(2.87626872128493,2.87626872128492,7.2109375));
#10578=CARTESIAN_POINT('Ctrl Pts',(1.6848792078992,4.06765823467066,7.2890625));
#10579=CARTESIAN_POINT('Ctrl Pts',(0.,4.06765823467066,7.3671875));
#10580=CARTESIAN_POINT('Ctrl Pts',(-1.68487920789919,4.06765823467066,7.4453125));
#10581=CARTESIAN_POINT('Ctrl Pts',(-2.87626872128493,2.87626872128492,7.5234375));
#10582=CARTESIAN_POINT('Ctrl Pts',(-4.06765823467067,1.68487920789918,7.6015625));
#10583=CARTESIAN_POINT('Ctrl Pts',(-4.06765823467067,-8.8638320046948E-15,
7.6796875));
#10584=CARTESIAN_POINT('Ctrl Pts',(-4.06765823467067,-1.6848792078992,7.7578125));
#10585=CARTESIAN_POINT('Ctrl Pts',(-2.87626872128493,-2.87626872128494,
7.8359375));
#10586=CARTESIAN_POINT('Ctrl Pts',(-1.68487920789919,-4.06765823467068,
7.9140625));
#10587=CARTESIAN_POINT('Ctrl Pts',(-4.98144463711481E-16,-4.06765823467068,
7.9921875));
#10588=CARTESIAN_POINT('Ctrl Pts',(1.68487920789919,-4.06765823467068,8.0703125));
#10589=CARTESIAN_POINT('Ctrl Pts',(2.87626872128493,-2.87626872128494,8.1484375));
#10590=CARTESIAN_POINT('Ctrl Pts',(4.06765823467067,-1.6848792078992,8.2265625));
#10591=CARTESIAN_POINT('Ctrl Pts',(4.06765823467067,-9.86012093211776E-15,
8.3046875));
#10592=CARTESIAN_POINT('Ctrl Pts',(4.06765823467067,1.68487920789918,8.3828125));
#10593=CARTESIAN_POINT('Ctrl Pts',(2.87626872128493,2.87626872128492,8.4609375));
#10594=CARTESIAN_POINT('Ctrl Pts',(1.6848792078992,4.06765823467066,8.5390625));
#10595=CARTESIAN_POINT('Ctrl Pts',(0.,4.06765823467066,8.6171875));
#10596=CARTESIAN_POINT('Ctrl Pts',(-1.68487920789919,4.06765823467066,8.6953125));
#10597=CARTESIAN_POINT('Ctrl Pts',(-2.87626872128493,2.87626872128492,8.7734375));
#10598=CARTESIAN_POINT('Ctrl Pts',(-4.06765823467067,1.68487920789918,8.8515625));
#10599=CARTESIAN_POINT('Ctrl Pts',(-4.06765823467067,-8.8638320046948E-15,
8.9296875));
#10600=CARTESIAN_POINT('Ctrl Pts',(-4.06765823467067,-1.6848792078992,9.0078125));
#10601=CARTESIAN_POINT('Ctrl Pts',(-2.87626872128493,-2.87626872128494,
9.0859375));
#10602=CARTESIAN_POINT('Ctrl Pts',(-1.68487920789919,-4.06765823467068,
9.1640625));
#10603=CARTESIAN_POINT('Ctrl Pts',(-4.98144463711481E-16,-4.06765823467068,
9.2421875));
#10604=CARTESIAN_POINT('Ctrl Pts',(1.68487920789919,-4.06765823467068,9.3203125));
#10605=CARTESIAN_POINT('Ctrl Pts',(2.87626872128493,-2.87626872128494,9.3984375));
#10606=CARTESIAN_POINT('Ctrl Pts',(4.06765823467067,-1.6848792078992,9.4765625));
#10607=CARTESIAN_POINT('Ctrl Pts',(4.06765823467067,-9.86012093211776E-15,
9.5546875));
#10608=CARTESIAN_POINT('Ctrl Pts',(4.06765823467067,1.68487920789918,9.6328125));
#10609=CARTESIAN_POINT('Ctrl Pts',(2.87626872128493,2.87626872128492,9.7109375));
#10610=CARTESIAN_POINT('Ctrl Pts',(1.6848792078992,4.06765823467066,9.7890625));
#10611=CARTESIAN_POINT('Ctrl Pts',(0.,4.06765823467066,9.8671875));
#10612=CARTESIAN_POINT('Ctrl Pts',(-1.68487920789919,4.06765823467066,9.9453125));
#10613=CARTESIAN_POINT('Ctrl Pts',(-2.87626872128493,2.87626872128492,10.0234375));
#10614=CARTESIAN_POINT('Ctrl Pts',(-4.06765823467067,1.68487920789918,10.1015625));
#10615=CARTESIAN_POINT('Ctrl Pts',(-4.06765823467067,-8.8638320046948E-15,
10.1796875));
#10616=CARTESIAN_POINT('Ctrl Pts',(-4.06765823467067,-1.6848792078992,10.2578125));
#10617=CARTESIAN_POINT('Ctrl Pts',(-2.87626872128493,-2.87626872128494,
10.3359375));
#10618=CARTESIAN_POINT('Ctrl Pts',(-1.68487920789919,-4.06765823467068,
10.4140625));
#10619=CARTESIAN_POINT('Ctrl Pts',(-4.98144463711481E-16,-4.06765823467068,
10.4921875));
#10620=CARTESIAN_POINT('Ctrl Pts',(1.68487920789919,-4.06765823467068,10.5703125));
#10621=CARTESIAN_POINT('Ctrl Pts',(2.87626872128493,-2.87626872128494,10.6484375));
#10622=CARTESIAN_POINT('Ctrl Pts',(4.06765823467067,-1.6848792078992,10.7265625));
#10623=CARTESIAN_POINT('Ctrl Pts',(4.06765823467067,-9.86012093211776E-15,
10.8046875));
#10624=CARTESIAN_POINT('Ctrl Pts',(4.06765823467067,1.68487920789918,10.8828125));
#10625=CARTESIAN_POINT('Ctrl Pts',(2.87626872128493,2.87626872128492,10.9609375));
#10626=CARTESIAN_POINT('Ctrl Pts',(1.6848792078992,4.06765823467066,11.0390625));
#10627=CARTESIAN_POINT('Ctrl Pts',(0.,4.06765823467066,11.1171875));
#10628=CARTESIAN_POINT('Origin',(0.337160934423189,0.101819635189755,-19.0001741497518));
#10629=CARTESIAN_POINT('Ctrl Pts',(0.,4.06765823467066,-18.9609375));
#10630=CARTESIAN_POINT('Ctrl Pts',(-1.68487920789919,4.06765823467066,-18.8828125));
#10631=CARTESIAN_POINT('Ctrl Pts',(-2.87626872128493,2.87626872128492,-18.8046875));
#10632=CARTESIAN_POINT('Ctrl Pts',(-4.06765823467067,1.68487920789918,-18.7265625));
#10633=CARTESIAN_POINT('Ctrl Pts',(-4.06765823467067,-8.8638320046948E-15,
-18.6484375));
#10634=CARTESIAN_POINT('Ctrl Pts',(-4.06765823467067,-1.6848792078992,-18.5703125));
#10635=CARTESIAN_POINT('Ctrl Pts',(-2.87626872128493,-2.87626872128494,
-18.4921875));
#10636=CARTESIAN_POINT('Ctrl Pts',(-1.68487920789919,-4.06765823467068,
-18.4140625));
#10637=CARTESIAN_POINT('Ctrl Pts',(-4.98144463711481E-16,-4.06765823467068,
-18.3359375));
#10638=CARTESIAN_POINT('Ctrl Pts',(1.68487920789919,-4.06765823467068,-18.2578125));
#10639=CARTESIAN_POINT('Ctrl Pts',(2.87626872128493,-2.87626872128494,-18.1796875));
#10640=CARTESIAN_POINT('Ctrl Pts',(4.06765823467067,-1.6848792078992,-18.1015625));
#10641=CARTESIAN_POINT('Ctrl Pts',(4.06765823467067,-9.86012093211776E-15,
-18.0234375));
#10642=CARTESIAN_POINT('Ctrl Pts',(4.06765823467067,1.68487920789918,-17.9453125));
#10643=CARTESIAN_POINT('Ctrl Pts',(2.87626872128493,2.87626872128492,-17.8671875));
#10644=CARTESIAN_POINT('Ctrl Pts',(1.6848792078992,4.06765823467066,-17.7890625));
#10645=CARTESIAN_POINT('Ctrl Pts',(0.,4.06765823467066,-17.7109375));
#10646=CARTESIAN_POINT('Ctrl Pts',(-1.68487920789919,4.06765823467066,-17.6328125));
#10647=CARTESIAN_POINT('Ctrl Pts',(-2.87626872128493,2.87626872128492,-17.5546875));
#10648=CARTESIAN_POINT('Ctrl Pts',(-4.06765823467067,1.68487920789918,-17.4765625));
#10649=CARTESIAN_POINT('Ctrl Pts',(-4.06765823467067,-8.8638320046948E-15,
-17.3984375));
#10650=CARTESIAN_POINT('Ctrl Pts',(-4.06765823467067,-1.6848792078992,-17.3203125));
#10651=CARTESIAN_POINT('Ctrl Pts',(-2.87626872128493,-2.87626872128494,
-17.2421875));
#10652=CARTESIAN_POINT('Ctrl Pts',(-1.68487920789919,-4.06765823467068,
-17.1640625));
#10653=CARTESIAN_POINT('Ctrl Pts',(-4.98144463711481E-16,-4.06765823467068,
-17.0859375));
#10654=CARTESIAN_POINT('Ctrl Pts',(1.68487920789919,-4.06765823467068,-17.0078125));
#10655=CARTESIAN_POINT('Ctrl Pts',(2.87626872128493,-2.87626872128494,-16.9296875));
#10656=CARTESIAN_POINT('Ctrl Pts',(4.06765823467067,-1.6848792078992,-16.8515625));
#10657=CARTESIAN_POINT('Ctrl Pts',(4.06765823467067,-9.86012093211776E-15,
-16.7734375));
#10658=CARTESIAN_POINT('Ctrl Pts',(4.06765823467067,1.68487920789918,-16.6953125));
#10659=CARTESIAN_POINT('Ctrl Pts',(2.87626872128493,2.87626872128492,-16.6171875));
#10660=CARTESIAN_POINT('Ctrl Pts',(1.6848792078992,4.06765823467066,-16.5390625));
#10661=CARTESIAN_POINT('Ctrl Pts',(0.,4.06765823467066,-16.4609375));
#10662=CARTESIAN_POINT('Ctrl Pts',(-1.68487920789919,4.06765823467066,-16.3828125));
#10663=CARTESIAN_POINT('Ctrl Pts',(-2.87626872128493,2.87626872128492,-16.3046875));
#10664=CARTESIAN_POINT('Ctrl Pts',(-4.06765823467067,1.68487920789918,-16.2265625));
#10665=CARTESIAN_POINT('Ctrl Pts',(-4.06765823467067,-8.8638320046948E-15,
-16.1484375));
#10666=CARTESIAN_POINT('Ctrl Pts',(-4.06765823467067,-1.6848792078992,-16.0703125));
#10667=CARTESIAN_POINT('Ctrl Pts',(-2.87626872128493,-2.87626872128494,
-15.9921875));
#10668=CARTESIAN_POINT('Ctrl Pts',(-1.68487920789919,-4.06765823467068,
-15.9140625));
#10669=CARTESIAN_POINT('Ctrl Pts',(-4.98144463711481E-16,-4.06765823467068,
-15.8359375));
#10670=CARTESIAN_POINT('Ctrl Pts',(1.68487920789919,-4.06765823467068,-15.7578125));
#10671=CARTESIAN_POINT('Ctrl Pts',(2.87626872128493,-2.87626872128494,-15.6796875));
#10672=CARTESIAN_POINT('Ctrl Pts',(4.06765823467067,-1.6848792078992,-15.6015625));
#10673=CARTESIAN_POINT('Ctrl Pts',(4.06765823467067,-9.86012093211776E-15,
-15.5234375));
#10674=CARTESIAN_POINT('Ctrl Pts',(4.06765823467067,1.68487920789918,-15.4453125));
#10675=CARTESIAN_POINT('Ctrl Pts',(2.87626872128493,2.87626872128492,-15.3671875));
#10676=CARTESIAN_POINT('Ctrl Pts',(1.6848792078992,4.06765823467066,-15.2890625));
#10677=CARTESIAN_POINT('Ctrl Pts',(0.,4.06765823467066,-15.2109375));
#10678=CARTESIAN_POINT('Ctrl Pts',(-1.68487920789919,4.06765823467066,-15.1328125));
#10679=CARTESIAN_POINT('Ctrl Pts',(-2.87626872128493,2.87626872128492,-15.0546875));
#10680=CARTESIAN_POINT('Ctrl Pts',(-4.06765823467067,1.68487920789918,-14.9765625));
#10681=CARTESIAN_POINT('Ctrl Pts',(-4.06765823467067,-8.8638320046948E-15,
-14.8984375));
#10682=CARTESIAN_POINT('Ctrl Pts',(-4.06765823467067,-1.6848792078992,-14.8203125));
#10683=CARTESIAN_POINT('Ctrl Pts',(-2.87626872128493,-2.87626872128494,
-14.7421875));
#10684=CARTESIAN_POINT('Ctrl Pts',(-1.68487920789919,-4.06765823467068,
-14.6640625));
#10685=CARTESIAN_POINT('Ctrl Pts',(-4.98144463711481E-16,-4.06765823467068,
-14.5859375));
#10686=CARTESIAN_POINT('Ctrl Pts',(1.68487920789919,-4.06765823467068,-14.5078125));
#10687=CARTESIAN_POINT('Ctrl Pts',(2.87626872128493,-2.87626872128494,-14.4296875));
#10688=CARTESIAN_POINT('Ctrl Pts',(4.06765823467067,-1.6848792078992,-14.3515625));
#10689=CARTESIAN_POINT('Ctrl Pts',(4.06765823467067,-9.86012093211776E-15,
-14.2734375));
#10690=CARTESIAN_POINT('Ctrl Pts',(4.06765823467067,1.68487920789918,-14.1953125));
#10691=CARTESIAN_POINT('Ctrl Pts',(2.87626872128493,2.87626872128492,-14.1171875));
#10692=CARTESIAN_POINT('Ctrl Pts',(1.6848792078992,4.06765823467066,-14.0390625));
#10693=CARTESIAN_POINT('Ctrl Pts',(0.,4.06765823467066,-13.9609375));
#10694=CARTESIAN_POINT('Ctrl Pts',(-1.68487920789919,4.06765823467066,-13.8828125));
#10695=CARTESIAN_POINT('Ctrl Pts',(-2.87626872128493,2.87626872128492,-13.8046875));
#10696=CARTESIAN_POINT('Ctrl Pts',(-4.06765823467067,1.68487920789918,-13.7265625));
#10697=CARTESIAN_POINT('Ctrl Pts',(-4.06765823467067,-8.8638320046948E-15,
-13.6484375));
#10698=CARTESIAN_POINT('Ctrl Pts',(-4.06765823467067,-1.6848792078992,-13.5703125));
#10699=CARTESIAN_POINT('Ctrl Pts',(-2.87626872128493,-2.87626872128494,
-13.4921875));
#10700=CARTESIAN_POINT('Ctrl Pts',(-1.68487920789919,-4.06765823467068,
-13.4140625));
#10701=CARTESIAN_POINT('Ctrl Pts',(-4.98144463711481E-16,-4.06765823467068,
-13.3359375));
#10702=CARTESIAN_POINT('Ctrl Pts',(1.68487920789919,-4.06765823467068,-13.2578125));
#10703=CARTESIAN_POINT('Ctrl Pts',(2.87626872128493,-2.87626872128494,-13.1796875));
#10704=CARTESIAN_POINT('Ctrl Pts',(4.06765823467067,-1.6848792078992,-13.1015625));
#10705=CARTESIAN_POINT('Ctrl Pts',(4.06765823467067,-9.86012093211776E-15,
-13.0234375));
#10706=CARTESIAN_POINT('Ctrl Pts',(4.06765823467067,1.68487920789918,-12.9453125));
#10707=CARTESIAN_POINT('Ctrl Pts',(2.87626872128493,2.87626872128492,-12.8671875));
#10708=CARTESIAN_POINT('Ctrl Pts',(1.6848792078992,4.06765823467066,-12.7890625));
#10709=CARTESIAN_POINT('Ctrl Pts',(0.,4.06765823467066,-12.7109375));
#10710=CARTESIAN_POINT('Ctrl Pts',(-1.68487920789919,4.06765823467066,-12.6328125));
#10711=CARTESIAN_POINT('Ctrl Pts',(-2.87626872128493,2.87626872128492,-12.5546875));
#10712=CARTESIAN_POINT('Ctrl Pts',(-4.06765823467067,1.68487920789918,-12.4765625));
#10713=CARTESIAN_POINT('Ctrl Pts',(-4.06765823467067,-8.8638320046948E-15,
-12.3984375));
#10714=CARTESIAN_POINT('Ctrl Pts',(-4.06765823467067,-1.6848792078992,-12.3203125));
#10715=CARTESIAN_POINT('Ctrl Pts',(-2.87626872128493,-2.87626872128494,
-12.2421875));
#10716=CARTESIAN_POINT('Ctrl Pts',(-1.68487920789919,-4.06765823467068,
-12.1640625));
#10717=CARTESIAN_POINT('Ctrl Pts',(-4.98144463711481E-16,-4.06765823467068,
-12.0859375));
#10718=CARTESIAN_POINT('Ctrl Pts',(1.68487920789919,-4.06765823467068,-12.0078125));
#10719=CARTESIAN_POINT('Ctrl Pts',(2.87626872128493,-2.87626872128494,-11.9296875));
#10720=CARTESIAN_POINT('Ctrl Pts',(4.06765823467067,-1.6848792078992,-11.8515625));
#10721=CARTESIAN_POINT('Ctrl Pts',(4.06765823467067,-9.86012093211776E-15,
-11.7734375));
#10722=CARTESIAN_POINT('Ctrl Pts',(4.06765823467067,1.68487920789918,-11.6953125));
#10723=CARTESIAN_POINT('Ctrl Pts',(2.87626872128493,2.87626872128492,-11.6171875));
#10724=CARTESIAN_POINT('Ctrl Pts',(1.6848792078992,4.06765823467066,-11.5390625));
#10725=CARTESIAN_POINT('Ctrl Pts',(0.,4.06765823467066,-11.4609375));
#10726=CARTESIAN_POINT('Ctrl Pts',(-1.68487920789919,4.06765823467066,-11.3828125));
#10727=CARTESIAN_POINT('Ctrl Pts',(-2.87626872128493,2.87626872128492,-11.3046875));
#10728=CARTESIAN_POINT('Ctrl Pts',(-4.06765823467067,1.68487920789918,-11.2265625));
#10729=CARTESIAN_POINT('Ctrl Pts',(-4.06765823467067,-8.8638320046948E-15,
-11.1484375));
#10730=CARTESIAN_POINT('Ctrl Pts',(-4.06765823467067,-1.6848792078992,-11.0703125));
#10731=CARTESIAN_POINT('Ctrl Pts',(-2.87626872128493,-2.87626872128494,
-10.9921875));
#10732=CARTESIAN_POINT('Ctrl Pts',(-1.68487920789919,-4.06765823467068,
-10.9140625));
#10733=CARTESIAN_POINT('Ctrl Pts',(-4.98144463711481E-16,-4.06765823467068,
-10.8359375));
#10734=CARTESIAN_POINT('Ctrl Pts',(1.68487920789919,-4.06765823467068,-10.7578125));
#10735=CARTESIAN_POINT('Ctrl Pts',(2.87626872128493,-2.87626872128494,-10.6796875));
#10736=CARTESIAN_POINT('Ctrl Pts',(4.06765823467067,-1.6848792078992,-10.6015625));
#10737=CARTESIAN_POINT('Ctrl Pts',(4.06765823467067,-9.86012093211776E-15,
-10.5234375));
#10738=CARTESIAN_POINT('Ctrl Pts',(4.06765823467067,1.68487920789918,-10.4453125));
#10739=CARTESIAN_POINT('Ctrl Pts',(2.87626872128493,2.87626872128492,-10.3671875));
#10740=CARTESIAN_POINT('Ctrl Pts',(1.6848792078992,4.06765823467066,-10.2890625));
#10741=CARTESIAN_POINT('Ctrl Pts',(0.,4.06765823467066,-10.2109375));
#10742=CARTESIAN_POINT('Ctrl Pts',(-1.68487920789919,4.06765823467066,-10.1328125));
#10743=CARTESIAN_POINT('Ctrl Pts',(-2.87626872128493,2.87626872128492,-10.0546875));
#10744=CARTESIAN_POINT('Ctrl Pts',(-4.06765823467067,1.68487920789918,-9.97656249999999));
#10745=CARTESIAN_POINT('Ctrl Pts',(-4.06765823467067,-8.8638320046948E-15,
-9.8984375));
#10746=CARTESIAN_POINT('Ctrl Pts',(-4.06765823467067,-1.6848792078992,-9.8203125));
#10747=CARTESIAN_POINT('Ctrl Pts',(-2.87626872128493,-2.87626872128494,
-9.7421875));
#10748=CARTESIAN_POINT('Ctrl Pts',(-1.68487920789919,-4.06765823467068,
-9.6640625));
#10749=CARTESIAN_POINT('Ctrl Pts',(-4.98144463711481E-16,-4.06765823467068,
-9.5859375));
#10750=CARTESIAN_POINT('Ctrl Pts',(1.68487920789919,-4.06765823467068,-9.5078125));
#10751=CARTESIAN_POINT('Ctrl Pts',(2.87626872128493,-2.87626872128494,-9.4296875));
#10752=CARTESIAN_POINT('Ctrl Pts',(4.06765823467067,-1.6848792078992,-9.3515625));
#10753=CARTESIAN_POINT('Ctrl Pts',(4.06765823467067,-9.86012093211776E-15,
-9.2734375));
#10754=CARTESIAN_POINT('Ctrl Pts',(4.06765823467067,1.68487920789918,-9.1953125));
#10755=CARTESIAN_POINT('Ctrl Pts',(2.87626872128493,2.87626872128492,-9.1171875));
#10756=CARTESIAN_POINT('Ctrl Pts',(1.6848792078992,4.06765823467066,-9.0390625));
#10757=CARTESIAN_POINT('Ctrl Pts',(0.,4.06765823467066,-8.9609375));
#10758=CARTESIAN_POINT('Ctrl Pts',(-1.68487920789919,4.06765823467066,-8.88281249999999));
#10759=CARTESIAN_POINT('Ctrl Pts',(-2.87626872128493,2.87626872128492,-8.8046875));
#10760=CARTESIAN_POINT('Ctrl Pts',(-4.06765823467067,1.68487920789918,-8.7265625));
#10761=CARTESIAN_POINT('Ctrl Pts',(-4.06765823467067,-8.8638320046948E-15,
-8.6484375));
#10762=CARTESIAN_POINT('Ctrl Pts',(-4.06765823467067,-1.6848792078992,-8.5703125));
#10763=CARTESIAN_POINT('Ctrl Pts',(-2.87626872128493,-2.87626872128494,
-8.4921875));
#10764=CARTESIAN_POINT('Ctrl Pts',(-1.68487920789919,-4.06765823467068,
-8.4140625));
#10765=CARTESIAN_POINT('Ctrl Pts',(-4.98144463711481E-16,-4.06765823467068,
-8.3359375));
#10766=CARTESIAN_POINT('Ctrl Pts',(1.68487920789919,-4.06765823467068,-8.2578125));
#10767=CARTESIAN_POINT('Ctrl Pts',(2.87626872128493,-2.87626872128494,-8.1796875));
#10768=CARTESIAN_POINT('Ctrl Pts',(4.06765823467067,-1.6848792078992,-8.1015625));
#10769=CARTESIAN_POINT('Ctrl Pts',(4.06765823467067,-9.86012093211776E-15,
-8.0234375));
#10770=CARTESIAN_POINT('Ctrl Pts',(4.06765823467067,1.68487920789918,-7.9453125));
#10771=CARTESIAN_POINT('Ctrl Pts',(2.87626872128493,2.87626872128492,-7.8671875));
#10772=CARTESIAN_POINT('Ctrl Pts',(1.6848792078992,4.06765823467066,-7.7890625));
#10773=CARTESIAN_POINT('Ctrl Pts',(0.,4.06765823467066,-7.7109375));
#10774=CARTESIAN_POINT('Ctrl Pts',(-1.68487920789919,4.06765823467066,-7.6328125));
#10775=CARTESIAN_POINT('Ctrl Pts',(-2.87626872128493,2.87626872128492,-7.5546875));
#10776=CARTESIAN_POINT('Ctrl Pts',(-4.06765823467067,1.68487920789918,-7.4765625));
#10777=CARTESIAN_POINT('Ctrl Pts',(-4.06765823467067,-8.8638320046948E-15,
-7.3984375));
#10778=CARTESIAN_POINT('Ctrl Pts',(-4.06765823467067,-1.6848792078992,-7.3203125));
#10779=CARTESIAN_POINT('Ctrl Pts',(-2.87626872128493,-2.87626872128494,
-7.2421875));
#10780=CARTESIAN_POINT('Ctrl Pts',(-1.68487920789919,-4.06765823467068,
-7.1640625));
#10781=CARTESIAN_POINT('Ctrl Pts',(-4.98144463711481E-16,-4.06765823467068,
-7.0859375));
#10782=CARTESIAN_POINT('Ctrl Pts',(1.68487920789919,-4.06765823467068,-7.0078125));
#10783=CARTESIAN_POINT('Ctrl Pts',(2.87626872128493,-2.87626872128494,-6.9296875));
#10784=CARTESIAN_POINT('Ctrl Pts',(4.06765823467067,-1.6848792078992,-6.8515625));
#10785=CARTESIAN_POINT('Ctrl Pts',(4.06765823467067,-9.86012093211776E-15,
-6.7734375));
#10786=CARTESIAN_POINT('Ctrl Pts',(4.06765823467067,1.68487920789918,-6.6953125));
#10787=CARTESIAN_POINT('Ctrl Pts',(2.87626872128493,2.87626872128492,-6.6171875));
#10788=CARTESIAN_POINT('Ctrl Pts',(1.6848792078992,4.06765823467066,-6.5390625));
#10789=CARTESIAN_POINT('Ctrl Pts',(0.,4.06765823467066,-6.4609375));
#10790=CARTESIAN_POINT('Ctrl Pts',(-1.68487920789919,4.06765823467066,-6.3828125));
#10791=CARTESIAN_POINT('Ctrl Pts',(-2.87626872128493,2.87626872128492,-6.3046875));
#10792=CARTESIAN_POINT('Ctrl Pts',(-4.06765823467067,1.68487920789918,-6.2265625));
#10793=CARTESIAN_POINT('Ctrl Pts',(-4.06765823467067,-8.8638320046948E-15,
-6.1484375));
#10794=CARTESIAN_POINT('Ctrl Pts',(-4.06765823467067,-1.6848792078992,-6.0703125));
#10795=CARTESIAN_POINT('Ctrl Pts',(-2.87626872128493,-2.87626872128494,
-5.9921875));
#10796=CARTESIAN_POINT('Ctrl Pts',(-1.68487920789919,-4.06765823467068,
-5.9140625));
#10797=CARTESIAN_POINT('Ctrl Pts',(-4.98144463711481E-16,-4.06765823467068,
-5.8359375));
#10798=CARTESIAN_POINT('Ctrl Pts',(1.68487920789919,-4.06765823467068,-5.7578125));
#10799=CARTESIAN_POINT('Ctrl Pts',(2.87626872128493,-2.87626872128494,-5.6796875));
#10800=CARTESIAN_POINT('Ctrl Pts',(4.06765823467067,-1.6848792078992,-5.6015625));
#10801=CARTESIAN_POINT('Ctrl Pts',(4.06765823467067,-9.86012093211776E-15,
-5.5234375));
#10802=CARTESIAN_POINT('Ctrl Pts',(4.06765823467067,1.68487920789918,-5.4453125));
#10803=CARTESIAN_POINT('Ctrl Pts',(2.87626872128493,2.87626872128492,-5.3671875));
#10804=CARTESIAN_POINT('Ctrl Pts',(1.6848792078992,4.06765823467066,-5.2890625));
#10805=CARTESIAN_POINT('Ctrl Pts',(0.,4.06765823467066,-5.2109375));
#10806=CARTESIAN_POINT('Ctrl Pts',(-1.68487920789919,4.06765823467066,-5.1328125));
#10807=CARTESIAN_POINT('Ctrl Pts',(-2.87626872128493,2.87626872128492,-5.0546875));
#10808=CARTESIAN_POINT('Ctrl Pts',(-4.06765823467067,1.68487920789918,-4.9765625));
#10809=CARTESIAN_POINT('Ctrl Pts',(-4.06765823467067,-8.8638320046948E-15,
-4.8984375));
#10810=CARTESIAN_POINT('Ctrl Pts',(-4.06765823467067,-1.6848792078992,-4.8203125));
#10811=CARTESIAN_POINT('Ctrl Pts',(-2.87626872128493,-2.87626872128494,
-4.7421875));
#10812=CARTESIAN_POINT('Ctrl Pts',(-1.68487920789919,-4.06765823467068,
-4.6640625));
#10813=CARTESIAN_POINT('Ctrl Pts',(-4.98144463711481E-16,-4.06765823467068,
-4.5859375));
#10814=CARTESIAN_POINT('Ctrl Pts',(1.68487920789919,-4.06765823467068,-4.5078125));
#10815=CARTESIAN_POINT('Ctrl Pts',(2.87626872128493,-2.87626872128494,-4.4296875));
#10816=CARTESIAN_POINT('Ctrl Pts',(4.06765823467067,-1.6848792078992,-4.3515625));
#10817=CARTESIAN_POINT('Ctrl Pts',(4.06765823467067,-9.86012093211776E-15,
-4.2734375));
#10818=CARTESIAN_POINT('Ctrl Pts',(4.06765823467067,1.68487920789918,-4.1953125));
#10819=CARTESIAN_POINT('Ctrl Pts',(2.87626872128493,2.87626872128492,-4.1171875));
#10820=CARTESIAN_POINT('Ctrl Pts',(1.6848792078992,4.06765823467066,-4.0390625));
#10821=CARTESIAN_POINT('Ctrl Pts',(0.,4.06765823467066,-3.9609375));
#10822=CARTESIAN_POINT('Ctrl Pts',(-1.68487920789919,4.06765823467066,-3.8828125));
#10823=CARTESIAN_POINT('Ctrl Pts',(-2.87626872128493,2.87626872128492,-3.8046875));
#10824=CARTESIAN_POINT('Ctrl Pts',(-4.06765823467067,1.68487920789918,-3.7265625));
#10825=CARTESIAN_POINT('Ctrl Pts',(-4.06765823467067,-8.8638320046948E-15,
-3.6484375));
#10826=CARTESIAN_POINT('Ctrl Pts',(-4.06765823467067,-1.6848792078992,-3.5703125));
#10827=CARTESIAN_POINT('Ctrl Pts',(-2.87626872128493,-2.87626872128494,
-3.4921875));
#10828=CARTESIAN_POINT('Ctrl Pts',(-1.68487920789919,-4.06765823467068,
-3.4140625));
#10829=CARTESIAN_POINT('Ctrl Pts',(-4.98144463711481E-16,-4.06765823467068,
-3.3359375));
#10830=CARTESIAN_POINT('Ctrl Pts',(1.68487920789919,-4.06765823467068,-3.2578125));
#10831=CARTESIAN_POINT('Ctrl Pts',(2.87626872128493,-2.87626872128494,-3.1796875));
#10832=CARTESIAN_POINT('Ctrl Pts',(4.06765823467067,-1.6848792078992,-3.10156249999999));
#10833=CARTESIAN_POINT('Ctrl Pts',(4.06765823467067,-9.86012093211776E-15,
-3.0234375));
#10834=CARTESIAN_POINT('Ctrl Pts',(4.06765823467067,1.68487920789918,-2.9453125));
#10835=CARTESIAN_POINT('Ctrl Pts',(2.87626872128493,2.87626872128492,-2.8671875));
#10836=CARTESIAN_POINT('Ctrl Pts',(1.6848792078992,4.06765823467066,-2.7890625));
#10837=CARTESIAN_POINT('Ctrl Pts',(0.,4.06765823467066,-2.7109375));
#10838=CARTESIAN_POINT('Ctrl Pts',(-1.68487920789919,4.06765823467066,-2.6328125));
#10839=CARTESIAN_POINT('Ctrl Pts',(-2.87626872128493,2.87626872128492,-2.5546875));
#10840=CARTESIAN_POINT('Ctrl Pts',(-4.06765823467067,1.68487920789918,-2.4765625));
#10841=CARTESIAN_POINT('Ctrl Pts',(-4.06765823467067,-8.8638320046948E-15,
-2.3984375));
#10842=CARTESIAN_POINT('Ctrl Pts',(-4.06765823467067,-1.6848792078992,-2.3203125));
#10843=CARTESIAN_POINT('Ctrl Pts',(-2.87626872128493,-2.87626872128494,
-2.2421875));
#10844=CARTESIAN_POINT('Ctrl Pts',(-1.68487920789919,-4.06765823467068,
-2.1640625));
#10845=CARTESIAN_POINT('Ctrl Pts',(-4.98144463711481E-16,-4.06765823467068,
-2.0859375));
#10846=CARTESIAN_POINT('Ctrl Pts',(1.68487920789919,-4.06765823467068,-2.0078125));
#10847=CARTESIAN_POINT('Ctrl Pts',(2.87626872128493,-2.87626872128494,-1.9296875));
#10848=CARTESIAN_POINT('Ctrl Pts',(4.06765823467067,-1.6848792078992,-1.8515625));
#10849=CARTESIAN_POINT('Ctrl Pts',(4.06765823467067,-9.86012093211776E-15,
-1.7734375));
#10850=CARTESIAN_POINT('Ctrl Pts',(4.06765823467067,1.68487920789918,-1.6953125));
#10851=CARTESIAN_POINT('Ctrl Pts',(2.87626872128493,2.87626872128492,-1.6171875));
#10852=CARTESIAN_POINT('Ctrl Pts',(1.6848792078992,4.06765823467066,-1.5390625));
#10853=CARTESIAN_POINT('Ctrl Pts',(0.,4.06765823467066,-1.4609375));
#10854=CARTESIAN_POINT('Ctrl Pts',(-1.68487920789919,4.06765823467066,-1.3828125));
#10855=CARTESIAN_POINT('Ctrl Pts',(-2.87626872128493,2.87626872128492,-1.3046875));
#10856=CARTESIAN_POINT('Ctrl Pts',(-4.06765823467067,1.68487920789918,-1.2265625));
#10857=CARTESIAN_POINT('Ctrl Pts',(-4.06765823467067,-8.8638320046948E-15,
-1.14843749999999));
#10858=CARTESIAN_POINT('Ctrl Pts',(-4.06765823467067,-1.6848792078992,-1.0703125));
#10859=CARTESIAN_POINT('Ctrl Pts',(-2.87626872128493,-2.87626872128494,
-0.992187499999995));
#10860=CARTESIAN_POINT('Ctrl Pts',(-1.68487920789919,-4.06765823467068,
-0.914062499999996));
#10861=CARTESIAN_POINT('Ctrl Pts',(-4.98144463711481E-16,-4.06765823467068,
-0.835937499999998));
#10862=CARTESIAN_POINT('Ctrl Pts',(1.68487920789919,-4.06765823467068,-0.757812499999996));
#10863=CARTESIAN_POINT('Ctrl Pts',(2.87626872128493,-2.87626872128494,-0.679687499999998));
#10864=CARTESIAN_POINT('Ctrl Pts',(4.06765823467067,-1.6848792078992,-0.601562499999996));
#10865=CARTESIAN_POINT('Ctrl Pts',(4.06765823467067,-9.86012093211776E-15,
-0.523437499999998));
#10866=CARTESIAN_POINT('Ctrl Pts',(4.06765823467067,1.68487920789918,-0.445312499999996));
#10867=CARTESIAN_POINT('Ctrl Pts',(2.87626872128493,2.87626872128492,-0.367187499999998));
#10868=CARTESIAN_POINT('Ctrl Pts',(1.6848792078992,4.06765823467066,-0.289062499999996));
#10869=CARTESIAN_POINT('Ctrl Pts',(0.,4.06765823467066,-0.210937499999998));
#10870=CARTESIAN_POINT('Ctrl Pts',(-1.68487920789919,4.06765823467066,-0.132812499999996));
#10871=CARTESIAN_POINT('Ctrl Pts',(-2.87626872128493,2.87626872128492,-0.0546874999999974));
#10872=CARTESIAN_POINT('Ctrl Pts',(-4.06765823467067,1.68487920789918,0.0234375000000044));
#10873=CARTESIAN_POINT('Ctrl Pts',(-4.06765823467067,-8.8638320046948E-15,
0.101562500000003));
#10874=CARTESIAN_POINT('Ctrl Pts',(-4.06765823467067,-1.6848792078992,0.179687500000004));
#10875=CARTESIAN_POINT('Ctrl Pts',(-2.87626872128493,-2.87626872128494,
0.257812500000003));
#10876=CARTESIAN_POINT('Ctrl Pts',(-1.68487920789919,-4.06765823467068,
0.335937500000005));
#10877=CARTESIAN_POINT('Ctrl Pts',(-4.98144463711481E-16,-4.06765823467068,
0.414062500000003));
#10878=CARTESIAN_POINT('Ctrl Pts',(1.68487920789919,-4.06765823467068,0.492187500000005));
#10879=CARTESIAN_POINT('Ctrl Pts',(2.87626872128493,-2.87626872128494,0.570312500000003));
#10880=CARTESIAN_POINT('Ctrl Pts',(4.06765823467067,-1.6848792078992,0.648437500000005));
#10881=CARTESIAN_POINT('Ctrl Pts',(4.06765823467067,-9.86012093211776E-15,
0.726562500000003));
#10882=CARTESIAN_POINT('Ctrl Pts',(4.06765823467067,1.68487920789918,0.804687500000005));
#10883=CARTESIAN_POINT('Ctrl Pts',(2.87626872128493,2.87626872128492,0.882812500000003));
#10884=CARTESIAN_POINT('Ctrl Pts',(1.6848792078992,4.06765823467066,0.960937500000005));
#10885=CARTESIAN_POINT('Ctrl Pts',(0.,4.06765823467066,1.0390625));
#10886=CARTESIAN_POINT('Ctrl Pts',(-1.68487920789919,4.06765823467066,1.1171875));
#10887=CARTESIAN_POINT('Ctrl Pts',(-2.87626872128493,2.87626872128492,1.1953125));
#10888=CARTESIAN_POINT('Ctrl Pts',(-4.06765823467067,1.68487920789918,1.2734375));
#10889=CARTESIAN_POINT('Ctrl Pts',(-4.06765823467067,-8.8638320046948E-15,
1.3515625));
#10890=CARTESIAN_POINT('Ctrl Pts',(-4.06765823467067,-1.6848792078992,1.4296875));
#10891=CARTESIAN_POINT('Ctrl Pts',(-2.87626872128493,-2.87626872128494,
1.5078125));
#10892=CARTESIAN_POINT('Ctrl Pts',(-1.68487920789919,-4.06765823467068,
1.5859375));
#10893=CARTESIAN_POINT('Ctrl Pts',(-4.98144463711481E-16,-4.06765823467068,
1.6640625));
#10894=CARTESIAN_POINT('Ctrl Pts',(1.68487920789919,-4.06765823467068,1.7421875));
#10895=CARTESIAN_POINT('Ctrl Pts',(2.87626872128493,-2.87626872128494,1.8203125));
#10896=CARTESIAN_POINT('Ctrl Pts',(4.06765823467067,-1.6848792078992,1.8984375));
#10897=CARTESIAN_POINT('Ctrl Pts',(4.06765823467067,-9.86012093211776E-15,
1.9765625));
#10898=CARTESIAN_POINT('Ctrl Pts',(4.06765823467067,1.68487920789918,2.0546875));
#10899=CARTESIAN_POINT('Ctrl Pts',(2.87626872128493,2.87626872128492,2.1328125));
#10900=CARTESIAN_POINT('Ctrl Pts',(1.6848792078992,4.06765823467066,2.2109375));
#10901=CARTESIAN_POINT('Ctrl Pts',(0.,4.06765823467066,2.2890625));
#10902=CARTESIAN_POINT('Ctrl Pts',(-1.68487920789919,4.06765823467066,2.3671875));
#10903=CARTESIAN_POINT('Ctrl Pts',(-2.87626872128493,2.87626872128492,2.4453125));
#10904=CARTESIAN_POINT('Ctrl Pts',(-4.06765823467067,1.68487920789918,2.5234375));
#10905=CARTESIAN_POINT('Ctrl Pts',(-4.06765823467067,-8.8638320046948E-15,
2.6015625));
#10906=CARTESIAN_POINT('Ctrl Pts',(-4.06765823467067,-1.6848792078992,2.6796875));
#10907=CARTESIAN_POINT('Ctrl Pts',(-2.87626872128493,-2.87626872128494,
2.7578125));
#10908=CARTESIAN_POINT('Ctrl Pts',(-1.68487920789919,-4.06765823467068,
2.8359375));
#10909=CARTESIAN_POINT('Ctrl Pts',(-4.98144463711481E-16,-4.06765823467068,
2.91406250000001));
#10910=CARTESIAN_POINT('Ctrl Pts',(1.68487920789919,-4.06765823467068,2.9921875));
#10911=CARTESIAN_POINT('Ctrl Pts',(2.87626872128493,-2.87626872128494,3.0703125));
#10912=CARTESIAN_POINT('Ctrl Pts',(4.06765823467067,-1.6848792078992,3.1484375));
#10913=CARTESIAN_POINT('Ctrl Pts',(4.06765823467067,-9.86012093211776E-15,
3.2265625));
#10914=CARTESIAN_POINT('Ctrl Pts',(4.06765823467067,1.68487920789918,3.3046875));
#10915=CARTESIAN_POINT('Ctrl Pts',(2.87626872128493,2.87626872128492,3.3828125));
#10916=CARTESIAN_POINT('Ctrl Pts',(1.6848792078992,4.06765823467066,3.4609375));
#10917=CARTESIAN_POINT('Ctrl Pts',(0.,4.06765823467066,3.5390625));
#10918=CARTESIAN_POINT('Ctrl Pts',(-1.68487920789919,4.06765823467066,3.6171875));
#10919=CARTESIAN_POINT('Ctrl Pts',(-2.87626872128493,2.87626872128492,3.6953125));
#10920=CARTESIAN_POINT('Ctrl Pts',(-4.06765823467067,1.68487920789918,3.7734375));
#10921=CARTESIAN_POINT('Ctrl Pts',(-4.06765823467067,-8.8638320046948E-15,
3.8515625));
#10922=CARTESIAN_POINT('Ctrl Pts',(-4.06765823467067,-1.6848792078992,3.9296875));
#10923=CARTESIAN_POINT('Ctrl Pts',(-2.87626872128493,-2.87626872128494,
4.0078125));
#10924=CARTESIAN_POINT('Ctrl Pts',(-1.68487920789919,-4.06765823467068,
4.0859375));
#10925=CARTESIAN_POINT('Ctrl Pts',(-4.98144463711481E-16,-4.06765823467068,
4.1640625));
#10926=CARTESIAN_POINT('Ctrl Pts',(1.68487920789919,-4.06765823467068,4.2421875));
#10927=CARTESIAN_POINT('Ctrl Pts',(2.87626872128493,-2.87626872128494,4.3203125));
#10928=CARTESIAN_POINT('Ctrl Pts',(4.06765823467067,-1.6848792078992,4.39843750000001));
#10929=CARTESIAN_POINT('Ctrl Pts',(4.06765823467067,-9.86012093211776E-15,
4.4765625));
#10930=CARTESIAN_POINT('Ctrl Pts',(4.06765823467067,1.68487920789918,4.55468750000001));
#10931=CARTESIAN_POINT('Ctrl Pts',(2.87626872128493,2.87626872128492,4.6328125));
#10932=CARTESIAN_POINT('Ctrl Pts',(1.6848792078992,4.06765823467066,4.71093750000001));
#10933=CARTESIAN_POINT('Ctrl Pts',(0.,4.06765823467066,4.7890625));
#10934=CARTESIAN_POINT('Ctrl Pts',(-1.68487920789919,4.06765823467066,4.86718750000001));
#10935=CARTESIAN_POINT('Ctrl Pts',(-2.87626872128493,2.87626872128492,4.9453125));
#10936=CARTESIAN_POINT('Ctrl Pts',(-4.06765823467067,1.68487920789918,5.02343750000001));
#10937=CARTESIAN_POINT('Ctrl Pts',(-4.06765823467067,-8.8638320046948E-15,
5.1015625));
#10938=CARTESIAN_POINT('Ctrl Pts',(-4.06765823467067,-1.6848792078992,5.1796875));
#10939=CARTESIAN_POINT('Ctrl Pts',(-2.87626872128493,-2.87626872128494,
5.2578125));
#10940=CARTESIAN_POINT('Ctrl Pts',(-1.68487920789919,-4.06765823467068,
5.3359375));
#10941=CARTESIAN_POINT('Ctrl Pts',(-4.98144463711481E-16,-4.06765823467068,
5.4140625));
#10942=CARTESIAN_POINT('Ctrl Pts',(1.68487920789919,-4.06765823467068,5.4921875));
#10943=CARTESIAN_POINT('Ctrl Pts',(2.87626872128493,-2.87626872128494,5.5703125));
#10944=CARTESIAN_POINT('Ctrl Pts',(4.06765823467067,-1.6848792078992,5.6484375));
#10945=CARTESIAN_POINT('Ctrl Pts',(4.06765823467067,-9.86012093211776E-15,
5.7265625));
#10946=CARTESIAN_POINT('Ctrl Pts',(4.06765823467067,1.68487920789918,5.8046875));
#10947=CARTESIAN_POINT('Ctrl Pts',(2.87626872128493,2.87626872128492,5.8828125));
#10948=CARTESIAN_POINT('Ctrl Pts',(1.6848792078992,4.06765823467066,5.9609375));
#10949=CARTESIAN_POINT('Ctrl Pts',(0.,4.06765823467066,6.03906250000001));
#10950=CARTESIAN_POINT('Ctrl Pts',(-1.68487920789919,4.06765823467066,6.1171875));
#10951=CARTESIAN_POINT('Ctrl Pts',(-2.87626872128493,2.87626872128492,6.19531250000001));
#10952=CARTESIAN_POINT('Ctrl Pts',(-4.06765823467067,1.68487920789918,6.2734375));
#10953=CARTESIAN_POINT('Ctrl Pts',(-4.06765823467067,-8.8638320046948E-15,
6.35156250000001));
#10954=CARTESIAN_POINT('Ctrl Pts',(-4.06765823467067,-1.6848792078992,6.4296875));
#10955=CARTESIAN_POINT('Ctrl Pts',(-2.87626872128493,-2.87626872128494,
6.50781250000001));
#10956=CARTESIAN_POINT('Ctrl Pts',(-1.68487920789919,-4.06765823467068,
6.5859375));
#10957=CARTESIAN_POINT('Ctrl Pts',(-4.98144463711481E-16,-4.06765823467068,
6.66406250000001));
#10958=CARTESIAN_POINT('Ctrl Pts',(1.68487920789919,-4.06765823467068,6.74218750000001));
#10959=CARTESIAN_POINT('Ctrl Pts',(2.87626872128493,-2.87626872128494,6.82031250000001));
#10960=CARTESIAN_POINT('Ctrl Pts',(4.06765823467067,-1.6848792078992,6.8984375));
#10961=CARTESIAN_POINT('Ctrl Pts',(4.06765823467067,-9.86012093211776E-15,
6.97656250000001));
#10962=CARTESIAN_POINT('Ctrl Pts',(4.06765823467067,1.68487920789918,7.0546875));
#10963=CARTESIAN_POINT('Ctrl Pts',(2.87626872128493,2.87626872128492,7.1328125));
#10964=CARTESIAN_POINT('Ctrl Pts',(1.6848792078992,4.06765823467066,7.2109375));
#10965=CARTESIAN_POINT('Ctrl Pts',(0.,4.06765823467066,7.2890625));
#10966=CARTESIAN_POINT('Ctrl Pts',(-1.68487920789919,4.06765823467066,7.3671875));
#10967=CARTESIAN_POINT('Ctrl Pts',(-2.87626872128493,2.87626872128492,7.4453125));
#10968=CARTESIAN_POINT('Ctrl Pts',(-4.06765823467067,1.68487920789918,7.52343750000001));
#10969=CARTESIAN_POINT('Ctrl Pts',(-4.06765823467067,-8.8638320046948E-15,
7.6015625));
#10970=CARTESIAN_POINT('Ctrl Pts',(-4.06765823467067,-1.6848792078992,7.6796875));
#10971=CARTESIAN_POINT('Ctrl Pts',(-2.87626872128493,-2.87626872128494,
7.7578125));
#10972=CARTESIAN_POINT('Ctrl Pts',(-1.68487920789919,-4.06765823467068,
7.83593750000001));
#10973=CARTESIAN_POINT('Ctrl Pts',(-4.98144463711481E-16,-4.06765823467068,
7.9140625));
#10974=CARTESIAN_POINT('Ctrl Pts',(1.68487920789919,-4.06765823467068,7.99218750000001));
#10975=CARTESIAN_POINT('Ctrl Pts',(2.87626872128493,-2.87626872128494,8.0703125));
#10976=CARTESIAN_POINT('Ctrl Pts',(4.06765823467067,-1.6848792078992,8.14843750000001));
#10977=CARTESIAN_POINT('Ctrl Pts',(4.06765823467067,-9.86012093211776E-15,
8.2265625));
#10978=CARTESIAN_POINT('Ctrl Pts',(4.06765823467067,1.68487920789918,8.30468750000001));
#10979=CARTESIAN_POINT('Ctrl Pts',(2.87626872128493,2.87626872128492,8.3828125));
#10980=CARTESIAN_POINT('Ctrl Pts',(1.6848792078992,4.06765823467066,8.46093750000001));
#10981=CARTESIAN_POINT('Ctrl Pts',(0.,4.06765823467066,8.5390625));
#10982=CARTESIAN_POINT('Ctrl Pts',(-1.68487920789919,4.06765823467066,8.61718750000001));
#10983=CARTESIAN_POINT('Ctrl Pts',(-2.87626872128493,2.87626872128492,8.6953125));
#10984=CARTESIAN_POINT('Ctrl Pts',(-4.06765823467067,1.68487920789918,8.77343750000001));
#10985=CARTESIAN_POINT('Ctrl Pts',(-4.06765823467067,-8.8638320046948E-15,
8.8515625));
#10986=CARTESIAN_POINT('Ctrl Pts',(-4.06765823467067,-1.6848792078992,8.92968750000001));
#10987=CARTESIAN_POINT('Ctrl Pts',(-2.87626872128493,-2.87626872128494,
9.0078125));
#10988=CARTESIAN_POINT('Ctrl Pts',(-1.68487920789919,-4.06765823467068,
9.08593750000001));
#10989=CARTESIAN_POINT('Ctrl Pts',(-4.98144463711481E-16,-4.06765823467068,
9.1640625));
#10990=CARTESIAN_POINT('Ctrl Pts',(1.68487920789919,-4.06765823467068,9.2421875));
#10991=CARTESIAN_POINT('Ctrl Pts',(2.87626872128493,-2.87626872128494,9.3203125));
#10992=CARTESIAN_POINT('Ctrl Pts',(4.06765823467067,-1.6848792078992,9.3984375));
#10993=CARTESIAN_POINT('Ctrl Pts',(4.06765823467067,-9.86012093211776E-15,
9.4765625));
#10994=CARTESIAN_POINT('Ctrl Pts',(4.06765823467067,1.68487920789918,9.5546875));
#10995=CARTESIAN_POINT('Ctrl Pts',(2.87626872128493,2.87626872128492,9.6328125));
#10996=CARTESIAN_POINT('Ctrl Pts',(1.6848792078992,4.06765823467066,9.71093750000001));
#10997=CARTESIAN_POINT('Ctrl Pts',(0.,4.06765823467066,9.7890625));
#10998=CARTESIAN_POINT('Ctrl Pts',(-1.68487920789919,4.06765823467066,9.8671875));
#10999=CARTESIAN_POINT('Ctrl Pts',(-2.87626872128493,2.87626872128492,9.94531250000001));
#11000=CARTESIAN_POINT('Ctrl Pts',(-4.06765823467067,1.68487920789918,10.0234375));
#11001=CARTESIAN_POINT('Ctrl Pts',(-4.06765823467067,-8.8638320046948E-15,
10.1015625));
#11002=CARTESIAN_POINT('Ctrl Pts',(-4.06765823467067,-1.6848792078992,10.1796875));
#11003=CARTESIAN_POINT('Ctrl Pts',(-2.87626872128493,-2.87626872128494,
10.2578125));
#11004=CARTESIAN_POINT('Ctrl Pts',(-1.68487920789919,-4.06765823467068,
10.3359375));
#11005=CARTESIAN_POINT('Ctrl Pts',(-4.98144463711481E-16,-4.06765823467068,
10.4140625));
#11006=CARTESIAN_POINT('Ctrl Pts',(1.68487920789919,-4.06765823467068,10.4921875));
#11007=CARTESIAN_POINT('Ctrl Pts',(2.87626872128493,-2.87626872128494,10.5703125));
#11008=CARTESIAN_POINT('Ctrl Pts',(4.06765823467067,-1.6848792078992,10.6484375));
#11009=CARTESIAN_POINT('Ctrl Pts',(4.06765823467067,-9.86012093211776E-15,
10.7265625));
#11010=CARTESIAN_POINT('Ctrl Pts',(4.06765823467067,1.68487920789918,10.8046875));
#11011=CARTESIAN_POINT('Ctrl Pts',(2.87626872128493,2.87626872128492,10.8828125));
#11012=CARTESIAN_POINT('Ctrl Pts',(1.6848792078992,4.06765823467066,10.9609375));
#11013=CARTESIAN_POINT('Ctrl Pts',(0.,4.06765823467066,11.0390625));
#11014=CARTESIAN_POINT('Ctrl Pts',(-1.68487920789919,4.06765823467066,11.1171875));
#11015=CARTESIAN_POINT('Ctrl Pts',(-2.87626872128493,2.87626872128492,11.1953125));
#11016=CARTESIAN_POINT('Ctrl Pts',(-4.06765823467067,1.68487920789918,11.2734375));
#11017=CARTESIAN_POINT('Ctrl Pts',(-4.06765823467067,-8.8638320046948E-15,
11.3515625));
#11018=CARTESIAN_POINT('Ctrl Pts',(-4.06765823467067,-1.6848792078992,11.4296875));
#11019=CARTESIAN_POINT('Ctrl Pts',(-2.87626872128493,-2.87626872128494,
11.5078125));
#11020=CARTESIAN_POINT('Ctrl Pts',(-1.68487920789919,-4.06765823467068,
11.5859375));
#11021=CARTESIAN_POINT('Ctrl Pts',(-4.98144463711481E-16,-4.06765823467068,
11.6640625));
#11022=CARTESIAN_POINT('Ctrl Pts',(1.68487920789919,-4.06765823467068,11.7421875));
#11023=CARTESIAN_POINT('Ctrl Pts',(2.87626872128493,-2.87626872128494,11.8203125));
#11024=CARTESIAN_POINT('Ctrl Pts',(4.06765823467067,-1.6848792078992,11.8984375));
#11025=CARTESIAN_POINT('Ctrl Pts',(4.06765823467067,-9.86012093211776E-15,
11.9765625));
#11026=CARTESIAN_POINT('Ctrl Pts',(4.06765823467067,1.68487920789918,12.0546875));
#11027=CARTESIAN_POINT('Ctrl Pts',(2.87626872128493,2.87626872128492,12.1328125));
#11028=CARTESIAN_POINT('Ctrl Pts',(1.6848792078992,4.06765823467066,12.2109375));
#11029=CARTESIAN_POINT('Ctrl Pts',(0.,4.06765823467066,12.2890625));
#11030=CARTESIAN_POINT('Ctrl Pts',(0.,3.1880971558306,-19.468752325637));
#11031=CARTESIAN_POINT('Ctrl Pts',(-1.32055308010813,3.1880971558306,-19.390627325637));
#11032=CARTESIAN_POINT('Ctrl Pts',(-2.25432511796937,2.25432511796936,-19.312502325637));
#11033=CARTESIAN_POINT('Ctrl Pts',(-3.18809715583061,1.32055308010812,-19.234377325637));
#11034=CARTESIAN_POINT('Ctrl Pts',(-3.18809715583061,-8.9176895876876E-15,
-19.156252325637));
#11035=CARTESIAN_POINT('Ctrl Pts',(-3.18809715583061,-1.32055308010814,
-19.078127325637));
#11036=CARTESIAN_POINT('Ctrl Pts',(-2.25432511796937,-2.25432511796938,
-19.000002325637));
#11037=CARTESIAN_POINT('Ctrl Pts',(-1.32055308010813,-3.18809715583062,
-18.921877325637));
#11038=CARTESIAN_POINT('Ctrl Pts',(-3.90429297725874E-16,-3.18809715583062,
-18.843752325637));
#11039=CARTESIAN_POINT('Ctrl Pts',(1.32055308010813,-3.18809715583062,-18.765627325637));
#11040=CARTESIAN_POINT('Ctrl Pts',(2.25432511796937,-2.25432511796938,-18.687502325637));
#11041=CARTESIAN_POINT('Ctrl Pts',(3.18809715583061,-1.32055308010814,-18.609377325637));
#11042=CARTESIAN_POINT('Ctrl Pts',(3.18809715583061,-9.69854818313935E-15,
-18.531252325637));
#11043=CARTESIAN_POINT('Ctrl Pts',(3.18809715583061,1.32055308010812,-18.453127325637));
#11044=CARTESIAN_POINT('Ctrl Pts',(2.25432511796937,2.25432511796936,-18.375002325637));
#11045=CARTESIAN_POINT('Ctrl Pts',(1.32055308010813,3.1880971558306,-18.296877325637));
#11046=CARTESIAN_POINT('Ctrl Pts',(0.,3.1880971558306,-18.218752325637));
#11047=CARTESIAN_POINT('Ctrl Pts',(-1.32055308010813,3.1880971558306,-18.140627325637));
#11048=CARTESIAN_POINT('Ctrl Pts',(-2.25432511796937,2.25432511796936,-18.062502325637));
#11049=CARTESIAN_POINT('Ctrl Pts',(-3.18809715583061,1.32055308010812,-17.984377325637));
#11050=CARTESIAN_POINT('Ctrl Pts',(-3.18809715583061,-8.9176895876876E-15,
-17.906252325637));
#11051=CARTESIAN_POINT('Ctrl Pts',(-3.18809715583061,-1.32055308010814,
-17.828127325637));
#11052=CARTESIAN_POINT('Ctrl Pts',(-2.25432511796937,-2.25432511796938,
-17.750002325637));
#11053=CARTESIAN_POINT('Ctrl Pts',(-1.32055308010813,-3.18809715583062,
-17.671877325637));
#11054=CARTESIAN_POINT('Ctrl Pts',(-3.90429297725874E-16,-3.18809715583062,
-17.593752325637));
#11055=CARTESIAN_POINT('Ctrl Pts',(1.32055308010813,-3.18809715583062,-17.515627325637));
#11056=CARTESIAN_POINT('Ctrl Pts',(2.25432511796937,-2.25432511796938,-17.437502325637));
#11057=CARTESIAN_POINT('Ctrl Pts',(3.18809715583061,-1.32055308010814,-17.359377325637));
#11058=CARTESIAN_POINT('Ctrl Pts',(3.18809715583061,-9.69854818313935E-15,
-17.281252325637));
#11059=CARTESIAN_POINT('Ctrl Pts',(3.18809715583061,1.32055308010812,-17.203127325637));
#11060=CARTESIAN_POINT('Ctrl Pts',(2.25432511796937,2.25432511796936,-17.125002325637));
#11061=CARTESIAN_POINT('Ctrl Pts',(1.32055308010813,3.1880971558306,-17.046877325637));
#11062=CARTESIAN_POINT('Ctrl Pts',(0.,3.1880971558306,-16.968752325637));
#11063=CARTESIAN_POINT('Ctrl Pts',(-1.32055308010813,3.1880971558306,-16.890627325637));
#11064=CARTESIAN_POINT('Ctrl Pts',(-2.25432511796937,2.25432511796936,-16.812502325637));
#11065=CARTESIAN_POINT('Ctrl Pts',(-3.18809715583061,1.32055308010812,-16.734377325637));
#11066=CARTESIAN_POINT('Ctrl Pts',(-3.18809715583061,-8.9176895876876E-15,
-16.656252325637));
#11067=CARTESIAN_POINT('Ctrl Pts',(-3.18809715583061,-1.32055308010814,
-16.578127325637));
#11068=CARTESIAN_POINT('Ctrl Pts',(-2.25432511796937,-2.25432511796938,
-16.500002325637));
#11069=CARTESIAN_POINT('Ctrl Pts',(-1.32055308010813,-3.18809715583062,
-16.421877325637));
#11070=CARTESIAN_POINT('Ctrl Pts',(-3.90429297725874E-16,-3.18809715583062,
-16.343752325637));
#11071=CARTESIAN_POINT('Ctrl Pts',(1.32055308010813,-3.18809715583062,-16.265627325637));
#11072=CARTESIAN_POINT('Ctrl Pts',(2.25432511796937,-2.25432511796938,-16.187502325637));
#11073=CARTESIAN_POINT('Ctrl Pts',(3.18809715583061,-1.32055308010814,-16.109377325637));
#11074=CARTESIAN_POINT('Ctrl Pts',(3.18809715583061,-9.69854818313935E-15,
-16.031252325637));
#11075=CARTESIAN_POINT('Ctrl Pts',(3.18809715583061,1.32055308010812,-15.953127325637));
#11076=CARTESIAN_POINT('Ctrl Pts',(2.25432511796937,2.25432511796936,-15.875002325637));
#11077=CARTESIAN_POINT('Ctrl Pts',(1.32055308010813,3.1880971558306,-15.796877325637));
#11078=CARTESIAN_POINT('Ctrl Pts',(0.,3.1880971558306,-15.718752325637));
#11079=CARTESIAN_POINT('Ctrl Pts',(-1.32055308010813,3.1880971558306,-15.640627325637));
#11080=CARTESIAN_POINT('Ctrl Pts',(-2.25432511796937,2.25432511796936,-15.562502325637));
#11081=CARTESIAN_POINT('Ctrl Pts',(-3.18809715583061,1.32055308010812,-15.484377325637));
#11082=CARTESIAN_POINT('Ctrl Pts',(-3.18809715583061,-8.9176895876876E-15,
-15.406252325637));
#11083=CARTESIAN_POINT('Ctrl Pts',(-3.18809715583061,-1.32055308010814,
-15.328127325637));
#11084=CARTESIAN_POINT('Ctrl Pts',(-2.25432511796937,-2.25432511796938,
-15.250002325637));
#11085=CARTESIAN_POINT('Ctrl Pts',(-1.32055308010813,-3.18809715583062,
-15.171877325637));
#11086=CARTESIAN_POINT('Ctrl Pts',(-3.90429297725874E-16,-3.18809715583062,
-15.093752325637));
#11087=CARTESIAN_POINT('Ctrl Pts',(1.32055308010813,-3.18809715583062,-15.015627325637));
#11088=CARTESIAN_POINT('Ctrl Pts',(2.25432511796937,-2.25432511796938,-14.937502325637));
#11089=CARTESIAN_POINT('Ctrl Pts',(3.18809715583061,-1.32055308010814,-14.859377325637));
#11090=CARTESIAN_POINT('Ctrl Pts',(3.18809715583061,-9.69854818313935E-15,
-14.781252325637));
#11091=CARTESIAN_POINT('Ctrl Pts',(3.18809715583061,1.32055308010812,-14.703127325637));
#11092=CARTESIAN_POINT('Ctrl Pts',(2.25432511796937,2.25432511796936,-14.625002325637));
#11093=CARTESIAN_POINT('Ctrl Pts',(1.32055308010813,3.1880971558306,-14.546877325637));
#11094=CARTESIAN_POINT('Ctrl Pts',(0.,3.1880971558306,-14.468752325637));
#11095=CARTESIAN_POINT('Ctrl Pts',(-1.32055308010813,3.1880971558306,-14.390627325637));
#11096=CARTESIAN_POINT('Ctrl Pts',(-2.25432511796937,2.25432511796936,-14.312502325637));
#11097=CARTESIAN_POINT('Ctrl Pts',(-3.18809715583061,1.32055308010812,-14.234377325637));
#11098=CARTESIAN_POINT('Ctrl Pts',(-3.18809715583061,-8.9176895876876E-15,
-14.156252325637));
#11099=CARTESIAN_POINT('Ctrl Pts',(-3.18809715583061,-1.32055308010814,
-14.078127325637));
#11100=CARTESIAN_POINT('Ctrl Pts',(-2.25432511796937,-2.25432511796938,
-14.000002325637));
#11101=CARTESIAN_POINT('Ctrl Pts',(-1.32055308010813,-3.18809715583062,
-13.921877325637));
#11102=CARTESIAN_POINT('Ctrl Pts',(-3.90429297725874E-16,-3.18809715583062,
-13.843752325637));
#11103=CARTESIAN_POINT('Ctrl Pts',(1.32055308010813,-3.18809715583062,-13.765627325637));
#11104=CARTESIAN_POINT('Ctrl Pts',(2.25432511796937,-2.25432511796938,-13.687502325637));
#11105=CARTESIAN_POINT('Ctrl Pts',(3.18809715583061,-1.32055308010814,-13.609377325637));
#11106=CARTESIAN_POINT('Ctrl Pts',(3.18809715583061,-9.69854818313935E-15,
-13.531252325637));
#11107=CARTESIAN_POINT('Ctrl Pts',(3.18809715583061,1.32055308010812,-13.453127325637));
#11108=CARTESIAN_POINT('Ctrl Pts',(2.25432511796937,2.25432511796936,-13.375002325637));
#11109=CARTESIAN_POINT('Ctrl Pts',(1.32055308010813,3.1880971558306,-13.296877325637));
#11110=CARTESIAN_POINT('Ctrl Pts',(0.,3.1880971558306,-13.218752325637));
#11111=CARTESIAN_POINT('Ctrl Pts',(-1.32055308010813,3.1880971558306,-13.140627325637));
#11112=CARTESIAN_POINT('Ctrl Pts',(-2.25432511796937,2.25432511796936,-13.062502325637));
#11113=CARTESIAN_POINT('Ctrl Pts',(-3.18809715583061,1.32055308010812,-12.984377325637));
#11114=CARTESIAN_POINT('Ctrl Pts',(-3.18809715583061,-8.9176895876876E-15,
-12.906252325637));
#11115=CARTESIAN_POINT('Ctrl Pts',(-3.18809715583061,-1.32055308010814,
-12.828127325637));
#11116=CARTESIAN_POINT('Ctrl Pts',(-2.25432511796937,-2.25432511796938,
-12.750002325637));
#11117=CARTESIAN_POINT('Ctrl Pts',(-1.32055308010813,-3.18809715583062,
-12.671877325637));
#11118=CARTESIAN_POINT('Ctrl Pts',(-3.90429297725874E-16,-3.18809715583062,
-12.593752325637));
#11119=CARTESIAN_POINT('Ctrl Pts',(1.32055308010813,-3.18809715583062,-12.515627325637));
#11120=CARTESIAN_POINT('Ctrl Pts',(2.25432511796937,-2.25432511796938,-12.437502325637));
#11121=CARTESIAN_POINT('Ctrl Pts',(3.18809715583061,-1.32055308010814,-12.359377325637));
#11122=CARTESIAN_POINT('Ctrl Pts',(3.18809715583061,-9.69854818313935E-15,
-12.281252325637));
#11123=CARTESIAN_POINT('Ctrl Pts',(3.18809715583061,1.32055308010812,-12.203127325637));
#11124=CARTESIAN_POINT('Ctrl Pts',(2.25432511796937,2.25432511796936,-12.125002325637));
#11125=CARTESIAN_POINT('Ctrl Pts',(1.32055308010813,3.1880971558306,-12.046877325637));
#11126=CARTESIAN_POINT('Ctrl Pts',(0.,3.1880971558306,-11.968752325637));
#11127=CARTESIAN_POINT('Ctrl Pts',(-1.32055308010813,3.1880971558306,-11.890627325637));
#11128=CARTESIAN_POINT('Ctrl Pts',(-2.25432511796937,2.25432511796936,-11.812502325637));
#11129=CARTESIAN_POINT('Ctrl Pts',(-3.18809715583061,1.32055308010812,-11.734377325637));
#11130=CARTESIAN_POINT('Ctrl Pts',(-3.18809715583061,-8.9176895876876E-15,
-11.656252325637));
#11131=CARTESIAN_POINT('Ctrl Pts',(-3.18809715583061,-1.32055308010814,
-11.578127325637));
#11132=CARTESIAN_POINT('Ctrl Pts',(-2.25432511796937,-2.25432511796938,
-11.500002325637));
#11133=CARTESIAN_POINT('Ctrl Pts',(-1.32055308010813,-3.18809715583062,
-11.421877325637));
#11134=CARTESIAN_POINT('Ctrl Pts',(-3.90429297725874E-16,-3.18809715583062,
-11.343752325637));
#11135=CARTESIAN_POINT('Ctrl Pts',(1.32055308010813,-3.18809715583062,-11.265627325637));
#11136=CARTESIAN_POINT('Ctrl Pts',(2.25432511796937,-2.25432511796938,-11.187502325637));
#11137=CARTESIAN_POINT('Ctrl Pts',(3.18809715583061,-1.32055308010814,-11.109377325637));
#11138=CARTESIAN_POINT('Ctrl Pts',(3.18809715583061,-9.69854818313935E-15,
-11.031252325637));
#11139=CARTESIAN_POINT('Ctrl Pts',(3.18809715583061,1.32055308010812,-10.953127325637));
#11140=CARTESIAN_POINT('Ctrl Pts',(2.25432511796937,2.25432511796936,-10.875002325637));
#11141=CARTESIAN_POINT('Ctrl Pts',(1.32055308010813,3.1880971558306,-10.796877325637));
#11142=CARTESIAN_POINT('Ctrl Pts',(0.,3.1880971558306,-10.718752325637));
#11143=CARTESIAN_POINT('Ctrl Pts',(-1.32055308010813,3.1880971558306,-10.640627325637));
#11144=CARTESIAN_POINT('Ctrl Pts',(-2.25432511796937,2.25432511796936,-10.562502325637));
#11145=CARTESIAN_POINT('Ctrl Pts',(-3.18809715583061,1.32055308010812,-10.484377325637));
#11146=CARTESIAN_POINT('Ctrl Pts',(-3.18809715583061,-8.9176895876876E-15,
-10.406252325637));
#11147=CARTESIAN_POINT('Ctrl Pts',(-3.18809715583061,-1.32055308010814,
-10.328127325637));
#11148=CARTESIAN_POINT('Ctrl Pts',(-2.25432511796937,-2.25432511796938,
-10.250002325637));
#11149=CARTESIAN_POINT('Ctrl Pts',(-1.32055308010813,-3.18809715583062,
-10.171877325637));
#11150=CARTESIAN_POINT('Ctrl Pts',(-3.90429297725874E-16,-3.18809715583062,
-10.093752325637));
#11151=CARTESIAN_POINT('Ctrl Pts',(1.32055308010813,-3.18809715583062,-10.015627325637));
#11152=CARTESIAN_POINT('Ctrl Pts',(2.25432511796937,-2.25432511796938,-9.93750232563702));
#11153=CARTESIAN_POINT('Ctrl Pts',(3.18809715583061,-1.32055308010814,-9.85937732563703));
#11154=CARTESIAN_POINT('Ctrl Pts',(3.18809715583061,-9.69854818313935E-15,
-9.78125232563702));
#11155=CARTESIAN_POINT('Ctrl Pts',(3.18809715583061,1.32055308010812,-9.70312732563702));
#11156=CARTESIAN_POINT('Ctrl Pts',(2.25432511796937,2.25432511796936,-9.62500232563702));
#11157=CARTESIAN_POINT('Ctrl Pts',(1.32055308010813,3.1880971558306,-9.54687732563702));
#11158=CARTESIAN_POINT('Ctrl Pts',(0.,3.1880971558306,-9.46875232563702));
#11159=CARTESIAN_POINT('Ctrl Pts',(-1.32055308010813,3.1880971558306,-9.39062732563702));
#11160=CARTESIAN_POINT('Ctrl Pts',(-2.25432511796937,2.25432511796936,-9.31250232563702));
#11161=CARTESIAN_POINT('Ctrl Pts',(-3.18809715583061,1.32055308010812,-9.23437732563703));
#11162=CARTESIAN_POINT('Ctrl Pts',(-3.18809715583061,-8.9176895876876E-15,
-9.15625232563702));
#11163=CARTESIAN_POINT('Ctrl Pts',(-3.18809715583061,-1.32055308010814,
-9.07812732563702));
#11164=CARTESIAN_POINT('Ctrl Pts',(-2.25432511796937,-2.25432511796938,
-9.00000232563702));
#11165=CARTESIAN_POINT('Ctrl Pts',(-1.32055308010813,-3.18809715583062,
-8.92187732563702));
#11166=CARTESIAN_POINT('Ctrl Pts',(-3.90429297725874E-16,-3.18809715583062,
-8.84375232563702));
#11167=CARTESIAN_POINT('Ctrl Pts',(1.32055308010813,-3.18809715583062,-8.76562732563702));
#11168=CARTESIAN_POINT('Ctrl Pts',(2.25432511796937,-2.25432511796938,-8.68750232563702));
#11169=CARTESIAN_POINT('Ctrl Pts',(3.18809715583061,-1.32055308010814,-8.60937732563703));
#11170=CARTESIAN_POINT('Ctrl Pts',(3.18809715583061,-9.69854818313935E-15,
-8.53125232563702));
#11171=CARTESIAN_POINT('Ctrl Pts',(3.18809715583061,1.32055308010812,-8.45312732563703));
#11172=CARTESIAN_POINT('Ctrl Pts',(2.25432511796937,2.25432511796936,-8.37500232563702));
#11173=CARTESIAN_POINT('Ctrl Pts',(1.32055308010813,3.1880971558306,-8.29687732563703));
#11174=CARTESIAN_POINT('Ctrl Pts',(0.,3.1880971558306,-8.21875232563702));
#11175=CARTESIAN_POINT('Ctrl Pts',(-1.32055308010813,3.1880971558306,-8.14062732563703));
#11176=CARTESIAN_POINT('Ctrl Pts',(-2.25432511796937,2.25432511796936,-8.06250232563702));
#11177=CARTESIAN_POINT('Ctrl Pts',(-3.18809715583061,1.32055308010812,-7.98437732563702));
#11178=CARTESIAN_POINT('Ctrl Pts',(-3.18809715583061,-8.9176895876876E-15,
-7.90625232563702));
#11179=CARTESIAN_POINT('Ctrl Pts',(-3.18809715583061,-1.32055308010814,
-7.82812732563702));
#11180=CARTESIAN_POINT('Ctrl Pts',(-2.25432511796937,-2.25432511796938,
-7.75000232563702));
#11181=CARTESIAN_POINT('Ctrl Pts',(-1.32055308010813,-3.18809715583062,
-7.67187732563702));
#11182=CARTESIAN_POINT('Ctrl Pts',(-3.90429297725874E-16,-3.18809715583062,
-7.59375232563702));
#11183=CARTESIAN_POINT('Ctrl Pts',(1.32055308010813,-3.18809715583062,-7.51562732563702));
#11184=CARTESIAN_POINT('Ctrl Pts',(2.25432511796937,-2.25432511796938,-7.43750232563702));
#11185=CARTESIAN_POINT('Ctrl Pts',(3.18809715583061,-1.32055308010814,-7.35937732563702));
#11186=CARTESIAN_POINT('Ctrl Pts',(3.18809715583061,-9.69854818313935E-15,
-7.28125232563702));
#11187=CARTESIAN_POINT('Ctrl Pts',(3.18809715583061,1.32055308010812,-7.20312732563702));
#11188=CARTESIAN_POINT('Ctrl Pts',(2.25432511796937,2.25432511796936,-7.12500232563702));
#11189=CARTESIAN_POINT('Ctrl Pts',(1.32055308010813,3.1880971558306,-7.04687732563702));
#11190=CARTESIAN_POINT('Ctrl Pts',(0.,3.1880971558306,-6.96875232563702));
#11191=CARTESIAN_POINT('Ctrl Pts',(-1.32055308010813,3.1880971558306,-6.89062732563703));
#11192=CARTESIAN_POINT('Ctrl Pts',(-2.25432511796937,2.25432511796936,-6.81250232563702));
#11193=CARTESIAN_POINT('Ctrl Pts',(-3.18809715583061,1.32055308010812,-6.73437732563702));
#11194=CARTESIAN_POINT('Ctrl Pts',(-3.18809715583061,-8.9176895876876E-15,
-6.65625232563702));
#11195=CARTESIAN_POINT('Ctrl Pts',(-3.18809715583061,-1.32055308010814,
-6.57812732563702));
#11196=CARTESIAN_POINT('Ctrl Pts',(-2.25432511796937,-2.25432511796938,
-6.50000232563702));
#11197=CARTESIAN_POINT('Ctrl Pts',(-1.32055308010813,-3.18809715583062,
-6.42187732563702));
#11198=CARTESIAN_POINT('Ctrl Pts',(-3.90429297725874E-16,-3.18809715583062,
-6.34375232563703));
#11199=CARTESIAN_POINT('Ctrl Pts',(1.32055308010813,-3.18809715583062,-6.26562732563702));
#11200=CARTESIAN_POINT('Ctrl Pts',(2.25432511796937,-2.25432511796938,-6.18750232563702));
#11201=CARTESIAN_POINT('Ctrl Pts',(3.18809715583061,-1.32055308010814,-6.10937732563702));
#11202=CARTESIAN_POINT('Ctrl Pts',(3.18809715583061,-9.69854818313935E-15,
-6.03125232563702));
#11203=CARTESIAN_POINT('Ctrl Pts',(3.18809715583061,1.32055308010812,-5.95312732563702));
#11204=CARTESIAN_POINT('Ctrl Pts',(2.25432511796937,2.25432511796936,-5.87500232563702));
#11205=CARTESIAN_POINT('Ctrl Pts',(1.32055308010813,3.1880971558306,-5.79687732563703));
#11206=CARTESIAN_POINT('Ctrl Pts',(0.,3.1880971558306,-5.71875232563702));
#11207=CARTESIAN_POINT('Ctrl Pts',(-1.32055308010813,3.1880971558306,-5.64062732563702));
#11208=CARTESIAN_POINT('Ctrl Pts',(-2.25432511796937,2.25432511796936,-5.56250232563702));
#11209=CARTESIAN_POINT('Ctrl Pts',(-3.18809715583061,1.32055308010812,-5.48437732563702));
#11210=CARTESIAN_POINT('Ctrl Pts',(-3.18809715583061,-8.9176895876876E-15,
-5.40625232563702));
#11211=CARTESIAN_POINT('Ctrl Pts',(-3.18809715583061,-1.32055308010814,
-5.32812732563702));
#11212=CARTESIAN_POINT('Ctrl Pts',(-2.25432511796937,-2.25432511796938,
-5.25000232563702));
#11213=CARTESIAN_POINT('Ctrl Pts',(-1.32055308010813,-3.18809715583062,
-5.17187732563702));
#11214=CARTESIAN_POINT('Ctrl Pts',(-3.90429297725874E-16,-3.18809715583062,
-5.09375232563702));
#11215=CARTESIAN_POINT('Ctrl Pts',(1.32055308010813,-3.18809715583062,-5.01562732563702));
#11216=CARTESIAN_POINT('Ctrl Pts',(2.25432511796937,-2.25432511796938,-4.93750232563702));
#11217=CARTESIAN_POINT('Ctrl Pts',(3.18809715583061,-1.32055308010814,-4.85937732563702));
#11218=CARTESIAN_POINT('Ctrl Pts',(3.18809715583061,-9.69854818313935E-15,
-4.78125232563702));
#11219=CARTESIAN_POINT('Ctrl Pts',(3.18809715583061,1.32055308010812,-4.70312732563702));
#11220=CARTESIAN_POINT('Ctrl Pts',(2.25432511796937,2.25432511796936,-4.62500232563702));
#11221=CARTESIAN_POINT('Ctrl Pts',(1.32055308010813,3.1880971558306,-4.54687732563702));
#11222=CARTESIAN_POINT('Ctrl Pts',(0.,3.1880971558306,-4.46875232563702));
#11223=CARTESIAN_POINT('Ctrl Pts',(-1.32055308010813,3.1880971558306,-4.39062732563703));
#11224=CARTESIAN_POINT('Ctrl Pts',(-2.25432511796937,2.25432511796936,-4.31250232563702));
#11225=CARTESIAN_POINT('Ctrl Pts',(-3.18809715583061,1.32055308010812,-4.23437732563702));
#11226=CARTESIAN_POINT('Ctrl Pts',(-3.18809715583061,-8.9176895876876E-15,
-4.15625232563702));
#11227=CARTESIAN_POINT('Ctrl Pts',(-3.18809715583061,-1.32055308010814,
-4.07812732563702));
#11228=CARTESIAN_POINT('Ctrl Pts',(-2.25432511796937,-2.25432511796938,
-4.00000232563702));
#11229=CARTESIAN_POINT('Ctrl Pts',(-1.32055308010813,-3.18809715583062,
-3.92187732563702));
#11230=CARTESIAN_POINT('Ctrl Pts',(-3.90429297725874E-16,-3.18809715583062,
-3.84375232563702));
#11231=CARTESIAN_POINT('Ctrl Pts',(1.32055308010813,-3.18809715583062,-3.76562732563702));
#11232=CARTESIAN_POINT('Ctrl Pts',(2.25432511796937,-2.25432511796938,-3.68750232563702));
#11233=CARTESIAN_POINT('Ctrl Pts',(3.18809715583061,-1.32055308010814,-3.60937732563702));
#11234=CARTESIAN_POINT('Ctrl Pts',(3.18809715583061,-9.69854818313935E-15,
-3.53125232563702));
#11235=CARTESIAN_POINT('Ctrl Pts',(3.18809715583061,1.32055308010812,-3.45312732563703));
#11236=CARTESIAN_POINT('Ctrl Pts',(2.25432511796937,2.25432511796936,-3.37500232563702));
#11237=CARTESIAN_POINT('Ctrl Pts',(1.32055308010813,3.1880971558306,-3.29687732563703));
#11238=CARTESIAN_POINT('Ctrl Pts',(0.,3.1880971558306,-3.21875232563702));
#11239=CARTESIAN_POINT('Ctrl Pts',(-1.32055308010813,3.1880971558306,-3.14062732563703));
#11240=CARTESIAN_POINT('Ctrl Pts',(-2.25432511796937,2.25432511796936,-3.06250232563702));
#11241=CARTESIAN_POINT('Ctrl Pts',(-3.18809715583061,1.32055308010812,-2.98437732563703));
#11242=CARTESIAN_POINT('Ctrl Pts',(-3.18809715583061,-8.9176895876876E-15,
-2.90625232563702));
#11243=CARTESIAN_POINT('Ctrl Pts',(-3.18809715583061,-1.32055308010814,
-2.82812732563703));
#11244=CARTESIAN_POINT('Ctrl Pts',(-2.25432511796937,-2.25432511796938,
-2.75000232563702));
#11245=CARTESIAN_POINT('Ctrl Pts',(-1.32055308010813,-3.18809715583062,
-2.67187732563703));
#11246=CARTESIAN_POINT('Ctrl Pts',(-3.90429297725874E-16,-3.18809715583062,
-2.59375232563702));
#11247=CARTESIAN_POINT('Ctrl Pts',(1.32055308010813,-3.18809715583062,-2.51562732563703));
#11248=CARTESIAN_POINT('Ctrl Pts',(2.25432511796937,-2.25432511796938,-2.43750232563702));
#11249=CARTESIAN_POINT('Ctrl Pts',(3.18809715583061,-1.32055308010814,-2.35937732563702));
#11250=CARTESIAN_POINT('Ctrl Pts',(3.18809715583061,-9.69854818313935E-15,
-2.28125232563702));
#11251=CARTESIAN_POINT('Ctrl Pts',(3.18809715583061,1.32055308010812,-2.20312732563702));
#11252=CARTESIAN_POINT('Ctrl Pts',(2.25432511796937,2.25432511796936,-2.12500232563702));
#11253=CARTESIAN_POINT('Ctrl Pts',(1.32055308010813,3.1880971558306,-2.04687732563702));
#11254=CARTESIAN_POINT('Ctrl Pts',(0.,3.1880971558306,-1.96875232563702));
#11255=CARTESIAN_POINT('Ctrl Pts',(-1.32055308010813,3.1880971558306,-1.89062732563702));
#11256=CARTESIAN_POINT('Ctrl Pts',(-2.25432511796937,2.25432511796936,-1.81250232563702));
#11257=CARTESIAN_POINT('Ctrl Pts',(-3.18809715583061,1.32055308010812,-1.73437732563702));
#11258=CARTESIAN_POINT('Ctrl Pts',(-3.18809715583061,-8.9176895876876E-15,
-1.65625232563702));
#11259=CARTESIAN_POINT('Ctrl Pts',(-3.18809715583061,-1.32055308010814,
-1.57812732563702));
#11260=CARTESIAN_POINT('Ctrl Pts',(-2.25432511796937,-2.25432511796938,
-1.50000232563702));
#11261=CARTESIAN_POINT('Ctrl Pts',(-1.32055308010813,-3.18809715583062,
-1.42187732563702));
#11262=CARTESIAN_POINT('Ctrl Pts',(-3.90429297725874E-16,-3.18809715583062,
-1.34375232563703));
#11263=CARTESIAN_POINT('Ctrl Pts',(1.32055308010813,-3.18809715583062,-1.26562732563702));
#11264=CARTESIAN_POINT('Ctrl Pts',(2.25432511796937,-2.25432511796938,-1.18750232563702));
#11265=CARTESIAN_POINT('Ctrl Pts',(3.18809715583061,-1.32055308010814,-1.10937732563702));
#11266=CARTESIAN_POINT('Ctrl Pts',(3.18809715583061,-9.69854818313935E-15,
-1.03125232563702));
#11267=CARTESIAN_POINT('Ctrl Pts',(3.18809715583061,1.32055308010812,-0.953127325637023));
#11268=CARTESIAN_POINT('Ctrl Pts',(2.25432511796937,2.25432511796936,-0.875002325637025));
#11269=CARTESIAN_POINT('Ctrl Pts',(1.32055308010813,3.1880971558306,-0.796877325637023));
#11270=CARTESIAN_POINT('Ctrl Pts',(0.,3.1880971558306,-0.718752325637024));
#11271=CARTESIAN_POINT('Ctrl Pts',(-1.32055308010813,3.1880971558306,-0.640627325637023));
#11272=CARTESIAN_POINT('Ctrl Pts',(-2.25432511796937,2.25432511796936,-0.562502325637024));
#11273=CARTESIAN_POINT('Ctrl Pts',(-3.18809715583061,1.32055308010812,-0.484377325637023));
#11274=CARTESIAN_POINT('Ctrl Pts',(-3.18809715583061,-8.9176895876876E-15,
-0.406252325637024));
#11275=CARTESIAN_POINT('Ctrl Pts',(-3.18809715583061,-1.32055308010814,
-0.328127325637022));
#11276=CARTESIAN_POINT('Ctrl Pts',(-2.25432511796937,-2.25432511796938,
-0.250002325637024));
#11277=CARTESIAN_POINT('Ctrl Pts',(-1.32055308010813,-3.18809715583062,
-0.171877325637022));
#11278=CARTESIAN_POINT('Ctrl Pts',(-3.90429297725874E-16,-3.18809715583062,
-0.0937523256370239));
#11279=CARTESIAN_POINT('Ctrl Pts',(1.32055308010813,-3.18809715583062,-0.0156273256370221));
#11280=CARTESIAN_POINT('Ctrl Pts',(2.25432511796937,-2.25432511796938,0.0624976743629762));
#11281=CARTESIAN_POINT('Ctrl Pts',(3.18809715583061,-1.32055308010814,0.140622674362978));
#11282=CARTESIAN_POINT('Ctrl Pts',(3.18809715583061,-9.69854818313935E-15,
0.218747674362976));
#11283=CARTESIAN_POINT('Ctrl Pts',(3.18809715583061,1.32055308010812,0.296872674362978));
#11284=CARTESIAN_POINT('Ctrl Pts',(2.25432511796937,2.25432511796936,0.374997674362976));
#11285=CARTESIAN_POINT('Ctrl Pts',(1.32055308010813,3.1880971558306,0.453122674362978));
#11286=CARTESIAN_POINT('Ctrl Pts',(0.,3.1880971558306,0.531247674362977));
#11287=CARTESIAN_POINT('Ctrl Pts',(-1.32055308010813,3.1880971558306,0.609372674362975));
#11288=CARTESIAN_POINT('Ctrl Pts',(-2.25432511796937,2.25432511796936,0.687497674362977));
#11289=CARTESIAN_POINT('Ctrl Pts',(-3.18809715583061,1.32055308010812,0.765622674362975));
#11290=CARTESIAN_POINT('Ctrl Pts',(-3.18809715583061,-8.9176895876876E-15,
0.843747674362977));
#11291=CARTESIAN_POINT('Ctrl Pts',(-3.18809715583061,-1.32055308010814,
0.921872674362975));
#11292=CARTESIAN_POINT('Ctrl Pts',(-2.25432511796937,-2.25432511796938,
0.999997674362977));
#11293=CARTESIAN_POINT('Ctrl Pts',(-1.32055308010813,-3.18809715583062,
1.07812267436298));
#11294=CARTESIAN_POINT('Ctrl Pts',(-3.90429297725874E-16,-3.18809715583062,
1.15624767436298));
#11295=CARTESIAN_POINT('Ctrl Pts',(1.32055308010813,-3.18809715583062,1.23437267436298));
#11296=CARTESIAN_POINT('Ctrl Pts',(2.25432511796937,-2.25432511796938,1.31249767436298));
#11297=CARTESIAN_POINT('Ctrl Pts',(3.18809715583061,-1.32055308010814,1.39062267436298));
#11298=CARTESIAN_POINT('Ctrl Pts',(3.18809715583061,-9.69854818313935E-15,
1.46874767436298));
#11299=CARTESIAN_POINT('Ctrl Pts',(3.18809715583061,1.32055308010812,1.54687267436298));
#11300=CARTESIAN_POINT('Ctrl Pts',(2.25432511796937,2.25432511796936,1.62499767436298));
#11301=CARTESIAN_POINT('Ctrl Pts',(1.32055308010813,3.1880971558306,1.70312267436298));
#11302=CARTESIAN_POINT('Ctrl Pts',(0.,3.1880971558306,1.78124767436298));
#11303=CARTESIAN_POINT('Ctrl Pts',(-1.32055308010813,3.1880971558306,1.85937267436298));
#11304=CARTESIAN_POINT('Ctrl Pts',(-2.25432511796937,2.25432511796936,1.93749767436298));
#11305=CARTESIAN_POINT('Ctrl Pts',(-3.18809715583061,1.32055308010812,2.01562267436298));
#11306=CARTESIAN_POINT('Ctrl Pts',(-3.18809715583061,-8.9176895876876E-15,
2.09374767436298));
#11307=CARTESIAN_POINT('Ctrl Pts',(-3.18809715583061,-1.32055308010814,
2.17187267436298));
#11308=CARTESIAN_POINT('Ctrl Pts',(-2.25432511796937,-2.25432511796938,
2.24999767436298));
#11309=CARTESIAN_POINT('Ctrl Pts',(-1.32055308010813,-3.18809715583062,
2.32812267436298));
#11310=CARTESIAN_POINT('Ctrl Pts',(-3.90429297725874E-16,-3.18809715583062,
2.40624767436298));
#11311=CARTESIAN_POINT('Ctrl Pts',(1.32055308010813,-3.18809715583062,2.48437267436298));
#11312=CARTESIAN_POINT('Ctrl Pts',(2.25432511796937,-2.25432511796938,2.56249767436298));
#11313=CARTESIAN_POINT('Ctrl Pts',(3.18809715583061,-1.32055308010814,2.64062267436298));
#11314=CARTESIAN_POINT('Ctrl Pts',(3.18809715583061,-9.69854818313935E-15,
2.71874767436298));
#11315=CARTESIAN_POINT('Ctrl Pts',(3.18809715583061,1.32055308010812,2.79687267436298));
#11316=CARTESIAN_POINT('Ctrl Pts',(2.25432511796937,2.25432511796936,2.87499767436298));
#11317=CARTESIAN_POINT('Ctrl Pts',(1.32055308010813,3.1880971558306,2.95312267436298));
#11318=CARTESIAN_POINT('Ctrl Pts',(0.,3.1880971558306,3.03124767436298));
#11319=CARTESIAN_POINT('Ctrl Pts',(-1.32055308010813,3.1880971558306,3.10937267436298));
#11320=CARTESIAN_POINT('Ctrl Pts',(-2.25432511796937,2.25432511796936,3.18749767436298));
#11321=CARTESIAN_POINT('Ctrl Pts',(-3.18809715583061,1.32055308010812,3.26562267436298));
#11322=CARTESIAN_POINT('Ctrl Pts',(-3.18809715583061,-8.9176895876876E-15,
3.34374767436298));
#11323=CARTESIAN_POINT('Ctrl Pts',(-3.18809715583061,-1.32055308010814,
3.42187267436298));
#11324=CARTESIAN_POINT('Ctrl Pts',(-2.25432511796937,-2.25432511796938,
3.49999767436298));
#11325=CARTESIAN_POINT('Ctrl Pts',(-1.32055308010813,-3.18809715583062,
3.57812267436298));
#11326=CARTESIAN_POINT('Ctrl Pts',(-3.90429297725874E-16,-3.18809715583062,
3.65624767436298));
#11327=CARTESIAN_POINT('Ctrl Pts',(1.32055308010813,-3.18809715583062,3.73437267436298));
#11328=CARTESIAN_POINT('Ctrl Pts',(2.25432511796937,-2.25432511796938,3.81249767436298));
#11329=CARTESIAN_POINT('Ctrl Pts',(3.18809715583061,-1.32055308010814,3.89062267436298));
#11330=CARTESIAN_POINT('Ctrl Pts',(3.18809715583061,-9.69854818313935E-15,
3.96874767436298));
#11331=CARTESIAN_POINT('Ctrl Pts',(3.18809715583061,1.32055308010812,4.04687267436298));
#11332=CARTESIAN_POINT('Ctrl Pts',(2.25432511796937,2.25432511796936,4.12499767436298));
#11333=CARTESIAN_POINT('Ctrl Pts',(1.32055308010813,3.1880971558306,4.20312267436298));
#11334=CARTESIAN_POINT('Ctrl Pts',(0.,3.1880971558306,4.28124767436298));
#11335=CARTESIAN_POINT('Ctrl Pts',(-1.32055308010813,3.1880971558306,4.35937267436298));
#11336=CARTESIAN_POINT('Ctrl Pts',(-2.25432511796937,2.25432511796936,4.43749767436298));
#11337=CARTESIAN_POINT('Ctrl Pts',(-3.18809715583061,1.32055308010812,4.51562267436298));
#11338=CARTESIAN_POINT('Ctrl Pts',(-3.18809715583061,-8.9176895876876E-15,
4.59374767436298));
#11339=CARTESIAN_POINT('Ctrl Pts',(-3.18809715583061,-1.32055308010814,
4.67187267436298));
#11340=CARTESIAN_POINT('Ctrl Pts',(-2.25432511796937,-2.25432511796938,
4.74999767436298));
#11341=CARTESIAN_POINT('Ctrl Pts',(-1.32055308010813,-3.18809715583062,
4.82812267436298));
#11342=CARTESIAN_POINT('Ctrl Pts',(-3.90429297725874E-16,-3.18809715583062,
4.90624767436298));
#11343=CARTESIAN_POINT('Ctrl Pts',(1.32055308010813,-3.18809715583062,4.98437267436298));
#11344=CARTESIAN_POINT('Ctrl Pts',(2.25432511796937,-2.25432511796938,5.06249767436298));
#11345=CARTESIAN_POINT('Ctrl Pts',(3.18809715583061,-1.32055308010814,5.14062267436298));
#11346=CARTESIAN_POINT('Ctrl Pts',(3.18809715583061,-9.69854818313935E-15,
5.21874767436298));
#11347=CARTESIAN_POINT('Ctrl Pts',(3.18809715583061,1.32055308010812,5.29687267436298));
#11348=CARTESIAN_POINT('Ctrl Pts',(2.25432511796937,2.25432511796936,5.37499767436298));
#11349=CARTESIAN_POINT('Ctrl Pts',(1.32055308010813,3.1880971558306,5.45312267436298));
#11350=CARTESIAN_POINT('Ctrl Pts',(0.,3.1880971558306,5.53124767436298));
#11351=CARTESIAN_POINT('Ctrl Pts',(-1.32055308010813,3.1880971558306,5.60937267436298));
#11352=CARTESIAN_POINT('Ctrl Pts',(-2.25432511796937,2.25432511796936,5.68749767436298));
#11353=CARTESIAN_POINT('Ctrl Pts',(-3.18809715583061,1.32055308010812,5.76562267436298));
#11354=CARTESIAN_POINT('Ctrl Pts',(-3.18809715583061,-8.9176895876876E-15,
5.84374767436298));
#11355=CARTESIAN_POINT('Ctrl Pts',(-3.18809715583061,-1.32055308010814,
5.92187267436298));
#11356=CARTESIAN_POINT('Ctrl Pts',(-2.25432511796937,-2.25432511796938,
5.99999767436298));
#11357=CARTESIAN_POINT('Ctrl Pts',(-1.32055308010813,-3.18809715583062,
6.07812267436298));
#11358=CARTESIAN_POINT('Ctrl Pts',(-3.90429297725874E-16,-3.18809715583062,
6.15624767436298));
#11359=CARTESIAN_POINT('Ctrl Pts',(1.32055308010813,-3.18809715583062,6.23437267436298));
#11360=CARTESIAN_POINT('Ctrl Pts',(2.25432511796937,-2.25432511796938,6.31249767436298));
#11361=CARTESIAN_POINT('Ctrl Pts',(3.18809715583061,-1.32055308010814,6.39062267436298));
#11362=CARTESIAN_POINT('Ctrl Pts',(3.18809715583061,-9.69854818313935E-15,
6.46874767436298));
#11363=CARTESIAN_POINT('Ctrl Pts',(3.18809715583061,1.32055308010812,6.54687267436298));
#11364=CARTESIAN_POINT('Ctrl Pts',(2.25432511796937,2.25432511796936,6.62499767436298));
#11365=CARTESIAN_POINT('Ctrl Pts',(1.32055308010813,3.1880971558306,6.70312267436298));
#11366=CARTESIAN_POINT('Ctrl Pts',(0.,3.1880971558306,6.78124767436298));
#11367=CARTESIAN_POINT('Ctrl Pts',(-1.32055308010813,3.1880971558306,6.85937267436298));
#11368=CARTESIAN_POINT('Ctrl Pts',(-2.25432511796937,2.25432511796936,6.93749767436298));
#11369=CARTESIAN_POINT('Ctrl Pts',(-3.18809715583061,1.32055308010812,7.01562267436298));
#11370=CARTESIAN_POINT('Ctrl Pts',(-3.18809715583061,-8.9176895876876E-15,
7.09374767436298));
#11371=CARTESIAN_POINT('Ctrl Pts',(-3.18809715583061,-1.32055308010814,
7.17187267436298));
#11372=CARTESIAN_POINT('Ctrl Pts',(-2.25432511796937,-2.25432511796938,
7.24999767436298));
#11373=CARTESIAN_POINT('Ctrl Pts',(-1.32055308010813,-3.18809715583062,
7.32812267436298));
#11374=CARTESIAN_POINT('Ctrl Pts',(-3.90429297725874E-16,-3.18809715583062,
7.40624767436298));
#11375=CARTESIAN_POINT('Ctrl Pts',(1.32055308010813,-3.18809715583062,7.48437267436298));
#11376=CARTESIAN_POINT('Ctrl Pts',(2.25432511796937,-2.25432511796938,7.56249767436298));
#11377=CARTESIAN_POINT('Ctrl Pts',(3.18809715583061,-1.32055308010814,7.64062267436298));
#11378=CARTESIAN_POINT('Ctrl Pts',(3.18809715583061,-9.69854818313935E-15,
7.71874767436298));
#11379=CARTESIAN_POINT('Ctrl Pts',(3.18809715583061,1.32055308010812,7.79687267436298));
#11380=CARTESIAN_POINT('Ctrl Pts',(2.25432511796937,2.25432511796936,7.87499767436298));
#11381=CARTESIAN_POINT('Ctrl Pts',(1.32055308010813,3.1880971558306,7.95312267436298));
#11382=CARTESIAN_POINT('Ctrl Pts',(0.,3.1880971558306,8.03124767436298));
#11383=CARTESIAN_POINT('Ctrl Pts',(-1.32055308010813,3.1880971558306,8.10937267436298));
#11384=CARTESIAN_POINT('Ctrl Pts',(-2.25432511796937,2.25432511796936,8.18749767436298));
#11385=CARTESIAN_POINT('Ctrl Pts',(-3.18809715583061,1.32055308010812,8.26562267436298));
#11386=CARTESIAN_POINT('Ctrl Pts',(-3.18809715583061,-8.9176895876876E-15,
8.34374767436298));
#11387=CARTESIAN_POINT('Ctrl Pts',(-3.18809715583061,-1.32055308010814,
8.42187267436298));
#11388=CARTESIAN_POINT('Ctrl Pts',(-2.25432511796937,-2.25432511796938,
8.49999767436298));
#11389=CARTESIAN_POINT('Ctrl Pts',(-1.32055308010813,-3.18809715583062,
8.57812267436297));
#11390=CARTESIAN_POINT('Ctrl Pts',(-3.90429297725874E-16,-3.18809715583062,
8.65624767436298));
#11391=CARTESIAN_POINT('Ctrl Pts',(1.32055308010813,-3.18809715583062,8.73437267436297));
#11392=CARTESIAN_POINT('Ctrl Pts',(2.25432511796937,-2.25432511796938,8.81249767436298));
#11393=CARTESIAN_POINT('Ctrl Pts',(3.18809715583061,-1.32055308010814,8.89062267436298));
#11394=CARTESIAN_POINT('Ctrl Pts',(3.18809715583061,-9.69854818313935E-15,
8.96874767436298));
#11395=CARTESIAN_POINT('Ctrl Pts',(3.18809715583061,1.32055308010812,9.04687267436298));
#11396=CARTESIAN_POINT('Ctrl Pts',(2.25432511796937,2.25432511796936,9.12499767436298));
#11397=CARTESIAN_POINT('Ctrl Pts',(1.32055308010813,3.1880971558306,9.20312267436298));
#11398=CARTESIAN_POINT('Ctrl Pts',(0.,3.1880971558306,9.28124767436298));
#11399=CARTESIAN_POINT('Ctrl Pts',(-1.32055308010813,3.1880971558306,9.35937267436298));
#11400=CARTESIAN_POINT('Ctrl Pts',(-2.25432511796937,2.25432511796936,9.43749767436298));
#11401=CARTESIAN_POINT('Ctrl Pts',(-3.18809715583061,1.32055308010812,9.51562267436298));
#11402=CARTESIAN_POINT('Ctrl Pts',(-3.18809715583061,-8.9176895876876E-15,
9.59374767436298));
#11403=CARTESIAN_POINT('Ctrl Pts',(-3.18809715583061,-1.32055308010814,
9.67187267436298));
#11404=CARTESIAN_POINT('Ctrl Pts',(-2.25432511796937,-2.25432511796938,
9.74999767436298));
#11405=CARTESIAN_POINT('Ctrl Pts',(-1.32055308010813,-3.18809715583062,
9.82812267436298));
#11406=CARTESIAN_POINT('Ctrl Pts',(-3.90429297725874E-16,-3.18809715583062,
9.90624767436298));
#11407=CARTESIAN_POINT('Ctrl Pts',(1.32055308010813,-3.18809715583062,9.98437267436298));
#11408=CARTESIAN_POINT('Ctrl Pts',(2.25432511796937,-2.25432511796938,10.062497674363));
#11409=CARTESIAN_POINT('Ctrl Pts',(3.18809715583061,-1.32055308010814,10.140622674363));
#11410=CARTESIAN_POINT('Ctrl Pts',(3.18809715583061,-9.69854818313935E-15,
10.218747674363));
#11411=CARTESIAN_POINT('Ctrl Pts',(3.18809715583061,1.32055308010812,10.296872674363));
#11412=CARTESIAN_POINT('Ctrl Pts',(2.25432511796937,2.25432511796936,10.374997674363));
#11413=CARTESIAN_POINT('Ctrl Pts',(1.32055308010813,3.1880971558306,10.453122674363));
#11414=CARTESIAN_POINT('Ctrl Pts',(0.,3.1880971558306,10.531247674363));
#11415=CARTESIAN_POINT('Ctrl Pts',(-1.32055308010813,3.1880971558306,10.609372674363));
#11416=CARTESIAN_POINT('Ctrl Pts',(-2.25432511796937,2.25432511796936,10.687497674363));
#11417=CARTESIAN_POINT('Ctrl Pts',(-3.18809715583061,1.32055308010812,10.765622674363));
#11418=CARTESIAN_POINT('Ctrl Pts',(-3.18809715583061,-8.9176895876876E-15,
10.843747674363));
#11419=CARTESIAN_POINT('Ctrl Pts',(-3.18809715583061,-1.32055308010814,
10.921872674363));
#11420=CARTESIAN_POINT('Ctrl Pts',(-2.25432511796937,-2.25432511796938,
10.999997674363));
#11421=CARTESIAN_POINT('Ctrl Pts',(-1.32055308010813,-3.18809715583062,
11.078122674363));
#11422=CARTESIAN_POINT('Ctrl Pts',(-3.90429297725874E-16,-3.18809715583062,
11.156247674363));
#11423=CARTESIAN_POINT('Ctrl Pts',(1.32055308010813,-3.18809715583062,11.234372674363));
#11424=CARTESIAN_POINT('Ctrl Pts',(2.25432511796937,-2.25432511796938,11.312497674363));
#11425=CARTESIAN_POINT('Ctrl Pts',(3.18809715583061,-1.32055308010814,11.390622674363));
#11426=CARTESIAN_POINT('Ctrl Pts',(3.18809715583061,-9.69854818313935E-15,
11.468747674363));
#11427=CARTESIAN_POINT('Ctrl Pts',(3.18809715583061,1.32055308010812,11.546872674363));
#11428=CARTESIAN_POINT('Ctrl Pts',(2.25432511796937,2.25432511796936,11.624997674363));
#11429=CARTESIAN_POINT('Ctrl Pts',(1.32055308010813,3.1880971558306,11.703122674363));
#11430=CARTESIAN_POINT('Ctrl Pts',(0.,3.1880971558306,11.781247674363));
#11431=CARTESIAN_POINT('Origin',(-0.166002646542589,0.310825115307128,-18.9994862318507));
#11432=CARTESIAN_POINT('Origin',(0.,-2.81892564846231E-15,-19.));
#11433=CARTESIAN_POINT('',(0.,0.,0.));
#11434=CARTESIAN_POINT('Origin',(-45.0000006705523,50.0000007450581,69.9999999999996));
#11435=CARTESIAN_POINT('',(-33.0000006705523,50.0000007450581,71.9999999999996));
#11436=CARTESIAN_POINT('Origin',(-45.0000006705523,50.0000007450581,71.9999999999996));
#11437=CARTESIAN_POINT('',(-35.0000006705523,50.0000007450581,69.9999999999996));
#11438=CARTESIAN_POINT('Origin',(-33.0000006705523,50.0000007450581,69.9999999999996));
#11439=CARTESIAN_POINT('Origin',(-45.0000006705523,50.0000007450581,69.9999999999996));
#11440=CARTESIAN_POINT('Origin',(-45.0000006705523,50.0000007450581,56.9999999999996));
#11441=CARTESIAN_POINT('',(-35.0000006705523,50.0000007450581,62.2826862335205));
#11442=CARTESIAN_POINT('',(-35.0000006705523,50.0000007450581,56.9999999999996));
#11443=CARTESIAN_POINT('',(-35.0669004325089,48.8452195272587,61.9999999999996));
#11444=CARTESIAN_POINT('Ctrl Pts',(-35.0000006705523,50.0000007450581,62.2826862335205));
#11445=CARTESIAN_POINT('Ctrl Pts',(-35.0000006705523,49.6846713132,62.2826862335205));
#11446=CARTESIAN_POINT('Ctrl Pts',(-35.0164091681034,49.3492241055168,62.2193946610956));
#11447=CARTESIAN_POINT('Ctrl Pts',(-35.0524778492436,48.9746772205856,62.0639001993507));
#11448=CARTESIAN_POINT('Ctrl Pts',(-35.0594696377967,48.909137114059,62.0332884005138));
#11449=CARTESIAN_POINT('Ctrl Pts',(-35.0669004325089,48.8452195272587,61.9999999999996));
#11450=CARTESIAN_POINT('',(-35.0669004325089,51.1547819628574,61.9999999999996));
#11451=CARTESIAN_POINT('Origin',(-45.0000006705523,50.0000007450581,61.9999999999996));
#11452=CARTESIAN_POINT('Ctrl Pts',(-35.0669004325089,51.1547819628574,61.9999999999996));
#11453=CARTESIAN_POINT('Ctrl Pts',(-35.0594696377967,51.0908643760571,62.0332884005138));
#11454=CARTESIAN_POINT('Ctrl Pts',(-35.0524778492436,51.0253242695305,62.0639001993506));
#11455=CARTESIAN_POINT('Ctrl Pts',(-35.0164091681034,50.6507773845993,62.2193946610956));
#11456=CARTESIAN_POINT('Ctrl Pts',(-35.0000006705523,50.3153301769162,62.2826862335205));
#11457=CARTESIAN_POINT('Ctrl Pts',(-35.0000006705523,50.0000007450581,62.2826862335205));
#11458=CARTESIAN_POINT('Origin',(-45.0000006705523,50.0000007450581,71.9999999999996));
#11459=CARTESIAN_POINT('',(-32.5000006705523,50.0000007450581,71.9999999999996));
#11460=CARTESIAN_POINT('Origin',(-45.0000006705523,50.0000007450581,71.9999999999996));
#11461=CARTESIAN_POINT('Origin',(-37.5000006705523,50.0000007450581,59.7826862335205));
#11462=CARTESIAN_POINT('',(-32.5000006705523,50.0000007450581,62.2826862335205));
#11463=CARTESIAN_POINT('',(-32.5000006705523,50.0000007450581,57.2826862335205));
#11464=CARTESIAN_POINT('Ctrl Pts',(-32.5000006705523,50.0000007450581,62.2826862335205));
#11465=CARTESIAN_POINT('Ctrl Pts',(-32.5000006705523,50.3148124836116,62.2826862335205));
#11466=CARTESIAN_POINT('Ctrl Pts',(-32.5130959543752,50.6500340102627,62.2195975891101));
#11467=CARTESIAN_POINT('Ctrl Pts',(-32.5604169917557,51.2657378980521,61.9641970873824));
#11468=CARTESIAN_POINT('Ctrl Pts',(-32.5939922295943,51.5462893066708,61.7719315778405));
#11469=CARTESIAN_POINT('Ctrl Pts',(-32.6572735430039,51.9892585005383,61.328962383973));
#11470=CARTESIAN_POINT('Ctrl Pts',(-32.691146900733,52.181514289179,61.0484162460956));
#11471=CARTESIAN_POINT('Ctrl Pts',(-32.7391537550911,52.4369077356796,60.4327306764252));
#11472=CARTESIAN_POINT('Ctrl Pts',(-32.7525519566364,52.5000007450581,60.097515613429));
#11473=CARTESIAN_POINT('Ctrl Pts',(-32.7525519566364,52.5000007450581,59.467856853612));
#11474=CARTESIAN_POINT('Ctrl Pts',(-32.7391537550911,52.4369077356796,59.1326417906158));
#11475=CARTESIAN_POINT('Ctrl Pts',(-32.691146900733,52.181514289179,58.5169562209454));
#11476=CARTESIAN_POINT('Ctrl Pts',(-32.6572735430039,51.9892585005383,58.236410083068));
#11477=CARTESIAN_POINT('Ctrl Pts',(-32.5939922295943,51.5462893066708,57.7934408892005));
#11478=CARTESIAN_POINT('Ctrl Pts',(-32.5604169917557,51.2657378980521,57.6011753796586));
#11479=CARTESIAN_POINT('Ctrl Pts',(-32.5130959543752,50.6500340102627,57.3457748779309));
#11480=CARTESIAN_POINT('Ctrl Pts',(-32.5000006705523,50.3148124836116,57.2826862335205));
#11481=CARTESIAN_POINT('Ctrl Pts',(-32.5000006705523,50.0000007450581,57.2826862335205));
#11482=CARTESIAN_POINT('',(-32.7525519566364,47.5000007450581,59.7826862335205));
#11483=CARTESIAN_POINT('Ctrl Pts',(-32.7525519566364,47.5000007450581,59.7826862335205));
#11484=CARTESIAN_POINT('Ctrl Pts',(-32.7525519566364,47.5000007450581,60.097515613429));
#11485=CARTESIAN_POINT('Ctrl Pts',(-32.7391537550911,47.5630937544365,60.4327306764252));
#11486=CARTESIAN_POINT('Ctrl Pts',(-32.691146900733,47.8184872009371,61.0484162460956));
#11487=CARTESIAN_POINT('Ctrl Pts',(-32.6572735430039,48.0107429895778,61.328962383973));
#11488=CARTESIAN_POINT('Ctrl Pts',(-32.5939922295943,48.4537121834453,61.7719315778405));
#11489=CARTESIAN_POINT('Ctrl Pts',(-32.5604169917557,48.734263592064,61.9641970873824));
#11490=CARTESIAN_POINT('Ctrl Pts',(-32.5130959543752,49.3499674798534,62.2195975891101));
#11491=CARTESIAN_POINT('Ctrl Pts',(-32.5000006705523,49.6851890065046,62.2826862335205));
#11492=CARTESIAN_POINT('Ctrl Pts',(-32.5000006705523,50.0000007450581,62.2826862335205));
#11493=CARTESIAN_POINT('',(-37.9289328586868,47.5000007450581,59.7826862335205));
#11494=CARTESIAN_POINT('',(-37.5000006705523,47.5000007450581,59.7826862335205));
#11495=CARTESIAN_POINT('',(-37.5894352171595,48.8452195272587,61.9999999999996));
#11496=CARTESIAN_POINT('Ctrl Pts',(-37.5894352171595,48.8452195272587,61.9999999999996));
#11497=CARTESIAN_POINT('Ctrl Pts',(-37.6254305918018,48.6142267853482,61.8796985416139));
#11498=CARTESIAN_POINT('Ctrl Pts',(-37.669340870716,48.4052802518576,61.7234996462528));
#11499=CARTESIAN_POINT('Ctrl Pts',(-37.7648285303948,48.0115745450588,61.329793939454));
#11500=CARTESIAN_POINT('Ctrl Pts',(-37.8226746386464,47.8196184759922,61.0503191834148));
#11501=CARTESIAN_POINT('Ctrl Pts',(-37.9054337133741,47.563774896886,60.4351911671793));
#11502=CARTESIAN_POINT('Ctrl Pts',(-37.9289328586868,47.5000007450581,60.0993013845402));
#11503=CARTESIAN_POINT('Ctrl Pts',(-37.9289328586868,47.5000007450581,59.7826862335205));
#11504=CARTESIAN_POINT('',(-37.5000006705523,48.8452195272587,61.9999999999996));
#11505=CARTESIAN_POINT('',(-37.5894352171595,51.1547819628574,61.9999999999996));
#11506=CARTESIAN_POINT('',(-37.5000006705523,51.1547819628574,61.9999999999996));
#11507=CARTESIAN_POINT('',(-37.5000006705523,50.0000007450581,57.2826862335205));
#11508=CARTESIAN_POINT('Ctrl Pts',(-37.5000006705523,50.0000007450581,57.2826862335205));
#11509=CARTESIAN_POINT('Ctrl Pts',(-37.5000006705523,50.3164690497265,57.2826862335205));
#11510=CARTESIAN_POINT('Ctrl Pts',(-37.5219947219659,50.6524160881102,57.3464251815129));
#11511=CARTESIAN_POINT('Ctrl Pts',(-37.6014082822938,51.2676952749516,57.6023275182291));
#11512=CARTESIAN_POINT('Ctrl Pts',(-37.6578178951602,51.5472107929206,57.7943623754503));
#11513=CARTESIAN_POINT('Ctrl Pts',(-37.7648285303948,51.9884269450573,58.235578527587));
#11514=CARTESIAN_POINT('Ctrl Pts',(-37.8226746386464,52.1803830141239,58.5150532836263));
#11515=CARTESIAN_POINT('Ctrl Pts',(-37.9054337133741,52.4362265932301,59.1301812998617));
#11516=CARTESIAN_POINT('Ctrl Pts',(-37.9289328586868,52.5000007450581,59.4660710825008));
#11517=CARTESIAN_POINT('Ctrl Pts',(-37.9289328586868,52.5000007450581,60.0993013845402));
#11518=CARTESIAN_POINT('Ctrl Pts',(-37.9054337133741,52.4362265932301,60.4351911671793));
#11519=CARTESIAN_POINT('Ctrl Pts',(-37.8226746386464,52.1803830141239,61.0503191834147));
#11520=CARTESIAN_POINT('Ctrl Pts',(-37.7648285303948,51.9884269450573,61.329793939454));
#11521=CARTESIAN_POINT('Ctrl Pts',(-37.6693408706894,51.594721238149,61.7234996463623));
#11522=CARTESIAN_POINT('Ctrl Pts',(-37.6254305918621,51.3857747051545,61.8796985414125));
#11523=CARTESIAN_POINT('Ctrl Pts',(-37.5894352171595,51.1547819628574,61.9999999999996));
#11524=CARTESIAN_POINT('Ctrl Pts',(-37.9289328586868,47.5000007450581,59.7826862335205));
#11525=CARTESIAN_POINT('Ctrl Pts',(-37.9289328586868,47.5000007450581,59.4660710825008));
#11526=CARTESIAN_POINT('Ctrl Pts',(-37.9054337133741,47.563774896886,59.1301812998617));
#11527=CARTESIAN_POINT('Ctrl Pts',(-37.8226746386464,47.8196184759922,58.5150532836263));
#11528=CARTESIAN_POINT('Ctrl Pts',(-37.7648285303948,48.0115745450588,58.235578527587));
#11529=CARTESIAN_POINT('Ctrl Pts',(-37.6578178951602,48.4527906971955,57.7943623754503));
#11530=CARTESIAN_POINT('Ctrl Pts',(-37.6014082822938,48.7323062151646,57.6023275182291));
#11531=CARTESIAN_POINT('Ctrl Pts',(-37.5219947219659,49.3475854020059,57.3464251815129));
#11532=CARTESIAN_POINT('Ctrl Pts',(-37.5000006705523,49.6835324403897,57.2826862335205));
#11533=CARTESIAN_POINT('Ctrl Pts',(-37.5000006705523,50.0000007450581,57.2826862335205));
#11534=CARTESIAN_POINT('Ctrl Pts',(-32.5000006705523,50.0000007450581,57.2826862335205));
#11535=CARTESIAN_POINT('Ctrl Pts',(-32.5000006705523,49.6851890065046,57.2826862335205));
#11536=CARTESIAN_POINT('Ctrl Pts',(-32.5130959543752,49.3499674798534,57.3457748779309));
#11537=CARTESIAN_POINT('Ctrl Pts',(-32.5604169917557,48.734263592064,57.6011753796586));
#11538=CARTESIAN_POINT('Ctrl Pts',(-32.5939922295943,48.4537121834453,57.7934408892005));
#11539=CARTESIAN_POINT('Ctrl Pts',(-32.6572735430039,48.0107429895778,58.236410083068));
#11540=CARTESIAN_POINT('Ctrl Pts',(-32.691146900733,47.8184872009371,58.5169562209454));
#11541=CARTESIAN_POINT('Ctrl Pts',(-32.7391537550911,47.5630937544365,59.1326417906158));
#11542=CARTESIAN_POINT('Ctrl Pts',(-32.7525519566364,47.5000007450581,59.467856853612));
#11543=CARTESIAN_POINT('Ctrl Pts',(-32.7525519566364,47.5000007450581,59.7826862335205));
#11544=CARTESIAN_POINT('Origin',(-45.0000006705523,50.0000007450581,56.9999999999996));
#11545=CARTESIAN_POINT('',(-32.5000006705523,50.0000007450581,56.9999999999996));
#11546=CARTESIAN_POINT('',(-32.5000006705523,50.0000007450581,57.));
#11547=CARTESIAN_POINT('',(-32.5000006705523,50.0000007450581,56.9999999999996));
#11548=CARTESIAN_POINT('',(-45.0000006705523,62.5,57.));
#11549=CARTESIAN_POINT('Origin',(-45.0000006705523,50.0000007450581,57.));
#11550=CARTESIAN_POINT('',(-45.0000006705523,37.5,57.));
#11551=CARTESIAN_POINT('Origin',(-45.0000006705523,50.0000007450581,57.));
#11552=CARTESIAN_POINT('Origin',(-45.0000006705523,50.0000007450581,57.));
#11553=CARTESIAN_POINT('Origin',(-40.5,62.5,57.));
#11554=CARTESIAN_POINT('',(-51.5,62.5,57.));
#11555=CARTESIAN_POINT('',(-40.5,62.5,57.));
#11556=CARTESIAN_POINT('',(-59.5,54.5,57.));
#11557=CARTESIAN_POINT('Origin',(-51.5,54.5,57.));
#11558=CARTESIAN_POINT('',(-59.5,45.5,57.));
#11559=CARTESIAN_POINT('',(-59.5,62.5,57.));
#11560=CARTESIAN_POINT('',(-51.5,37.5,57.));
#11561=CARTESIAN_POINT('Origin',(-51.5,45.5,57.));
#11562=CARTESIAN_POINT('',(-40.5,37.5,57.));
#11563=CARTESIAN_POINT('Origin',(-40.5,62.5,57.));
#11564=CARTESIAN_POINT('',(-38.5,37.5,57.));
#11565=CARTESIAN_POINT('',(-40.5,37.5,57.));
#11566=CARTESIAN_POINT('',(-30.5,45.5,57.));
#11567=CARTESIAN_POINT('Origin',(-38.5,45.5,57.));
#11568=CARTESIAN_POINT('',(-30.5,54.5,57.));
#11569=CARTESIAN_POINT('',(-30.5,62.5,57.));
#11570=CARTESIAN_POINT('',(-38.5,62.5,57.));
#11571=CARTESIAN_POINT('Origin',(-38.5,54.5,57.));
#11572=CARTESIAN_POINT('',(-40.5,62.5,57.));
#11573=CARTESIAN_POINT('Origin',(-45.0000006705523,50.0000007450581,56.9999999999996));
#11574=CARTESIAN_POINT('',(-37.5000006705523,50.0000007450581,56.9999999999996));
#11575=CARTESIAN_POINT('',(-37.5000006705523,50.0000007450581,56.9999999999996));
#11576=CARTESIAN_POINT('Origin',(-45.0000006705523,50.0000007450581,57.));
#11577=CARTESIAN_POINT('Origin',(-45.0000006705523,50.0000007450581,61.9999999999996));
#11578=CARTESIAN_POINT('Origin',(-45.0000006705523,50.0000007450581,61.9999999999996));
#11579=CARTESIAN_POINT('Origin',(-49.5,37.5,47.));
#11580=CARTESIAN_POINT('',(-49.5,62.5,47.));
#11581=CARTESIAN_POINT('',(-49.5,37.5,47.));
#11582=CARTESIAN_POINT('',(-49.5,43.75,47.));
#11583=CARTESIAN_POINT('',(-40.5,62.5,47.));
#11584=CARTESIAN_POINT('',(-49.5,62.5,47.));
#11585=CARTESIAN_POINT('',(-40.5,37.5,47.));
#11586=CARTESIAN_POINT('',(-40.5,43.75,47.));
#11587=CARTESIAN_POINT('',(-49.5,37.5,47.));
#11588=CARTESIAN_POINT('Origin',(-51.5,45.5,46.375));
#11589=CARTESIAN_POINT('',(-59.5,45.5,27.));
#11590=CARTESIAN_POINT('',(-59.5,45.5,46.375));
#11591=CARTESIAN_POINT('',(-51.5,37.5,27.));
#11592=CARTESIAN_POINT('Origin',(-51.5,45.5,27.));
#11593=CARTESIAN_POINT('',(-51.5,37.5,46.375));
#11594=CARTESIAN_POINT('Ctrl Pts',(-51.5,37.5,27.));
#11595=CARTESIAN_POINT('Ctrl Pts',(-51.5,37.5,14.5));
#11596=CARTESIAN_POINT('Ctrl Pts',(-51.5,50.,14.5));
#11597=CARTESIAN_POINT('Ctrl Pts',(-51.5,62.5,14.5));
#11598=CARTESIAN_POINT('Ctrl Pts',(-51.5,62.5,27.));
#11599=CARTESIAN_POINT('Ctrl Pts',(-59.5,37.5,27.));
#11600=CARTESIAN_POINT('Ctrl Pts',(-59.5,37.5,14.5));
#11601=CARTESIAN_POINT('Ctrl Pts',(-59.5,50.,14.5));
#11602=CARTESIAN_POINT('Ctrl Pts',(-59.5,62.5,14.5));
#11603=CARTESIAN_POINT('Ctrl Pts',(-59.5,62.5,27.));
#11604=CARTESIAN_POINT('Ctrl Pts',(-59.5,45.5,27.));
#11605=CARTESIAN_POINT('Ctrl Pts',(-59.5,45.5,22.5));
#11606=CARTESIAN_POINT('Ctrl Pts',(-59.5,50.,22.5));
#11607=CARTESIAN_POINT('Ctrl Pts',(-59.5,54.5,22.5));
#11608=CARTESIAN_POINT('Ctrl Pts',(-59.5,54.5,27.));
#11609=CARTESIAN_POINT('',(-51.5,62.5,27.));
#11610=CARTESIAN_POINT('',(-59.5,54.5,27.));
#11611=CARTESIAN_POINT('Origin',(-51.5,54.5,27.));
#11612=CARTESIAN_POINT('Origin',(-51.5,50.,27.));
#11613=CARTESIAN_POINT('Origin',(-59.5,50.,27.));
#11614=CARTESIAN_POINT('Origin',(-51.5,54.5,31.375));
#11615=CARTESIAN_POINT('',(-51.5,62.5,31.375));
#11616=CARTESIAN_POINT('',(-59.5,54.5,31.375));
#11617=CARTESIAN_POINT('Origin',(-59.5,50.,35.75));
#11618=CARTESIAN_POINT('',(-59.5,46.,27.));
#11619=CARTESIAN_POINT('Origin',(-59.5,50.,27.));
#11620=CARTESIAN_POINT('Origin',(-49.5,50.,27.));
#11621=CARTESIAN_POINT('',(-49.5,46.,27.));
#11622=CARTESIAN_POINT('',(-49.5,46.,27.));
#11623=CARTESIAN_POINT('Origin',(-49.5,50.,27.));
#11624=CARTESIAN_POINT('Origin',(-49.5,50.,27.));
#11625=CARTESIAN_POINT('',(-49.5,62.5,27.));
#11626=CARTESIAN_POINT('',(-49.5,62.5,27.));
#11627=CARTESIAN_POINT('',(-49.5,37.5,27.));
#11628=CARTESIAN_POINT('Origin',(-49.5,50.,27.));
#11629=CARTESIAN_POINT('',(-49.5,37.5,27.));
#11630=CARTESIAN_POINT('Origin',(-49.5,50.,35.75));
#11631=CARTESIAN_POINT('',(-49.5,37.5,57.));
#11632=CARTESIAN_POINT('',(-49.5,62.5,27.));
#11633=CARTESIAN_POINT('Origin',(-38.5,45.5,46.375));
#11634=CARTESIAN_POINT('',(-38.5,37.5,27.));
#11635=CARTESIAN_POINT('',(-38.5,37.5,46.375));
#11636=CARTESIAN_POINT('',(-30.5,45.5,27.));
#11637=CARTESIAN_POINT('Origin',(-38.5,45.5,27.));
#11638=CARTESIAN_POINT('',(-30.5,45.5,46.375));
#11639=CARTESIAN_POINT('Ctrl Pts',(-38.5,37.5,27.));
#11640=CARTESIAN_POINT('Ctrl Pts',(-38.5,37.5,14.5));
#11641=CARTESIAN_POINT('Ctrl Pts',(-38.5,50.,14.5));
#11642=CARTESIAN_POINT('Ctrl Pts',(-38.5,62.5,14.5));
#11643=CARTESIAN_POINT('Ctrl Pts',(-38.5,62.5,27.));
#11644=CARTESIAN_POINT('Ctrl Pts',(-30.5,37.5,27.));
#11645=CARTESIAN_POINT('Ctrl Pts',(-30.5,37.5,14.5));
#11646=CARTESIAN_POINT('Ctrl Pts',(-30.5,50.,14.5));
#11647=CARTESIAN_POINT('Ctrl Pts',(-30.5,62.5,14.5));
#11648=CARTESIAN_POINT('Ctrl Pts',(-30.5,62.5,27.));
#11649=CARTESIAN_POINT('Ctrl Pts',(-30.5,45.5,27.));
#11650=CARTESIAN_POINT('Ctrl Pts',(-30.5,45.5,22.5));
#11651=CARTESIAN_POINT('Ctrl Pts',(-30.5,50.,22.5));
#11652=CARTESIAN_POINT('Ctrl Pts',(-30.5,54.5,22.5));
#11653=CARTESIAN_POINT('Ctrl Pts',(-30.5,54.5,27.));
#11654=CARTESIAN_POINT('',(-38.5,62.5,27.));
#11655=CARTESIAN_POINT('',(-30.5,54.5,27.));
#11656=CARTESIAN_POINT('Origin',(-38.5,54.5,27.));
#11657=CARTESIAN_POINT('Origin',(-30.5,50.,27.));
#11658=CARTESIAN_POINT('Origin',(-38.5,50.,27.));
#11659=CARTESIAN_POINT('Origin',(-38.5,54.5,31.375));
#11660=CARTESIAN_POINT('',(-30.5,54.5,31.375));
#11661=CARTESIAN_POINT('',(-38.5,62.5,31.375));
#11662=CARTESIAN_POINT('Origin',(-30.5,50.,35.75));
#11663=CARTESIAN_POINT('',(-30.5,46.,27.));
#11664=CARTESIAN_POINT('Origin',(-30.5,50.,27.));
#11665=CARTESIAN_POINT('Origin',(-40.5,50.,27.));
#11666=CARTESIAN_POINT('',(-40.5,46.,27.));
#11667=CARTESIAN_POINT('',(-40.5,46.,27.));
#11668=CARTESIAN_POINT('Origin',(-40.5,50.,27.));
#11669=CARTESIAN_POINT('Origin',(-40.5,37.5,57.));
#11670=CARTESIAN_POINT('',(-40.5,37.5,27.));
#11671=CARTESIAN_POINT('',(-40.5,37.5,57.));
#11672=CARTESIAN_POINT('',(-40.5,37.5,27.));
#11673=CARTESIAN_POINT('Origin',(-40.5,62.5,57.));
#11674=CARTESIAN_POINT('Origin',(-40.5,62.5,27.));
#11675=CARTESIAN_POINT('',(-40.5,62.5,27.));
#11676=CARTESIAN_POINT('',(-40.5,62.5,27.));
#11677=CARTESIAN_POINT('',(-40.5,62.5,27.));
#11678=CARTESIAN_POINT('Origin',(-40.5,50.,27.));
#11679=CARTESIAN_POINT('Origin',(-40.5,50.,27.));
#11680=CARTESIAN_POINT('Origin',(-40.5,50.,35.75));
#11681=CARTESIAN_POINT('',(0.,0.,0.));
#11682=CARTESIAN_POINT('Origin',(0.,80.,12.));
#11683=CARTESIAN_POINT('',(0.,80.,12.));
#11684=CARTESIAN_POINT('',(-90.,80.,12.));
#11685=CARTESIAN_POINT('',(-22.5,80.,12.));
#11686=CARTESIAN_POINT('',(0.,80.,8.));
#11687=CARTESIAN_POINT('',(-2.22044604925031E-15,80.,6.));
#11688=CARTESIAN_POINT('',(-90.,80.,8.));
#11689=CARTESIAN_POINT('',(-90.,80.,8.));
#11690=CARTESIAN_POINT('',(-90.,80.,6.));
#11691=CARTESIAN_POINT('Origin',(-45.,120.,8.));
#11692=CARTESIAN_POINT('',(0.,140.,8.));
#11693=CARTESIAN_POINT('',(0.,70.,8.));
#11694=CARTESIAN_POINT('',(-20.,160.,8.));
#11695=CARTESIAN_POINT('Origin',(-20.,140.,8.));
#11696=CARTESIAN_POINT('',(-70.,160.,8.));
#11697=CARTESIAN_POINT('',(-32.5,160.,8.));
#11698=CARTESIAN_POINT('',(-90.,140.,8.));
#11699=CARTESIAN_POINT('Origin',(-70.,140.,8.));
#11700=CARTESIAN_POINT('',(-90.,130.,8.));
#11701=CARTESIAN_POINT('Origin',(-2.22044604925031E-15,20.,0.));
#11702=CARTESIAN_POINT('',(0.,20.,12.));
#11703=CARTESIAN_POINT('',(-2.22044604925031E-15,140.,12.));
#11704=CARTESIAN_POINT('',(0.,20.,0.));
#11705=CARTESIAN_POINT('',(0.,20.,0.));
#11706=CARTESIAN_POINT('',(-2.22044604925031E-15,140.,0.));
#11707=CARTESIAN_POINT('',(-2.22044604925031E-15,140.,0.));
#11708=CARTESIAN_POINT('',(-2.22044604925031E-15,140.,0.));
#11709=CARTESIAN_POINT('Origin',(-45.,80.,12.));
#11710=CARTESIAN_POINT('',(-90.,20.,12.));
#11711=CARTESIAN_POINT('',(-90.,20.,12.));
#11712=CARTESIAN_POINT('',(-70.,-2.22044604925031E-15,12.));
#11713=CARTESIAN_POINT('Origin',(-70.,20.,12.));
#11714=CARTESIAN_POINT('',(-20.,0.,12.));
#11715=CARTESIAN_POINT('',(-20.,0.,12.));
#11716=CARTESIAN_POINT('Origin',(-20.,20.,12.));
#11717=CARTESIAN_POINT('',(-41.5,65.,12.));
#11718=CARTESIAN_POINT('',(-41.5,35.,12.));
#11719=CARTESIAN_POINT('',(-41.5,57.5,12.));
#11720=CARTESIAN_POINT('',(-48.5,35.,12.));
#11721=CARTESIAN_POINT('',(-46.75,35.,12.));
#11722=CARTESIAN_POINT('',(-48.5,65.,12.));
#11723=CARTESIAN_POINT('',(-48.5,72.5,12.));
#11724=CARTESIAN_POINT('',(-43.25,65.,12.));
#11725=CARTESIAN_POINT('Origin',(-90.,140.,0.));
#11726=CARTESIAN_POINT('',(-90.,140.,0.));
#11727=CARTESIAN_POINT('',(-90.,140.,0.));
#11728=CARTESIAN_POINT('',(-90.,20.,0.));
#11729=CARTESIAN_POINT('',(-90.,20.,0.));
#11730=CARTESIAN_POINT('',(-90.,20.,0.));
#11731=CARTESIAN_POINT('Origin',(-48.5,50.,27.));
#11732=CARTESIAN_POINT('',(-41.5,39.,27.));
#11733=CARTESIAN_POINT('Origin',(-41.5,50.,27.));
#11734=CARTESIAN_POINT('',(-48.5,39.,27.));
#11735=CARTESIAN_POINT('',(-48.5,39.,27.));
#11736=CARTESIAN_POINT('Origin',(-48.5,50.,27.));
#11737=CARTESIAN_POINT('Origin',(-41.5,35.,12.));
#11738=CARTESIAN_POINT('',(-41.5,35.,27.));
#11739=CARTESIAN_POINT('',(-41.5,65.,27.));
#11740=CARTESIAN_POINT('Origin',(-41.5,50.,27.));
#11741=CARTESIAN_POINT('',(-41.5,35.,12.));
#11742=CARTESIAN_POINT('',(-41.5,65.,12.));
#11743=CARTESIAN_POINT('Origin',(-46.75,50.,27.));
#11744=CARTESIAN_POINT('',(-48.5,65.,27.));
#11745=CARTESIAN_POINT('',(-43.25,65.,27.));
#11746=CARTESIAN_POINT('',(-48.5,35.,27.));
#11747=CARTESIAN_POINT('Origin',(-48.5,50.,27.));
#11748=CARTESIAN_POINT('',(-46.75,35.,27.));
#11749=CARTESIAN_POINT('Origin',(-48.5,35.,12.));
#11750=CARTESIAN_POINT('',(-48.5,35.,12.));
#11751=CARTESIAN_POINT('Origin',(-48.5,65.,12.));
#11752=CARTESIAN_POINT('',(-48.5,65.,12.));
#11753=CARTESIAN_POINT('Origin',(-41.5,65.,12.));
#11754=CARTESIAN_POINT('Origin',(-70.,140.,0.));
#11755=CARTESIAN_POINT('',(-70.,160.,0.));
#11756=CARTESIAN_POINT('',(-70.,160.,0.));
#11757=CARTESIAN_POINT('Origin',(-70.,140.,0.));
#11758=CARTESIAN_POINT('Origin',(-20.,160.,0.));
#11759=CARTESIAN_POINT('',(-20.,160.,0.));
#11760=CARTESIAN_POINT('',(-20.,160.,0.));
#11761=CARTESIAN_POINT('',(-70.,160.,0.));
#11762=CARTESIAN_POINT('Origin',(-20.,140.,0.));
#11763=CARTESIAN_POINT('Origin',(-20.,140.,0.));
#11764=CARTESIAN_POINT('Origin',(-20.,20.,0.));
#11765=CARTESIAN_POINT('',(-20.,0.,0.));
#11766=CARTESIAN_POINT('Origin',(-20.,20.,0.));
#11767=CARTESIAN_POINT('',(-20.,0.,0.));
#11768=CARTESIAN_POINT('Origin',(-70.,0.,0.));
#11769=CARTESIAN_POINT('',(-70.,-2.22044604925031E-15,0.));
#11770=CARTESIAN_POINT('',(-20.,0.,0.));
#11771=CARTESIAN_POINT('',(-70.,-2.22044604925031E-15,0.));
#11772=CARTESIAN_POINT('Origin',(-70.,20.,0.));
#11773=CARTESIAN_POINT('Origin',(-70.,20.,0.));
#11774=CARTESIAN_POINT('Origin',(-45.,80.,0.));
#11775=CARTESIAN_POINT('',(0.,0.,0.));
#11776=CARTESIAN_POINT('Origin',(50.,50.,115.));
#11777=CARTESIAN_POINT('',(40.,50.,115.));
#11778=CARTESIAN_POINT('Origin',(50.,50.,115.));
#11779=CARTESIAN_POINT('',(41.5,50.,115.));
#11780=CARTESIAN_POINT('Origin',(50.,50.,115.));
#11781=CARTESIAN_POINT('Origin',(50.,50.,58.5));
#11782=CARTESIAN_POINT('',(41.5,50.,0.));
#11783=CARTESIAN_POINT('',(41.5,50.,58.5));
#11784=CARTESIAN_POINT('Origin',(50.,50.,0.));
#11785=CARTESIAN_POINT('Origin',(50.,50.,75.));
#11786=CARTESIAN_POINT('',(40.,50.,0.));
#11787=CARTESIAN_POINT('',(40.,50.,75.));
#11788=CARTESIAN_POINT('Origin',(50.,50.,0.));
#11789=CARTESIAN_POINT('Origin',(50.,50.,0.));
#11790=CARTESIAN_POINT('',(-44.65,50.,27.));
#11791=CARTESIAN_POINT('',(-47.6087310601229,50.,27.));
#11792=CARTESIAN_POINT('',(0.,0.,0.));
#11793=CARTESIAN_POINT('',(0.,0.,0.));
#11794=CARTESIAN_POINT('',(-95.0000006705523,7.45058336970583E-7,61.9999999999996));
#11795=CARTESIAN_POINT('Origin',(0.,0.,0.));
#11796=UNCERTAINTY_MEASURE_WITH_UNIT(LENGTH_MEASURE(0.01),#11810,
'DISTANCE_ACCURACY_VALUE',
'Maximum model space distance between geometric entities at asserted c
onnectivities');
#11797=UNCERTAINTY_MEASURE_WITH_UNIT(LENGTH_MEASURE(0.01),#11810,
'DISTANCE_ACCURACY_VALUE',
'Maximum model space distance between geometric entities at asserted c
onnectivities');
#11798=UNCERTAINTY_MEASURE_WITH_UNIT(LENGTH_MEASURE(0.01),#11810,
'DISTANCE_ACCURACY_VALUE',
'Maximum model space distance between geometric entities at asserted c
onnectivities');
#11799=UNCERTAINTY_MEASURE_WITH_UNIT(LENGTH_MEASURE(0.01),#11810,
'DISTANCE_ACCURACY_VALUE',
'Maximum model space distance between geometric entities at asserted c
onnectivities');
#11800=UNCERTAINTY_MEASURE_WITH_UNIT(LENGTH_MEASURE(0.01),#11810,
'DISTANCE_ACCURACY_VALUE',
'Maximum model space distance between geometric entities at asserted c
onnectivities');
#11801=UNCERTAINTY_MEASURE_WITH_UNIT(LENGTH_MEASURE(0.01),#11810,
'DISTANCE_ACCURACY_VALUE',
'Maximum model space distance between geometric entities at asserted c
onnectivities');
#11802=UNCERTAINTY_MEASURE_WITH_UNIT(LENGTH_MEASURE(0.01),#11810,
'DISTANCE_ACCURACY_VALUE',
'Maximum model space distance between geometric entities at asserted c
onnectivities');
#11803=(
GEOMETRIC_REPRESENTATION_CONTEXT(3)
GLOBAL_UNCERTAINTY_ASSIGNED_CONTEXT((#11796))
GLOBAL_UNIT_ASSIGNED_CONTEXT((#11810,#11812,#11813))
REPRESENTATION_CONTEXT('','3D')
);
#11804=(
GEOMETRIC_REPRESENTATION_CONTEXT(3)
GLOBAL_UNCERTAINTY_ASSIGNED_CONTEXT((#11797))
GLOBAL_UNIT_ASSIGNED_CONTEXT((#11810,#11812,#11813))
REPRESENTATION_CONTEXT('','3D')
);
#11805=(
GEOMETRIC_REPRESENTATION_CONTEXT(3)
GLOBAL_UNCERTAINTY_ASSIGNED_CONTEXT((#11798))
GLOBAL_UNIT_ASSIGNED_CONTEXT((#11810,#11812,#11813))
REPRESENTATION_CONTEXT('','3D')
);
#11806=(
GEOMETRIC_REPRESENTATION_CONTEXT(3)
GLOBAL_UNCERTAINTY_ASSIGNED_CONTEXT((#11799))
GLOBAL_UNIT_ASSIGNED_CONTEXT((#11810,#11812,#11813))
REPRESENTATION_CONTEXT('','3D')
);
#11807=(
GEOMETRIC_REPRESENTATION_CONTEXT(3)
GLOBAL_UNCERTAINTY_ASSIGNED_CONTEXT((#11800))
GLOBAL_UNIT_ASSIGNED_CONTEXT((#11810,#11812,#11813))
REPRESENTATION_CONTEXT('','3D')
);
#11808=(
GEOMETRIC_REPRESENTATION_CONTEXT(3)
GLOBAL_UNCERTAINTY_ASSIGNED_CONTEXT((#11801))
GLOBAL_UNIT_ASSIGNED_CONTEXT((#11810,#11812,#11813))
REPRESENTATION_CONTEXT('','3D')
);
#11809=(
GEOMETRIC_REPRESENTATION_CONTEXT(3)
GLOBAL_UNCERTAINTY_ASSIGNED_CONTEXT((#11802))
GLOBAL_UNIT_ASSIGNED_CONTEXT((#11810,#11812,#11813))
REPRESENTATION_CONTEXT('','3D')
);
#11810=(
LENGTH_UNIT()
NAMED_UNIT(*)
SI_UNIT(.MILLI.,.METRE.)
);
#11811=(
LENGTH_UNIT()
NAMED_UNIT(*)
SI_UNIT($,.METRE.)
);
#11812=(
NAMED_UNIT(*)
PLANE_ANGLE_UNIT()
SI_UNIT($,.RADIAN.)
);
#11813=(
NAMED_UNIT(*)
SI_UNIT($,.STERADIAN.)
SOLID_ANGLE_UNIT()
);
#11814=SHAPE_DEFINITION_REPRESENTATION(#11820,#11831);
#11815=SHAPE_DEFINITION_REPRESENTATION(#11821,#11832);
#11816=SHAPE_DEFINITION_REPRESENTATION(#11822,#11833);
#11817=SHAPE_DEFINITION_REPRESENTATION(#11823,#11834);
#11818=SHAPE_DEFINITION_REPRESENTATION(#11824,#11835);
#11819=SHAPE_DEFINITION_REPRESENTATION(#11825,#11836);
#11820=PRODUCT_DEFINITION_SHAPE('',$,#11838);
#11821=PRODUCT_DEFINITION_SHAPE('',$,#11839);
#11822=PRODUCT_DEFINITION_SHAPE('',$,#11840);
#11823=PRODUCT_DEFINITION_SHAPE('',$,#11841);
#11824=PRODUCT_DEFINITION_SHAPE('',$,#11842);
#11825=PRODUCT_DEFINITION_SHAPE('',$,#11843);
#11826=PRODUCT_DEFINITION_SHAPE($,$,#29);
#11827=PRODUCT_DEFINITION_SHAPE($,$,#30);
#11828=PRODUCT_DEFINITION_SHAPE($,$,#31);
#11829=PRODUCT_DEFINITION_SHAPE($,$,#32);
#11830=PRODUCT_DEFINITION_SHAPE($,$,#33);
#11831=SHAPE_REPRESENTATION('',(#4219,#4735,#4736,#4737,#4738,#4739),#11803);
#11832=SHAPE_REPRESENTATION('',(#4220),#11804);
#11833=SHAPE_REPRESENTATION('',(#4555),#11805);
#11834=SHAPE_REPRESENTATION('',(#4641),#11806);
#11835=SHAPE_REPRESENTATION('',(#4695),#11807);
#11836=SHAPE_REPRESENTATION('',(#4726),#11808);
#11837=PRODUCT_DEFINITION_CONTEXT('part definition',#11857,'design');
#11838=PRODUCT_DEFINITION('Tren+Inferior','Tren+Inferior',#11844,#11837);
#11839=PRODUCT_DEFINITION('5972K91_Steel Ball Bearing',
'5972K91_Steel Ball Bearing',#11845,#11837);
#11840=PRODUCT_DEFINITION(
'90035A234_High-Strength A286 Stainless Steel Socket Head Screw',
'90035A234_High-Strength A286 Stainless Steel Socket Head Screw',#11846,
#11837);
#11841=PRODUCT_DEFINITION('Tobillo','Tobillo',#11847,#11837);
#11842=PRODUCT_DEFINITION('Pie','Pie',#11848,#11837);
#11843=PRODUCT_DEFINITION('Tibia','Tibia',#11849,#11837);
#11844=PRODUCT_DEFINITION_FORMATION('',$,#11859);
#11845=PRODUCT_DEFINITION_FORMATION('',$,#11860);
#11846=PRODUCT_DEFINITION_FORMATION('',$,#11861);
#11847=PRODUCT_DEFINITION_FORMATION('',$,#11862);
#11848=PRODUCT_DEFINITION_FORMATION('',$,#11863);
#11849=PRODUCT_DEFINITION_FORMATION('',$,#11864);
#11850=PRODUCT_RELATED_PRODUCT_CATEGORY('Tren+Inferior','Tren+Inferior',
(#11859));
#11851=PRODUCT_RELATED_PRODUCT_CATEGORY('5972K91_Steel Ball Bearing',
'5972K91_Steel Ball Bearing',(#11860));
#11852=PRODUCT_RELATED_PRODUCT_CATEGORY(
'90035A234_High-Strength A286 Stainless Steel Socket Head Screw',
'90035A234_High-Strength A286 Stainless Steel Socket Head Screw',(#11861));
#11853=PRODUCT_RELATED_PRODUCT_CATEGORY('Tobillo','Tobillo',(#11862));
#11854=PRODUCT_RELATED_PRODUCT_CATEGORY('Pie','Pie',(#11863));
#11855=PRODUCT_RELATED_PRODUCT_CATEGORY('Tibia','Tibia',(#11864));
#11856=APPLICATION_PROTOCOL_DEFINITION('international standard',
'automotive_design',2009,#11857);
#11857=APPLICATION_CONTEXT(
'Core Data for Automotive Mechanical Design Process');
#11858=PRODUCT_CONTEXT('part definition',#11857,'mechanical');
#11859=PRODUCT('Tren+Inferior','Tren+Inferior',$,(#11858));
#11860=PRODUCT('5972K91_Steel Ball Bearing',
'5972K91_Steel Ball Bearing',$,(#11858));
#11861=PRODUCT(
'90035A234_High-Strength A286 Stainless Steel Socket Head Screw',
'90035A234_High-Strength A286 Stainless Steel Socket Head Screw',$,(#11858));
#11862=PRODUCT('Tobillo','Tobillo',$,(#11858));
#11863=PRODUCT('Pie','Pie',$,(#11858));
#11864=PRODUCT('Tibia','Tibia',$,(#11858));
#11865=PRESENTATION_STYLE_ASSIGNMENT((#11868));
#11866=PRESENTATION_STYLE_ASSIGNMENT((#11869));
#11867=PRESENTATION_STYLE_ASSIGNMENT((NULL_STYLE(.NULL.)));
#11868=SURFACE_STYLE_USAGE(.BOTH.,#11870);
#11869=SURFACE_STYLE_USAGE(.BOTH.,#11871);
#11870=SURFACE_SIDE_STYLE('',(#11872));
#11871=SURFACE_SIDE_STYLE('',(#11873));
#11872=SURFACE_STYLE_FILL_AREA(#11874);
#11873=SURFACE_STYLE_FILL_AREA(#11875);
#11874=FILL_AREA_STYLE('Superficie - Mate',(#11876));
#11875=FILL_AREA_STYLE('ABS (blanco)',(#11877));
#11876=FILL_AREA_STYLE_COLOUR('Superficie - Mate',#11878);
#11877=FILL_AREA_STYLE_COLOUR('ABS (blanco)',#11879);
#11878=COLOUR_RGB('Superficie - Mate',0.701960784313725,0.701960784313725,
0.701960784313725);
#11879=COLOUR_RGB('ABS (blanco)',0.964705882352941,0.964705882352941,0.952941176470588);
ENDSEC;
END-ISO-10303-21;
